SKU,Nombre,Categoria,Fuente,Imagen local,URL fuente,Producto fuente,Estado
prod-50030,Veterinario Credelio Cats 1 comprimido Lotilaner 12 mg,Veterinaria,,,,,sin coincidencia segura
prod-50034,Veterinario Credelio Lotilaner 225 mg,Veterinaria,,,,,sin coincidencia segura
prod-50033,"Veterinario Credelio Lotilaner 112,5 mg",Veterinaria,,,,,sin coincidencia segura
prod-50032,"Veterinario Credelio Lotilaner 56,25 mg",Veterinaria,,,,,sin coincidencia segura
prod-49913,Veterinario Dermisolona 20 mg 10 comprimidos (Prednisolona 20 mg),Veterinaria,,,,,sin coincidencia segura
prod-50036,Veterinario Credelio Lotilaner 900 mg,Veterinaria,,,,,sin coincidencia segura
prod-40013,"Veterinario Dermisolona 0,4% jarabe 30 ml (Prednisolona 4 mg/1000 ml)",Veterinaria,,,,,sin coincidencia segura
prod-35643,Veterinario Doximicin 100 mg 30 comprimidos (Doxiciclina),Veterinaria,,,,,sin coincidencia segura
prod-50031,Veterinario Credelio Cats Lotilaner 48 mg,Veterinaria,,,,,sin coincidencia segura
prod-49914,"Veterinario Meloxivet Gatos (Meloxicam 0,5 mg)",Veterinaria,,,,,sin coincidencia segura
prod-49924,Veterinario Fibrinopet 300 mg 10 comprimidos (Papaina 300 mg),Veterinaria,,,,,sin coincidencia segura
prod-23764,Veterinario Rostrum 150 mg 10 comprimidos (Enrofloxacino),Veterinaria,,,,,sin coincidencia segura
prod-50192,Veterinario Laxavet Gel x 40 g (Malta 47 mg),Veterinaria,,,,,sin coincidencia segura
prod-37309,Veterinario Rostrum suspensión oral 20 ml (Enrofloxacino),Veterinaria,,,,,sin coincidencia segura
prod-49198,Aartam bioequivalente comprimidos recubiertos 500 mg 20 (Metronidazol 500 mg),Medicamentos,,,,,sin coincidencia segura
prod-49927,Veterinario Hemolivet 10 comprimidos (Vitaminas 24 mg),Veterinaria,,,,,sin coincidencia segura
prod-15561,"3M Micropore 2,5cm 9,1M con Piel",Accesorios,,,,,sin coincidencia segura
prod-50146,"Veterinario Trihepat jarabe 100 ml (Colina 1/1, Metionina 1/1, Silimarina 1/1)",Veterinaria,,,,,sin coincidencia segura
prod-38316,Aceite De Coco 250 ml (Ace De Coco 250 ml),Cuidado familiar,,,,,sin coincidencia segura
prod-39300,Aciclovir crema 5% 15 g l Chile,Medicamentos,,,,,sin coincidencia segura
prod-9541,Acetazolamida 250 mg 20 comprimidos,Medicamentos,Dr. Simi,/products/importadas/prod-9541-acetazolamida-250-mg-20-comprimidos-dr-simi.jpg,https://farmaciasdeldrsimicl.vteximg.com.br/arquivos/ids/155861/BE0238-1.jpg?v=637964771450670000,Acetazolamida 250 mg 20 comprimidos,descargada
prod-49854,Aceite De Coco x 30 ml Green Med,Cuidado familiar,,,,,sin coincidencia segura
prod-49184,Aciclovir bioequivalente comprimidos 400 mg 35,Medicamentos,Dr. Simi,/products/importadas/prod-49184-aciclovir-bioequivalente-comprimidos-400-mg-35-dr-simi.jpg,https://farmaciasdeldrsimicl.vteximg.com.br/arquivos/ids/155468/4.jpg?v=638911245775730000,Aciclovir 400 mg 35 comprimidos,descargada
prod-49320,Aciclovir crema 5% 15 g Hosp,Medicamentos,Dr. Simi,/products/importadas/prod-49320-aciclovir-crema-5-15-g-hosp-dr-simi.jpg,https://farmaciasdeldrsimicl.vteximg.com.br/arquivos/ids/160803/CA0167-01-HOSPIFARMA.jpg?v=639160243864230000,Aciclovir 5 % crema dérmica 15 g,descargada
prod-49306,Ácido Mefenamico 500 mg 10 comprimidos Curae,Medicamentos,Dr. Simi,/products/importadas/prod-49306-acido-mefenamico-500-mg-10-comprimidos-curae-dr-simi.jpg,https://farmaciasdeldrsimicl.vteximg.com.br/arquivos/ids/159664/Acido-Mefenamico-246-1_.jpg?v=638948353048500000,Ácido mefenámico 500 mg 10 comprimidos,descargada
prod-27155,"Acifin 10 comprimidos Masticables (Magaldrate 480 mg, Simeticona 100 mg)",Medicamentos,,,,,sin coincidencia segura
prod-49365,Adrisin comprimidos sublingual 50,Homeopatía,,,,,sin coincidencia segura
prod-5780,"Agua Del Carmen 40 ml (Clavo Olor 13 mg, Limon 113 mg, Melisa 113 mg, Menta 104 mg)",Medicamentos,,,,,sin coincidencia segura
prod-4876,"Aerogastrol 20 cápsulas (Clordiazepoxido 5 mg, Metoclopramida 5 mg, Simeticona 100 mg)",Medicamentos,Dr. Simi,/products/importadas/prod-4876-aerogastrol-20-capsulas-clordiazepoxido-5-mg-metoclopramida-5-mg-simeticona--dr-simi.jpg,https://farmaciasdeldrsimicl.vteximg.com.br/arquivos/ids/155445/CH5477-1.jpg?v=638664172895100000,Aerogastrol 20 cápsulas,descargada
prod-49527,Aguja Des Hipodermica 25GX 5/8 1 Un,Accesorios,,,,,sin coincidencia segura
prod-17141,Aerocamara Universal Ad/Es Sil,Medicamentos,Dr. Simi,/products/importadas/prod-17141-aerocamara-universal-ad-es-sil-dr-simi.jpg,https://farmaciasdeldrsimicl.vteximg.com.br/arquivos/ids/157126/CH7347-1.jpg?v=638012015345530000,Aerocámara del Dr. Simi 1 unidad,descargada
prod-34599,Ácido Acetilsalicilico 100 mg 100 comprimidos Pasteur,Medicamentos,Dr. Simi,/products/importadas/prod-34599-acido-acetilsalicilico-100-mg-100-comprimidos-pasteur-dr-simi.jpg,https://farmaciasdeldrsimicl.vteximg.com.br/arquivos/ids/155474/AR2190-1.jpg?v=638948343408730000,Ácido acetilsalicílico 100 mg 100 comprimidos masticables,descargada
prod-50010,Aguja Hipodermica 23 g x 1 Unidad,Accesorios,Dr. Simi,/products/importadas/prod-50010-aguja-hipodermica-23-g-x-1-unidad-dr-simi.jpg,https://farmaciasdeldrsimicl.vteximg.com.br/arquivos/ids/157722/CH9020.jpg?v=638664230228100000,Jeringa desechable con aguja 3 mL 1 unidad,descargada
prod-49746,Aguja Pt Lapiz 32GX 5/32 1 Un,Accesorios,,,,,sin coincidencia segura
prod-41453,Aguja Hipodermica 21GX 1-1/2,Accesorios,,,,,sin coincidencia segura
prod-49763,Alcohol Desn 70° Santepharma 250 ml,Accesorios,,,,,sin coincidencia segura
prod-50190,Alcohol 70% Isopropilico Spray x 290 Cc Difem (Dm),Accesorios,,,,,sin coincidencia segura
prod-49697,Alcohol Gel Neutro 70% 60CC,Higiene,,,,,sin coincidencia segura
prod-40179,Alflorex 30 cápsulas (Probioticos 1 mg),Medicamentos,,,,,sin coincidencia segura
prod-36007,"Alerpriv jarabe 2,5 mg/5 ml 100 ml Levocetirizina",Medicamentos,,,,,sin coincidencia segura
prod-50045,Alervit Forte x 60 Cápsulas (Vitalab) (Jengibre 1/1),Cuidado familiar,,,,,sin coincidencia segura
prod-50081,Alcohol Pad,Higiene,,,,,sin coincidencia segura
prod-35577,"All Out Piojos Locion + Peine (Ciclometicona, Dimeticona, Miristato De Isopropilo)",Dermocosmética,,,,,sin coincidencia segura
prod-12322,Algodon Corriente 50 g,Medicamentos,Dr. Simi,/products/importadas/prod-12322-algodon-corriente-50-g-dr-simi.jpg,https://farmaciasdeldrsimicl.vteximg.com.br/arquivos/ids/155546/954-1.jpg?v=637964770368030000,Algodón hidrofilo americano  50 g,descargada
prod-10042,"Alprazolam 0,5 mg 30 comprimidos",Medicamentos,,,,,sin coincidencia segura
prod-49837,"Aloe Vera Gel 1LT Sab Maracuya Spring Life (Aloe Vera 0,09%)",Medicamentos,,,,,sin coincidencia segura
prod-49534,"Aloe Sup Alimentario 30 cápsulas (Aloina 0,05 mg, Calcio 0,062 g, Magnesio 0,05 g)",Medicamentos,Dr. Simi,/products/importadas/prod-49534-aloe-sup-alimentario-30-capsulas-aloina-0-05-mg-calcio-0-062-g-magnesio-0-05-dr-simi.jpg,https://farmaciasdeldrsimicl.vteximg.com.br/arquivos/ids/155537/653-1.jpg?v=637964770334530000,Simivitaminas suplemento alimentario con vitaminas y minerales 30 cápsulas,descargada
prod-49657,"Ambilan Bid Forte 800/57 (Ácido Clavulanico 57 mg, Amoxicilina 800 mg)",Medicamentos,,,,,sin coincidencia segura
prod-32188,Always Ultra Fina M S 24 Un,Dermocosmética,,,,,sin coincidencia segura
prod-50111,Ambrosoli Dfulces Frutas 100 Un,Cuidado familiar,,,,,sin coincidencia segura
prod-29652,Ammen Col 210 ml + Col 75 ml,Dermocosmética,,,,,sin coincidencia segura
prod-21706,Amobiotic 1 g 20 comprimidos (Amoxicilina 1000 mg),Medicamentos,,,,,sin coincidencia segura
prod-7305,Amoval 1 g 14 comprimidos (Amoxicilina 1000 mg),Medicamentos,,,,,sin coincidencia segura
prod-49958,Amoxicilina 500 mg + Ácido Clavulanico 125 mg,Medicamentos,,,,,sin coincidencia segura
prod-49322,Amlodipino 10 mg comprimidos Pasteur,Medicamentos,,,,,sin coincidencia segura
prod-33717,Amlodipino 5 mg 30 comprimidos Mintlab,Medicamentos,,,,,sin coincidencia segura
prod-39038,Amoxicilina 500 mg 21 cápsulas (Bioequivalente)mintlab,Medicamentos,,,,,sin coincidencia segura
prod-49199,Amoxici Sus 250 mg/5 ml 60M (Amoxicilina 250 mg/5 ml),Medicamentos,Dr. Simi,/products/importadas/prod-49199-amoxici-sus-250-mg-5-ml-60m-amoxicilina-250-mg-5-ml-dr-simi.jpg,https://farmaciasdeldrsimicl.vteximg.com.br/arquivos/ids/159715/Amoxicilina_polvo_para_suspension_oral_250_mg_5_ml_front.jpg?v=638936263359600000,Amoxicilina 250 mg/5 mL polvo para suspensión oral 60 mL,descargada
prod-49200,Amoxicilina Sus 500 mg 60*,Medicamentos,Dr. Simi,/products/importadas/prod-49200-amoxicilina-sus-500-mg-60-dr-simi.jpg,https://farmaciasdeldrsimicl.vteximg.com.br/arquivos/ids/156968/CH0009.jpg?v=638012014791100000,Amoxicilina 500 mg/5 mL polvo para suspensión oral 60 mL,descargada
prod-50203,Amoxicilina/Ácido Clavulanico 875/125 mg,Medicamentos,,,,,sin coincidencia segura
prod-49675,Anfebutamona 300 mg 30 comprimidos,Medicamentos,Dr. Simi,/products/importadas/prod-49675-anfebutamona-300-mg-30-comprimidos-dr-simi.jpg,https://farmaciasdeldrsimicl.vteximg.com.br/arquivos/ids/159516/Fotos-Web-Ecommerce-copia_0001_Butrino-XL-BE0303-1.jpg?v=638991788334030000,Butrino XL anfebutamona 300 mg 30 comprimidos recubiertos de liberación prolongada,descargada
prod-49605,"Angeliq 28 comprimidos (Drospirenona 2 mg, Estradiol 1 mg)",Medicamentos,,,,,sin coincidencia segura
prod-49849,Amoxicilina/Ácido Clavulanico 875/125 mg 14 comprimidos,Medicamentos,,,,,sin coincidencia segura
prod-29908,"Antiax 6 comprimidos (Magaldrate 480 mg, Simeticona 100 mg)",Medicamentos,Dr. Simi,/products/importadas/prod-29908-antiax-6-comprimidos-magaldrate-480-mg-simeticona-100-mg-dr-simi.jpg,https://farmaciasdeldrsimicl.vteximg.com.br/arquivos/ids/156694/CH6034-1.jpg?v=637964774421230000,Antiax simeticona 100 mg magaldrato 480 mg 6 comprimidos masticables,descargada
prod-48592,"Apivit Inf comprimidos Mast 30 (Propoleo, Sucralosa)",Cuidado familiar,,,,,sin coincidencia segura
prod-28240,"Apeticat jarabe 100 ml (L-carnitina 1,6 g)",Veterinaria,,,,,sin coincidencia segura
prod-46502,Anzap comprimidos recubiertos 10 mg 30 (Olanzapina 10 mg),Medicamentos,Dr. Simi,/products/importadas/prod-46502-anzap-comprimidos-recubiertos-10-mg-30-olanzapina-10-mg-dr-simi.jpg,https://farmaciasdeldrsimicl.vteximg.com.br/arquivos/ids/156941/BE0145.jpg?v=638012014696630000,Olanvitae olanzapina 10 mg 28 comprimidos recubiertos,descargada
prod-34723,Aposito Hidrocoloide 10X 10CM 1 Un,Medicamentos,,,,,sin coincidencia segura
prod-49556,Apetipet jarabe 100 ml (L-carnitina 5 g),Veterinaria,,,,,sin coincidencia segura
prod-49901,Aposito Gasa + Algodón 10X 10 Cm,Medicamentos,,,,,sin coincidencia segura
prod-50120,Aquafresh Pasta Triple Protection 95 g,Dermocosmética,,,,,sin coincidencia segura
prod-16260,Aqua Flex Cep Norm/Suave 2X 1,Dermocosmética,,,,,sin coincidencia segura
prod-28102,"Aposito Transparente 10,12cm",Medicamentos,,,,,sin coincidencia segura
prod-50194,Aposito Hidrogel Tubo x 15 g (Dm),Medicamentos,,,,,sin coincidencia segura
prod-49283,Aquafresh Pasta Triple Protection 158 g,Dermocosmética,,,,,sin coincidencia segura
prod-33404,Aquaf l Teeth Cep Suave 3-5A,Dermocosmética,,,,,sin coincidencia segura
prod-32380,"Arama Artrosome C + D 30 Sob (Ácido Ascorbico, Colageno Hidrolizado, Vitamina D)",Homeopatía,,,,,sin coincidencia segura
prod-39257,Aquaphor Pomada Rep 55 ml Eucerin,Dermocosmética,,,,,sin coincidencia segura
prod-39333,Arama Broxul jarabe 120 ml,Medicamentos,,,,,sin coincidencia segura
prod-46264,Aquarius Manz 0%AZ sin g 500,Medicamentos,,,,,sin coincidencia segura
prod-46265,Aquarius Pera 0%AZ sin g 500,Medicamentos,,,,,sin coincidencia segura
prod-49334,Aripiprazol 5 mg 30 comprimidos Alembic,Medicamentos,,,,,sin coincidencia segura
prod-38970,Arama Melatonina 3 mg 30 cápsulas,Homeopatía,,,,,sin coincidencia segura
prod-49492,Arama Circalife Melatonina gotas,Medicamentos,,,,,sin coincidencia segura
prod-6473,Arama Vitamina E 400 UI 30 cápsulas,Homeopatía,,,,,sin coincidencia segura
prod-49601,Aripiprazol 10 mg 30 comprimidos bioequivalente,Medicamentos,Dr. Simi,/products/importadas/prod-49601-aripiprazol-10-mg-30-comprimidos-bioequivalente-dr-simi.jpg,https://farmaciasdeldrsimicl.vteximg.com.br/arquivos/ids/160176/BE0108-1.jpg?v=638987219367200000,Aripiprazol 10 mg 30 comprimidos,descargada
prod-29960,Arnica Gel 100 g Green,Medicamentos,,,,,sin coincidencia segura
prod-50025,Arnika D 6 90 comprimidos (Arnica 2 mg),Homeopatía,,,,,sin coincidencia segura
prod-50161,Arenaria Compuesta,Homeopatía,Dr. Simi,/products/importadas/prod-50161-arenaria-compuesta-dr-simi.jpg,https://farmaciasdeldrsimicl.vteximg.com.br/arquivos/ids/156259/CH5566-1.jpg?v=637964772878200000,Arenaria compuesta solución gotas orales 30 mL,descargada
prod-22440,Arnikaderm Gel 50 g (Arnica 10%),Homeopatía,,,,,sin coincidencia segura
prod-16123,Armonyl Noche con Manzanilla gotas,Medicamentos,,,,,sin coincidencia segura
prod-16478,Asepxia Spot Gel Secante (Ácido Salicilico 2%),Dermocosmética,,,,,sin coincidencia segura
prod-49201,Atorvast bioequivalente comprimidos recubiertos 10MG 30 (Atorvastatina 10 mg),Medicamentos,Dr. Simi,/products/importadas/prod-49201-atorvast-bioequivalente-comprimidos-recubiertos-10mg-30-atorvastatina-10-mg-dr-simi.jpg,https://farmaciasdeldrsimicl.vteximg.com.br/arquivos/ids/159123/AR2015-1V1.jpg?v=639074524445330000,Atorvastatina 10 mg 30 comprimidos recubiertos,descargada
prod-49202,Atorvast bioequivalente comprimidos recubiertos 20MG 30 (Atorvastatina 20 mg),Medicamentos,Dr. Simi,/products/importadas/prod-49202-atorvast-bioequivalente-comprimidos-recubiertos-20mg-30-atorvastatina-20-mg-dr-simi.jpg,https://farmaciasdeldrsimicl.vteximg.com.br/arquivos/ids/157944/FOTOS-WEB-ECOMMERCE_0031_AR2016-1.jpg?v=638664351286330000,Atorvastatina 20 mg 30 comprimidos recubiertos,descargada
prod-49304,Atorvastatina 10 mg 60 comprimidos (bioequivalente) Msn,Medicamentos,,,,,sin coincidencia segura
prod-30966,Aspirina Forte 650 mg 80 comprimidos (Ácido Acetilsalicilico 650 mg),Medicamentos,,,,,sin coincidencia segura
prod-49705,Atorvastatina 80 mg 30 comprimidos (Chile),Medicamentos,Dr. Simi,/products/importadas/prod-49705-atorvastatina-80-mg-30-comprimidos-chile-dr-simi.jpg,https://farmaciasdeldrsimicl.vteximg.com.br/arquivos/ids/159784/BE0272-1---LAB-CHILE.jpg?v=638943628022630000,Atorvastatina 80 mg 30 comprimidos recubiertos,descargada
prod-49291,Axe Desp 48 H Frag + Fresc A/P Sec 95 g,Dermocosmética,,,,,sin coincidencia segura
prod-49210,Atorvastatina comprimidos 10 mg x 30 Opko (bioequivalente),Medicamentos,,,,,sin coincidencia segura
prod-45361,Axe Desp Marin A/P Sec 95 g,Dermocosmética,,,,,sin coincidencia segura
prod-39827,Azatioprina 50 mg 100 comprimidos (Bioequivalente)ascend,Medicamentos,,,,,sin coincidencia segura
prod-45360,Axe Desp Musk A/P Sec 95 g,Dermocosmética,,,,,sin coincidencia segura
prod-49190,Azitromic Sus 200 mg 30 ml (Azitromicina 200 mg/5 ml),Medicamentos,Dr. Simi,/products/importadas/prod-49190-azitromic-sus-200-mg-30-ml-azitromicina-200-mg-5-ml-dr-simi.jpg,https://farmaciasdeldrsimicl.vteximg.com.br/arquivos/ids/157090/CH7082-1.jpg?v=638012015219870000,Azitromicina 200 mg/5 mL polvo para suspensión oral 30 mL,descargada
prod-49546,"B Complex Sup Alim 60 cápsulas (Biotina 22,5ug, Vitaminas B 1/1)",Medicamentos,Dr. Simi,/products/importadas/prod-49546-b-complex-sup-alim-60-capsulas-biotina-22-5ug-vitaminas-b-1-1-dr-simi.jpg,https://farmaciasdeldrsimicl.vteximg.com.br/arquivos/ids/156247/CH5543-1.jpg?v=637964772832030000,Complejo B 60 cápsulas,descargada
prod-39967,Babyland Col Lila 210 ml,Dermocosmética,,,,,sin coincidencia segura
prod-39962,Babyland Col Rosada 210 ml,Dermocosmética,,,,,sin coincidencia segura
prod-39087,Babyland Col Pink 260 ml,Dermocosmética,,,,,sin coincidencia segura
prod-33737,B House Little Princ/Princess Mord Prn 007,Medicamentos,,,,,sin coincidencia segura
prod-7884,Babyland Emulsionad 270 ml,Dermocosmética,,,,,sin coincidencia segura
prod-7901,Babyland Talquera Rec 200 g,Dermocosmética,,,,,sin coincidencia segura
prod-7885,Babyland Emulsionad 410 ml,Dermocosmética,,,,,sin coincidencia segura
prod-34694,Bacitracina Neomicina ungüento 15 g Hospifarma,Dermocosmética,,,,,sin coincidencia segura
prod-7900,Babyland Talquera Rec 100 g,Dermocosmética,,,,,sin coincidencia segura
prod-30965,Bacitracina Neomicina ungüento 15 g Mintlab,Dermocosmética,,,,,sin coincidencia segura
prod-7886,Babyland Emulsionad 700 ml,Dermocosmética,,,,,sin coincidencia segura
prod-29811,"Bagomigral 2,5 mg (Naratrip) 2 comprimidos (Naratriptan 2,5 mg)",Medicamentos,,,,,sin coincidencia segura
prod-47374,Bentley Anill Vib D/Ple 1,Medicamentos,Dr. Simi,/products/importadas/prod-47374-bentley-anill-vib-d-ple-1-dr-simi.jpg,https://farmaciasdeldrsimicl.vteximg.com.br/arquivos/ids/157881/FOTOS-WEB-ECOMMERCE_0003_CH5127-1.jpg?v=638664956531300000,Bentley anillo vibrador 3 velocidades,descargada
prod-49555,Bentley Bala Vib,Accesorios,Dr. Simi,/products/importadas/prod-49555-bentley-bala-vib-dr-simi.jpg,https://farmaciasdeldrsimicl.vteximg.com.br/arquivos/ids/157881/FOTOS-WEB-ECOMMERCE_0003_CH5127-1.jpg?v=638664956531300000,Bentley anillo vibrador 3 velocidades,descargada
prod-49495,"Bd Ag Ins 4MMX 0,23mm 5/32X 32 g 1 Un",Accesorios,,,,,sin coincidencia segura
prod-21870,"Bentley Gel Lubricante 50 g (Agua Purificada, Glicerina, Metilparabeno, Propilenglicol, Urea)",Medicamentos,Dr. Simi,/products/importadas/prod-21870-bentley-gel-lubricante-50-g-agua-purificada-glicerina-metilparabeno-propilen-dr-simi.jpg,https://farmaciasdeldrsimicl.vteximg.com.br/arquivos/ids/160536/CH7472-01.jpg?v=639119639848030000,Bentley Classic lubricante íntimo 50 g,descargada
prod-20424,Ballerina Jab Liq crema Humec 350 ml,Dermocosmética,,,,,sin coincidencia segura
prod-49507,Bepanthol Pomada Regeneradora 30 g,Dermocosmética,Dr. Simi,/products/importadas/prod-49507-bepanthol-pomada-regeneradora-30-g-dr-simi.png,https://farmaciasdeldrsimicl.vteximg.com.br/arquivos/ids/158079/FOTOS-WEB-ECOMMERCE_0005_CH6147-1.png?v=639074524701900000,Bepanthol pomada regeneradora 30 g,descargada
prod-40616,Bepanthol ungüento 50 g (Dexpantenol),Dermocosmética,,,,,sin coincidencia segura
prod-45460,"Betacort Cass 0,5 mg/ml 30 (Betametasona 0,5 mg/1 ml)",Medicamentos,,,,,sin coincidencia segura
prod-41110,Bentley Gel Lub Climax Cont 50 g,Medicamentos,Dr. Simi,/products/importadas/prod-41110-bentley-gel-lub-climax-cont-50-g-dr-simi.jpg,https://farmaciasdeldrsimicl.vteximg.com.br/arquivos/ids/160536/CH7472-01.jpg?v=639119639848030000,Bentley Classic lubricante íntimo 50 g,descargada
prod-1500,Betametasona/Neomicina ungüento 10 g Chile,Dermocosmética,,,,,sin coincidencia segura
prod-34094,"Betavol suspensión Iny 1 ml (Betametasona (Como Dipropionato) 5 mg/1 ml, Betametasona (Como Fosfato Disodico) 2 mg/1 ml)",Medicamentos,Dr. Simi,/products/importadas/prod-34094-betavol-suspension-iny-1-ml-betametasona-como-dipropionato-5-mg-1-ml-betamet-dr-simi.jpg,https://farmaciasdeldrsimicl.vteximg.com.br/arquivos/ids/157368/CH6067-1200X1200PX.jpg?v=638189467919770000,Betavol betametasona dipropionato 5 mg/mL betametasona fosfato disodico 2 mg/mL ampolla suspensión inyectable 1 mL,descargada
prod-15690,Bevitex gotas 5 mg/ml 20 ml (Pargeverina Clorhidrato 5 mg/1 ml),Cuidado familiar,Dr. Simi,/products/importadas/prod-15690-bevitex-gotas-5-mg-ml-20-ml-pargeverina-clorhidrato-5-mg-1-ml-dr-simi.jpg,https://farmaciasdeldrsimicl.vteximg.com.br/arquivos/ids/156424/CH5807-1.jpg?v=637964773460370000,Bevitex forte pargeverina 10 mg/mL solución para gotas orales 20 mL,descargada
prod-15691,Bevitex Forte gotas 10 mg/ml 20 ml (Pargeverina Clorhidrato 10 mg/1 ml),Cuidado familiar,Dr. Simi,/products/importadas/prod-15691-bevitex-forte-gotas-10-mg-ml-20-ml-pargeverina-clorhidrato-10-mg-1-ml-dr-simi.jpg,https://farmaciasdeldrsimicl.vteximg.com.br/arquivos/ids/156424/CH5807-1.jpg?v=637964773460370000,Bevitex forte pargeverina 10 mg/mL solución para gotas orales 20 mL,descargada
prod-47367,"Bevitex Compuest gotas 30 ml (Metamizol 300 mg/1 ml, Pargeverina Clorhidrato 5 mg/1 ml)",Cuidado familiar,Dr. Simi,/products/importadas/prod-47367-bevitex-compuest-gotas-30-ml-metamizol-300-mg-1-ml-pargeverina-clorhidrato-5-dr-simi.jpg,https://farmaciasdeldrsimicl.vteximg.com.br/arquivos/ids/156545/CH5909-1.jpg?v=637964773899400000,Bevitex compuesto pargeverina 6 mg/mL metamizol 300 mg/mL solución para gotas orales 30 mL,descargada
prod-49303,"Betametasona crema 0,05% 15 g Curae",Medicamentos,,,,,sin coincidencia segura
prod-32486,Bicarbonato Sodio Pote 100 g Valma,Medicamentos,,,,,sin coincidencia segura
prod-29308,"Bilaten D 16/12,5 x 30 comprimidos (Candesartan 16 mg, Hidroclorotiazida 12,5 mg)",Medicamentos,,,,,sin coincidencia segura
prod-49407,Bigtime Ultra 1 Un,Cuidado familiar,,,,,sin coincidencia segura
prod-28485,Bigtime Menta,Cuidado familiar,,,,,sin coincidencia segura
prod-29996,Bio-oil Aceite 60 ml,Medicamentos,Dr. Simi,/products/importadas/prod-29996-bio-oil-aceite-60-ml-dr-simi.jpg,https://farmaciasdeldrsimicl.vteximg.com.br/arquivos/ids/156631/CH5991-1.jpg?v=637964774201200000,Aceite de almendras puro 60 mL,descargada
prod-49785,Biolly Toall Hum Ultra Soft Un Un,Dermocosmética,,,,,sin coincidencia segura
prod-1335,Bisolvon jarabe Inf 120 ml (Bromhexina 4 mg/5 ml),Medicamentos,,,,,sin coincidencia segura
prod-34592,"Bisopril 1,25 mg 30 comprimidos (Bisoprolol 1,25 mg)",Medicamentos,,,,,sin coincidencia segura
prod-49887,"Biozen Knop 50 comprimidos (Avena 0,4 mg)",Homeopatía,Dr. Simi,/products/importadas/prod-49887-biozen-knop-50-comprimidos-avena-0-4-mg-dr-simi.jpg,https://farmaciasdeldrsimicl.vteximg.com.br/arquivos/ids/157627/CH6107-1.jpg?v=638282695949800000,Biozen 50 comprimidos sublinguales,descargada
prod-49488,Biotina Plus 150 mcg,Cuidado familiar,,,,,sin coincidencia segura
prod-39988,Blistex Bals Lab F-15 Classic,Dermocosmética,,,,,sin coincidencia segura
prod-40677,"Blistex Prot Ultra F-50 Un (Dimeticona, Oxibenzona, Paba)",Dermocosmética,,,,,sin coincidencia segura
prod-50163,Bloqueador solar Banana Boat Advanced Prot 170 g,Protección solar,,,,,sin coincidencia segura
prod-49973,Bisoprolol 5 mg 30 comprimidos,Medicamentos,Dr. Simi,/products/importadas/prod-49973-bisoprolol-5-mg-30-comprimidos-dr-simi.jpg,https://farmaciasdeldrsimicl.vteximg.com.br/arquivos/ids/159511/Bisoprolol-Fumarato-BE0172-1.jpg?v=638929350370200000,"Bisocor bisoprolol 2,5 mg 30 comprimidos recubiertos",descargada
prod-49889,"Bisoprolol Fumarato 2,5 mg",Medicamentos,,,,,sin coincidencia segura
prod-49460,Bon O Bon Chocolate 15 g,Cuidado familiar,,,,,sin coincidencia segura
prod-49486,Bloqueador solar Banana Boat Balance Dry 170 g,Protección solar,,,,,sin coincidencia segura
prod-40672,"Bonavid gotas 300000 UI 2 ml (Colecalciferol, Vitamina D)",Medicamentos,,,,,sin coincidencia segura
prod-49549,Boston Simplus Lentes 120 ml,Medicamentos,,,,,sin coincidencia segura
prod-49739,"Bromhidrato/Ipratropio 0,05%/0,025% solución Inh 25 ml",Medicamentos,,,,,sin coincidencia segura
prod-7214,"Brontal jarabe Inf 100 ml (Bromexina 1 mg/5 ml, Clofedianol 7 mg/5 ml)",Medicamentos,Dr. Simi,/products/importadas/prod-7214-brontal-jarabe-inf-100-ml-bromexina-1-mg-5-ml-clofedianol-7-mg-5-ml-dr-simi.jpg,https://farmaciasdeldrsimicl.vteximg.com.br/arquivos/ids/157065/CH5892-1.jpg?v=638012015137500000,Brontal bromhexina 1 mg/5 mL clofedanol 7 mg/5 mL jarabe infantil 100 mL,descargada
prod-40261,Bubu Abs Leche 30 Un,Dermocosmética,,,,,sin coincidencia segura
prod-49426,Bruma Refr Fijad Spray 50 ml,Dermocosmética,,,,,sin coincidencia segura
prod-2329,Brooks Talco 120 g,Dermocosmética,,,,,sin coincidencia segura
prod-40053,Bubu Abs Leche 60 Un,Dermocosmética,,,,,sin coincidencia segura
prod-41164,Bupredol 150 mg 60 comprimidos recubiertos LP (Bupropion (Anfebutamona) 150 mg),Medicamentos,,,,,sin coincidencia segura
prod-49860,Cabestrillo Recovery 1 Un,Accesorios,,,,,sin coincidencia segura
prod-49659,Buscapina 10 mg gotas 20 ml (N-butilbromuro De Hioscina (Escopolamina) 10 mg/1 ml),Medicamentos,,,,,sin coincidencia segura
prod-30128,Cachantun con Gas 600 ml,Cuidado familiar,,,,,sin coincidencia segura
prod-30130,Cachantun sin Gas 600 ml,Cuidado familiar,,,,,sin coincidencia segura
prod-50047,Caffeine Max x 60 Cápsulas (Scl) (Cafeina 200 mg),Medicamentos,,,,,sin coincidencia segura
prod-50185,Calabaza Prost (Zinc 8 mg),Medicamentos,Dr. Simi,/products/importadas/prod-50185-calabaza-prost-zinc-8-mg-dr-simi.jpg,https://farmaciasdeldrsimicl.vteximg.com.br/arquivos/ids/156011/CH4004-1.jpg?v=637964771980730000,Simi Pro-st oil 30 cápsulas blandas,descargada
prod-38496,Cachantun Mas Citrus 600 ml,Cuidado familiar,,,,,sin coincidencia segura
prod-14957,"Cafiaspirina 40 comprimidos (Ácido Acetilsalicilico 500 mg, Cafeina 40 mg)",Medicamentos,Dr. Simi,/products/importadas/prod-14957-cafiaspirina-40-comprimidos-acido-acetilsalicilico-500-mg-cafeina-40-mg-dr-simi.jpg,https://farmaciasdeldrsimicl.vteximg.com.br/arquivos/ids/156403/CH5788-1.jpg?v=637964773388700000,Cafiaspirina ácido acetilsalicílico 500 mg cafeína 40 mg 40 comprimidos,descargada
prod-49982,Cardomariano 500 mg x 60 Cápsulas,Medicamentos,,,,,sin coincidencia segura
prod-38921,Caramelos De Propoleo Miel x 10 Unidades,Medicamentos,Dr. Simi,/products/importadas/prod-38921-caramelos-de-propoleo-miel-x-10-unidades-dr-simi.jpg,https://farmaciasdeldrsimicl.vteximg.com.br/arquivos/ids/157875/FOTOS-WEB-ECOMMERCE_0001_CH5207-1.jpg?v=638664239072800000,Caramelos de propóleo con miel 10 unidades,descargada
prod-49959,Cardo Mariano Infusion Herbal (Silimarina 30 g),Medicamentos,,,,,sin coincidencia segura
prod-13450,Carefree P Diario Original 100 Un,Dermocosmética,,,,,sin coincidencia segura
prod-26542,Carefree Prot Diarios 40 Un Largo,Dermocosmética,,,,,sin coincidencia segura
prod-35551,"Carvedilol 12,5 mg 30 comprimidos (Bioequivalente)chile",Medicamentos,,,,,sin coincidencia segura
prod-38724,"Carvedilol 6,25 mg 30 comprimidos",Medicamentos,,,,,sin coincidencia segura
prod-49691,"Casenglicol 16 Sobres 17,6 g polvo",Medicamentos,,,,,sin coincidencia segura
prod-32728,Cefadroxilo 500 mg 8 cápsulas (bioequivalente) Mintlab,Medicamentos,,,,,sin coincidencia segura
prod-5092,Cebion 1000 mg 10 comprimidos Eferv (Ácido Ascorbico 1000 mg),Medicamentos,,,,,sin coincidencia segura
prod-5096,Cebion gotas 30 ml (Ácido Ascorbico 100 mg/1 ml),Medicamentos,,,,,sin coincidencia segura
prod-39560,"Cefalmin 20 comprimidos recubiertos (Cafeina 100 mg, Clorfenamina 1 mg, Ergotamina 1 mg, Metamizol 300 mg)",Medicamentos,,,,,sin coincidencia segura
prod-49562,Caristop Cep Extra Duro,Dermocosmética,,,,,sin coincidencia segura
prod-46521,Cefurox bioequivalente comprimidos recubiertos 500 mg 14 (Cefuroximo 500 mg),Medicamentos,Dr. Simi,/products/importadas/prod-46521-cefurox-bioequivalente-comprimidos-recubiertos-500-mg-14-cefuroximo-500-mg-dr-simi.jpg,https://farmaciasdeldrsimicl.vteximg.com.br/arquivos/ids/158095/CH7269.jpg?v=638665143287200000,Cefuroxima 500 mg 14 comprimidos recubiertos,descargada
prod-7221,"Cefalmin 10 comprimidos (Cafeina 100 mg, Clorfenamina 1 mg, Ergotamina 1 mg, Metamizol 300 mg)",Medicamentos,Dr. Simi,/products/importadas/prod-7221-cefalmin-10-comprimidos-cafeina-100-mg-clorfenamina-1-mg-ergotamina-1-mg-met-dr-simi.jpg,https://farmaciasdeldrsimicl.vteximg.com.br/arquivos/ids/155466/CH74041-1.jpg?v=639074524466630000,Cefalmin 10 comprimidos recubiertos,descargada
prod-16483,Cefradina 500 mg 8 cápsulas (Cefadroxilo 500 mg),Medicamentos,Dr. Simi,/products/importadas/prod-16483-cefradina-500-mg-8-capsulas-cefadroxilo-500-mg-dr-simi.jpg,https://farmaciasdeldrsimicl.vteximg.com.br/arquivos/ids/160740/CH0105-01-MILAB.jpg?v=639159281827670000,Cefradina 500 mg 8 cápsulas,descargada
prod-46606,"Cerciora T comprimidos 1,5 mg 1 comprimido (Levonorgestrel 1,5 mg)",Medicamentos,,,,,sin coincidencia segura
prod-29959,Centella Asiatica Gel 100 g Green,Medicamentos,,,,,sin coincidencia segura
prod-34041,"Centrum Hombre 30 comprimidos (Calcio 250 mg, Vitamina A 250 mg)",Medicamentos,Dr. Simi,/products/importadas/prod-34041-centrum-hombre-30-comprimidos-calcio-250-mg-vitamina-a-250-mg-dr-simi.jpg,https://farmaciasdeldrsimicl.vteximg.com.br/arquivos/ids/159397/Centrum Hombre CH6246-1.jpg?v=639074524724400000,Centrum hombre multivitaminico multimineral 30 comprimidos recubiertos,descargada
prod-49817,Cep Dental Elmex Ultra Suave,Dermocosmética,,,,,sin coincidencia segura
prod-39743,"Cerciorat 0,75 mg 2 comprimidos (Levonorgestrel 75 mcg)",Medicamentos,,,,,sin coincidencia segura
prod-49473,Chupete Mini Light Pigeon 0 Meses (S) x 2,Accesorios,,,,,sin coincidencia segura
prod-38233,"Cetraxal Otico gotas 0,3% 10 ml (Ciprofloxacino 0,3%)",Medicamentos,,,,,sin coincidencia segura
prod-49485,Cepillo Paleta Desenredante Beauty 100,Higiene,,,,,sin coincidencia segura
prod-49898,Cetirizina Diclorhidrato 10 mg,Medicamentos,Dr. Simi,/products/importadas/prod-49898-cetirizina-diclorhidrato-10-mg-dr-simi.jpg,https://farmaciasdeldrsimicl.vteximg.com.br/arquivos/ids/160453/BE0059-1.jpg?v=639068608732970000,Rigotax cetirizina 10 mg 30 comprimidos recubiertos,descargada
prod-50169,Celecoxib 200 mg,Medicamentos,Dr. Simi,/products/importadas/prod-50169-celecoxib-200-mg-dr-simi.png,https://farmaciasdeldrsimicl.vteximg.com.br/arquivos/ids/159759/BE0042-1.png?v=638943253890270000,Celerium celecoxib 200 mg 10 cápsulas,descargada
prod-17402,Cicatricure Gel 60 g Cicat Estrias,Dermocosmética,,,,,sin coincidencia segura
prod-32800,Cicatricure Gel 30 g,Dermocosmética,,,,,sin coincidencia segura
prod-49952,Cicaplast Baume B 5 40 ml (Pantenol 5%),Dermocosmética,,,,,sin coincidencia segura
prod-30906,Ciprofloxacino 500 mg 6 comprimidos recubiertos (bioequivalente) Chile,Medicamentos,,,,,sin coincidencia segura
prod-50204,Ciprofloxacino 500 mg,Medicamentos,Dr. Simi,/products/importadas/prod-50204-ciprofloxacino-500-mg-dr-simi.png,https://farmaciasdeldrsimicl.vteximg.com.br/arquivos/ids/158352/BE0031-1.png?v=638606246101030000,Ciprofloxacino 500 mg 6 comprimidos recubiertos,descargada
prod-35731,Cilosvitae 100 mg 28 comprimidos recubiertos (bioequivalente) (Cilostazol 100 mg),Cuidado familiar,Dr. Simi,/products/importadas/prod-35731-cilosvitae-100-mg-28-comprimidos-recubiertos-bioequivalente-cilostazol-100-m-dr-simi.jpg,https://farmaciasdeldrsimicl.vteximg.com.br/arquivos/ids/155651/BE0062-1.jpg?v=637964770736800000,Cilosvitae cilostazol 100 mg 28 comprimidos,descargada
prod-7342,"Ciproval ungüento Oft 3,5 g (Ciprofloxacino 0,3%)",Dermocosmética,,,,,sin coincidencia segura
prod-28182,Ciruelax Jalea Forte 150 g,Medicamentos,,,,,sin coincidencia segura
prod-49249,Citrato De Magnesio,Homeopatía,,,,,sin coincidencia segura
prod-9089,Ciruelax Jalea 150 g,Medicamentos,,,,,sin coincidencia segura
prod-49893,Citrato De Potasio 500 mg,Medicamentos,,,,,sin coincidencia segura
prod-50071,Citrato De Potasio 1200 mg x 60 cápsulas,Medicamentos,,,,,sin coincidencia segura
prod-9087,"Ciruelax Te 30bols (Cassia Angustifolia 0,012%)",Medicamentos,,,,,sin coincidencia segura
prod-7223,Claritromicina 500 mg 14 comprimidos (bioequivalente) Chemo Pharma,Medicamentos,Dr. Simi,/products/importadas/prod-7223-claritromicina-500-mg-14-comprimidos-bioequivalente-chemo-pharma-dr-simi.jpg,https://farmaciasdeldrsimicl.vteximg.com.br/arquivos/ids/160153/Andromaco - CH0027-1.jpg?v=638984870117630000,Claritromicina 500 mg 14 comprimidos recubiertos,descargada
prod-50077,Citrato De Potasio x 30 cápsulas (Scl Cnp),Medicamentos,,,,,sin coincidencia segura
prod-49169,Cleomycin 1% Gel Topico 30 g (Clindamicina 1%),Medicamentos,Dr. Simi,/products/importadas/prod-49169-cleomycin-1-gel-topico-30-g-clindamicina-1-dr-simi.jpg,https://farmaciasdeldrsimicl.vteximg.com.br/arquivos/ids/159158/Clindamicina-529-1.jpg?v=639074524425000000,Cleomycin clindamicina 1 % gel tópico 30 g,descargada
prod-50173,Clearblue ( Prueba De Embarazo ) Digital,Accesorios,,,,,sin coincidencia segura
prod-38611,"Clobetasol 0,05% 25 g crema Hospifarma",Dermocosmética,,,,,sin coincidencia segura
prod-46396,"Clobetasol crema 0,05% 25 g",Medicamentos,,,,,sin coincidencia segura
prod-50037,Clonazepam 2 mg x 30comprimidos,Medicamentos,Dr. Simi,/products/importadas/prod-50037-clonazepam-2-mg-x-30comprimidos-dr-simi.jpg,https://farmaciasdeldrsimicl.vteximg.com.br/arquivos/ids/160852/CH7487-01-TEVA.jpg?v=639161874137600000,Clonazepam 2 mg 30 comprimidos,descargada
prod-49768,"Cloruro De Sodio 0,9% 1000 ml",Medicamentos,,,,,sin coincidencia segura
prod-49224,"Cloranf bioequivalente S Oft 0,5% 10M (Cloranfenicol 0,5%)",Medicamentos,,,,,sin coincidencia segura
prod-46218,Cloranf ungüento Oft 1% 5 g (Cloranfenicol 1%),Dermocosmética,,,,,sin coincidencia segura
prod-30955,Clorfenamina 4 mg 20 comprimidos (bioequivalente) Mintlab,Medicamentos,,,,,sin coincidencia segura
prod-49692,"Cloruro De Sodio 0,9% 100 ml",Medicamentos,,,,,sin coincidencia segura
prod-49767,"Cloruro De Sodio 0,9% 500 ml",Medicamentos,,,,,sin coincidencia segura
prod-31069,Clotrimazol 500 mg 1OV Pasteur,Medicamentos,,,,,sin coincidencia segura
prod-30908,Clotrimazol 100 mg 6 Ov Chile,Medicamentos,,,,,sin coincidencia segura
prod-30744,Clotrimazol crema 1%20 g Opko,Medicamentos,,,,,sin coincidencia segura
prod-49226,Cloxacil bioequivalente cápsulas 500 mg 12* (Cloxacilina 500 mg),Medicamentos,Dr. Simi,/products/importadas/prod-49226-cloxacil-bioequivalente-capsulas-500-mg-12-cloxacilina-500-mg-dr-simi.jpg,https://farmaciasdeldrsimicl.vteximg.com.br/arquivos/ids/160325/Opko-CH0206-01.jpg?v=639034141457800000,Cloxacilina 500 mg 12 cápsulas,descargada
prod-49998,Coconut Reconstruction Oil 60 ml (Ace De Coco 1/1),Dermocosmética,,,,,sin coincidencia segura
prod-46263,Coca Cola sin Azucar 350 ml,Cuidado familiar,,,,,sin coincidencia segura
prod-49784,Colgate Cep Extra Suave Pro Cuida x 2,Dermocosmética,,,,,sin coincidencia segura
prod-49847,Colageno + Q 10,Medicamentos,,,,,sin coincidencia segura
prod-38043,Colgate crema Luminous White 90 g,Dermocosmética,,,,,sin coincidencia segura
prod-33283,Colgate Cep Slim Black Sx 2,Dermocosmética,,,,,sin coincidencia segura
prod-49400,Colgate Cep Kids x 2,Dermocosmética,,,,,sin coincidencia segura
prod-49269,Colgate Cep Extra Clean Medium,Dermocosmética,,,,,sin coincidencia segura
prod-14088,Colgate Cep Twister 2SUA,Dermocosmética,,,,,sin coincidencia segura
prod-10240,Colgate crema Tri Accion 135 g,Dermocosmética,,,,,sin coincidencia segura
prod-37446,Colgate Kids 6 + Fresa 50 g,Dermocosmética,,,,,sin coincidencia segura
prod-4979,Colgate Plax solución Kids 250 ml,Dermocosmética,,,,,sin coincidencia segura
prod-49807,Colgate Plax Odor Control 1000 ml,Dermocosmética,,,,,sin coincidencia segura
prod-40553,Colgate Ultr Bla 90 g 3 Un,Dermocosmética,,,,,sin coincidencia segura
prod-49542,"Collagen Up 90 cápsulas (Ácido Ascorbico 600 mg, Vitamina D 20 mcg, Vitamina K 1 120 mcg)",Medicamentos,,,,,sin coincidencia segura
prod-50066,"Colon Max x 60 cápsulas (Scl Cnp) (Boldo 1/1, Cynara Sco 1/1, Manzanilla 1/1)",Medicamentos,,,,,sin coincidencia segura
prod-7921,Colonia 451 Inglesa 400 ml,Dermocosmética,,,,,sin coincidencia segura
prod-7920,Colonia 451 Inglesa 260 ml,Dermocosmética,,,,,sin coincidencia segura
prod-45854,"Compulxine comprimidos 37,5 mg 30 (Fentermina 37,5 mg)",Medicamentos,,,,,sin coincidencia segura
prod-49750,"Collar Isabelino 7,5 Cm",Accesorios,,,,,sin coincidencia segura
prod-34971,Comodity Toa Hum Ad 45UD Aloe/Vit E,Dermocosmética,,,,,sin coincidencia segura
prod-50205,Copos Dce Algodon,Accesorios,,,,,sin coincidencia segura
prod-50088,Coques Celecoxib 200 mg x 10cápsulas (Eurofarmas),Medicamentos,,,,,sin coincidencia segura
prod-49776,Corega Tabslimpiadoras Pro Ortodoncia,Dermocosmética,,,,,sin coincidencia segura
prod-21382,Corega Tbs 3MIN Eferv 30tab,Dermocosmética,,,,,sin coincidencia segura
prod-32989,Condor Cep Cab Mojado Fluor + Peine 6802,Dermocosmética,,,,,sin coincidencia segura
prod-18148,Corega U crema Adhe 20 g sin Sabor,Dermocosmética,,,,,sin coincidencia segura
prod-10522,Corega Ultra sin Menta 40 g,Dermocosmética,,,,,sin coincidencia segura
prod-49777,Cortauñas Grande 1 Un Beauty,Dermocosmética,,,,,sin coincidencia segura
prod-49564,Cotonitos Tropical 270 x 1,Dermocosmética,,,,,sin coincidencia segura
prod-49405,Cotidian Pants P-m Ultra 16 Un,Dermocosmética,,,,,sin coincidencia segura
prod-25961,Cotidian Apositos 20 Un U/Tall,Medicamentos,,,,,sin coincidencia segura
prod-49775,Cotonitos Babyland 200 Un,Dermocosmética,,,,,sin coincidencia segura
prod-31058,"Cotrimoxazol jarabe 100 ml Mintlab (Sulfametoxazol 200 mg, Trimetoprim 40 mg)",Medicamentos,,,,,sin coincidencia segura
prod-49752,Cran Parche Curita Redondo 1 Un,Accesorios,,,,,sin coincidencia segura
prod-49754,Cran Scalp Vein 21GX 3/4 x 1 Un,Accesorios,,,,,sin coincidencia segura
prod-49312,"Cranb Gasa No Esteril 7,5*7,5cms 4 Pl",Medicamentos,,,,,sin coincidencia segura
prod-27899,Cranb Gasa 4 Pliegues N/T 5X 5CMS x 2,Accesorios,,,,,sin coincidencia segura
prod-34077,Cranberry Vit C + E 60 cápsulas,Cuidado familiar,,,,,sin coincidencia segura
prod-49753,Cran Parche Curita Redondo 100 Un,Accesorios,,,,,sin coincidencia segura
prod-49984,Cranberry Prebitocos Y Probioticos,Medicamentos,,,,,sin coincidencia segura
prod-49861,Cranbery Venda Gasa Elasticada 8 Cm x 4 M x 1 Un,Accesorios,,,,,sin coincidencia segura
prod-35429,Cranb Gasa Parafinada 10X 10CM Un,Medicamentos,,,,,sin coincidencia segura
prod-49769,Creatina Gummies 90 Gomitas,Medicamentos,,,,,sin coincidencia segura
prod-16819,Cureband Curita 4 Un,Accesorios,,,,,sin coincidencia segura
prod-23982,Curocef Sus 250 mg 100 ml (Cefuroximo 5 g),Medicamentos,,,,,sin coincidencia segura
prod-49700,Creatina Nutrapharm,Medicamentos,,,,,sin coincidencia segura
prod-49482,Curaprox Cep 5500 C Kids,Dermocosmética,,,,,sin coincidencia segura
prod-13500,"Degraler jarabe 2,5 mg/5 ml 100 ml (Levocetirizina 2,5 mg/5 ml)",Medicamentos,,,,,sin coincidencia segura
prod-17971,Daily Stevia 270 ml,Cuidado familiar,,,,,sin coincidencia segura
prod-17379,"Daily gotas 270 ml (Ciclamato, Sacarina)",Cuidado familiar,,,,,sin coincidencia segura
prod-49241,Dermaglin Biotina + Aminoácidos + Zinc 60 cápsulas,Dermocosmética,,,,,sin coincidencia segura
prod-48627,Dentwell Hilo P/Ninos x 36,Medicamentos,,,,,sin coincidencia segura
prod-7359,"Dermabiotico ungüento 15 g (Bacitracina 500 UI/1 g, Polimixina B 10000 UI/1 g)",Dermocosmética,Dr. Simi,/products/importadas/prod-7359-dermabiotico-unguento-15-g-bacitracina-500-ui-1-g-polimixina-b-10000-ui-1-g-dr-simi.jpg,https://farmaciasdeldrsimicl.vteximg.com.br/arquivos/ids/158703/FOTOS-WEB-ECOMMERCE_0043_CH6186-1.jpg?v=638682418248870000,"Dermabiótico polimixina B 0,2 % bacitracina 0,8 % ungüento dérmico 15 g",descargada
prod-46430,Dermatop Sulf Jab Esp 150,Dermocosmética,,,,,sin coincidencia segura
prod-39089,Desdol 20 comprimidos Clorzoxazona + Paracetamol,Medicamentos,,,,,sin coincidencia segura
prod-34658,"Dermatopic Ph 5,5 Jab Liq 250 ml",Dermocosmética,,,,,sin coincidencia segura
prod-30735,"Desloratadina 2,5 mg/5 ml jarabe 60 ml Iphsa",Medicamentos,,,,,sin coincidencia segura
prod-18139,Dhipoglos Pom 20 g,Medicamentos,,,,,sin coincidencia segura
prod-49331,Desloratadina 5 mg 30 comprimidos Curaespring,Medicamentos,,,,,sin coincidencia segura
prod-49859,Desodorante Natural Alumbre Stick x 120 g,Higiene,,,,,sin coincidencia segura
prod-734,"Dexagin Ov 10 (Ácido Borico, Benzalconio Cloruro, Dexametasona 0,25 mg, Iodohidroxiquinoleina 100 mg)",Medicamentos,,,,,sin coincidencia segura
prod-35958,Devellol Zonas Delicadas 40 ml,Dermocosmética,,,,,sin coincidencia segura
prod-7362,"Diaren jarabe 100 ml (Atapulgita 500 mg/5 ml, Nifuroxazida 200 mg/5 ml)",Medicamentos,,,,,sin coincidencia segura
prod-49203,Diclofen bioequivalente comprimidos recubiertos 50 mg 10 (Diclofenaco Sodico 50 mg),Medicamentos,Dr. Simi,/products/importadas/prod-49203-diclofen-bioequivalente-comprimidos-recubiertos-50-mg-10-diclofenaco-sodico--dr-simi.png,https://farmaciasdeldrsimicl.vteximg.com.br/arquivos/ids/159636/Diclofenaco-de-Sodio-AR0082-1.png?v=638991771320730000,Diclofenaco 50 mg 10 comprimidos con recubrimiento entérico,descargada
prod-30911,"Diclofenaco 12,5 mg 5SUP Chile",Medicamentos,,,,,sin coincidencia segura
prod-49310,"Diclofenaco 1,16%gel Topico 60 g Hospi",Medicamentos,,,,,sin coincidencia segura
prod-41380,Difemcare A Oxigenada 110 ml (Peroxido De Hidrogeno 110 ml),Medicamentos,Dr. Simi,/products/importadas/prod-41380-difemcare-a-oxigenada-110-ml-peroxido-de-hidrogeno-110-ml-dr-simi.jpg,https://farmaciasdeldrsimicl.vteximg.com.br/arquivos/ids/157132/CH9002-1.jpg?v=638012015364070000,Diperox agua oxigenada 10 volumenes solución tópica 110 mL,descargada
prod-13415,Docivin 10 Mgx 15 ml (Domperidona 10 mg),Medicamentos,,,,,sin coincidencia segura
prod-49535,Diente De Leon Sup Alim 60 cápsulas,Medicamentos,,,,,sin coincidencia segura
prod-39141,Doloten 30 comprimidos R E Parac + Tramadol,Medicamentos,,,,,sin coincidencia segura
prod-40291,"Dolorub Parche Capsico (Capsaicina 0,6 mg)",Medicamentos,,,,,sin coincidencia segura
prod-3763,"Doguivit Ad 30 comprimidos (Minerales 0,1%, Vitaminas 0,1%)",Veterinaria,,,,,sin coincidencia segura
prod-5103,"Dolo-neurobionta 20gra (Cianocobalamina 1 mg, Diclofenaco Sodico 50 mg, Piridoxina 50 mg, Tiamina 50 mg)",Medicamentos,,,,,sin coincidencia segura
prod-4806,"Disfruta 1sobre Natural (Ácido Citrico 2335 mg, Bicarbonato De Sodio 2165 mg, Carbonato De Sodio 10000 mg)",Medicamentos,,,,,sin coincidencia segura
prod-46602,"Donabel 2/1 comprimido recubiertos 28 (Dienogest 2 mg, Estradiol Valerianato 1 mg)",Medicamentos,,,,,sin coincidencia segura
prod-49717,Donevitae 5 mg 28 comprimidos (Donepecilo 5 mg),Cuidado familiar,,,,,sin coincidencia segura
prod-49715,Doraliv 400 mg (Ibuprofeno),Medicamentos,Dr. Simi,/products/importadas/prod-49715-doraliv-400-mg-ibuprofeno-dr-simi.jpg,https://farmaciasdeldrsimicl.vteximg.com.br/arquivos/ids/160127/Ibupirac - BE0023-1 pag.jpg?v=638973488191430000,Ibupirac LC ibuprofeno 400 mg 20 cápsulas blandas,descargada
prod-49327,Dove Des Barra Anti Manchas 45 g,Dermocosmética,,,,,sin coincidencia segura
prod-49325,Dove Des Barra Tono Uniform 50 g,Dermocosmética,,,,,sin coincidencia segura
prod-4516,Dove Des Barra Orig 50 g,Dermocosmética,,,,,sin coincidencia segura
prod-41394,Dove Jab Mandarina Liq crema 700 ml,Dermocosmética,,,,,sin coincidencia segura
prod-49285,Dove Men Des Barra Comfort Prot 45 g,Dermocosmética,,,,,sin coincidencia segura
prod-49293,Dove Men Des Sp Extra Fresh,Dermocosmética,,,,,sin coincidencia segura
prod-49295,Dove Men Des Sp Invisible Dry 150 ml,Dermocosmética,,,,,sin coincidencia segura
prod-49292,Dove Men Des Sp Sport Fresh 150 ml,Dermocosmética,,,,,sin coincidencia segura
prod-49288,Dove Men Des Barra Energy Boost 45 g,Dermocosmética,,,,,sin coincidencia segura
prod-35250,Dove Men Sh Care 400 ml,Dermocosmética,,,,,sin coincidencia segura
prod-11706,Duo Laca Fij Normal 165 ml,Dermocosmética,,,,,sin coincidencia segura
prod-49974,Dpur 60 cápsulas (Cardo Mariano 200 mg),Medicamentos,,,,,sin coincidencia segura
prod-14630,Duo Mousse 160 ml,Dermocosmética,,,,,sin coincidencia segura
prod-49629,Doxazosina 4 mg 30 comprimidos,Medicamentos,Dr. Simi,/products/importadas/prod-49629-doxazosina-4-mg-30-comprimidos-dr-simi.jpg,https://farmaciasdeldrsimicl.vteximg.com.br/arquivos/ids/160380/BE0141-01.jpg?v=639041690522100000,Alfadoxin doxazosina 4 mg 30 comprimidos recubiertos,descargada
prod-45445,Elbrus comprimidos 1 mg 30 (Rasagilina 1 mg),Medicamentos,,,,,sin coincidencia segura
prod-49170,Doxiciclina comprimidos recubiertos 100 mg x 10 Und,Medicamentos,Dr. Simi,/products/importadas/prod-49170-doxiciclina-comprimidos-recubiertos-100-mg-x-10-und-dr-simi.jpg,https://farmaciasdeldrsimicl.vteximg.com.br/arquivos/ids/160318/BE0195-01.jpg?v=639034138105770000,Doxiciclina 100 mg 10 cápsulas,descargada
prod-49618,Elcal 450 mg 30 cápsulas (Calcio 450 mg),Medicamentos,Dr. Simi,/products/importadas/prod-49618-elcal-450-mg-30-capsulas-calcio-450-mg-dr-simi.jpg,https://farmaciasdeldrsimicl.vteximg.com.br/arquivos/ids/156678/CH6025-1.jpg?v=637964774363330000,Elcal D Forte calcio 450 mg vitamina D 175 UI 60 cápsulas,descargada
prod-49811,Electrolit Naranja 625 ml,Cuidado familiar,,,,,sin coincidencia segura
prod-27833,Elite Pañuelo Doble Hoja Caja 90 Un,Medicamentos,,,,,sin coincidencia segura
prod-8700,Elitiran-gp 100 mg x 10 cápsulas (Diclofenaco Sodico 100 mg),Medicamentos,,,,,sin coincidencia segura
prod-49382,Elvive Ácido Oleo Extraord 370 ml,Dermocosmética,,,,,sin coincidencia segura
prod-3480,Elvive Ácido Color Vive 370 ml,Dermocosmética,,,,,sin coincidencia segura
prod-50105,Elmex Sensitive Enjuague Bucal 0%alcohol 400 ml (Fluoruro De Sodio 1/1),Higiene,,,,,sin coincidencia segura
prod-14586,Elvive Sh Color Vive 370 ml,Dermocosmética,,,,,sin coincidencia segura
prod-38360,Emuline Aceite De Emu 20 ml,Dermocosmética,,,,,sin coincidencia segura
prod-49419,Elvive Sh Nutr Oleo Extr 370 ml,Dermocosmética,,,,,sin coincidencia segura
prod-49387,Elvive Sh Glycolic Cristal 370 ml,Dermocosmética,,,,,sin coincidencia segura
prod-34785,Emuwipes Aloe/Emu/Manzanilla 10UD,Medicamentos,,,,,sin coincidencia segura
prod-34055,Enhora 100 mg 1 comprimido (bioequivalente) Sildenafil,Medicamentos,Dr. Simi,/products/importadas/prod-34055-enhora-100-mg-1-comprimido-bioequivalente-sildenafil-dr-simi.jpg,https://farmaciasdeldrsimicl.vteximg.com.br/arquivos/ids/159761/Disiden - Sildenafilo 100 mg 1 comprimidos recubiertos CA0087-1 - IPHSA.jpg?v=638943299067700000,Disilden sildenafil 100 mg 1 comprimidos recubiertos,descargada
prod-32413,Enhora 100 mg 10 comprimidos recubiertos (bioequivalente) Sildenafil,Medicamentos,Dr. Simi,/products/importadas/prod-32413-enhora-100-mg-10-comprimidos-recubiertos-bioequivalente-sildenafil-dr-simi.jpg,https://farmaciasdeldrsimicl.vteximg.com.br/arquivos/ids/159761/Disiden - Sildenafilo 100 mg 1 comprimidos recubiertos CA0087-1 - IPHSA.jpg?v=638943299067700000,Disilden sildenafil 100 mg 1 comprimidos recubiertos,descargada
prod-32412,Enhora 100 mg 5 comprimidos recubiertos (bioequivalente) Sildenafil,Medicamentos,Dr. Simi,/products/importadas/prod-32412-enhora-100-mg-5-comprimidos-recubiertos-bioequivalente-sildenafil-dr-simi.jpg,https://farmaciasdeldrsimicl.vteximg.com.br/arquivos/ids/159761/Disiden - Sildenafilo 100 mg 1 comprimidos recubiertos CA0087-1 - IPHSA.jpg?v=638943299067700000,Disilden sildenafil 100 mg 1 comprimidos recubiertos,descargada
prod-49611,Enhora 100 mg 20 comprimidos Opko bioequivalente (Sildenafil 100 mg),Medicamentos,,,,,sin coincidencia segura
prod-49412,Enhora (Sildenafilo) 50 mg 20 comprimidos,Medicamentos,,,,,sin coincidencia segura
prod-8209,Eno Limon 100 g,Medicamentos,,,,,sin coincidencia segura
prod-33040,Enhora 50 mg 5 comprimidos Re (Sildenafil 50 mg),Medicamentos,,,,,sin coincidencia segura
prod-29393,"Ensure Advanc polvo Vai 900 g (Minerales, Proteinas, Vitaminas)",Cuidado familiar,,,,,sin coincidencia segura
prod-33041,Enhora 50 mg 10 comprimidos recubiertos (Sildenafil 50 mg),Medicamentos,,,,,sin coincidencia segura
prod-8211,Eno Natural 100 g,Medicamentos,Dr. Simi,/products/importadas/prod-8211-eno-natural-100-g-dr-simi.jpg,https://farmaciasdeldrsimicl.vteximg.com.br/arquivos/ids/156521/CH5888-1.jpg?v=637964773813030000,Cera depilatoria manteca de karité perlas 100 g,descargada
prod-50021,Espejo con Aumento,Dermocosmética,,,,,sin coincidencia segura
prod-39161,Esomeprazol 40 mg 30 comprimidos recubiertos (Bioequivalente)opko,Medicamentos,Dr. Simi,/products/importadas/prod-39161-esomeprazol-40-mg-30-comprimidos-recubiertos-bioequivalente-opko-dr-simi.webp,https://farmaciasdeldrsimicl.vteximg.com.br/arquivos/ids/159175/Esomeprazol-BE0186-1-pag.webp?v=639074524369430000,Esomeprazol 40 mg 30 comprimidos con recubrimiento entérico,descargada
prod-49978,Eno Natural x 2 Sobres,Medicamentos,Dr. Simi,/products/importadas/prod-49978-eno-natural-x-2-sobres-dr-simi.jpg,https://farmaciasdeldrsimicl.vteximg.com.br/arquivos/ids/159168/ENO-CH6232-2.jpg?v=639074524720800000,Eno regular sal de frutas 2 sobres 5 g,descargada
prod-39243,Esomeprazol 20 mg 30 comprimidos recubiertos (bioequivalente) Opko,Medicamentos,Dr. Simi,/products/importadas/prod-39243-esomeprazol-20-mg-30-comprimidos-recubiertos-bioequivalente-opko-dr-simi.jpg,https://farmaciasdeldrsimicl.vteximg.com.br/arquivos/ids/155785/BE0187-1.jpg?v=637964771198070000,Esomeprazol 20 mg 30 comprimidos con recubrimiento entérico,descargada
prod-29309,Etiquet Dama Roll-on Floral 60 ml,Dermocosmética,,,,,sin coincidencia segura
prod-11007,Etiquet Men Roll-on 60 g,Dermocosmética,,,,,sin coincidencia segura
prod-49359,"Esancol 10 comprimidos Portopharma (Ftalilsulfatiazol 250 mg, Nifuroxazida 200 mg)",Medicamentos,,,,,sin coincidencia segura
prod-29615,Etiquet Men Roll-on Blue Ice,Dermocosmética,,,,,sin coincidencia segura
prod-40337,Etiquet Men Roll-on Sport 60 g,Dermocosmética,,,,,sin coincidencia segura
prod-15651,"Evra Par Transdermico 3 U (Etinilestradiol 600 mcg, Norelgestromina 6 mg)",Dermocosmética,,,,,sin coincidencia segura
prod-46605,"Exelring Anill vaginal x 1 (Etinilestradiol 0,015 mg, Etonogestrel 0,12 mg)",Medicamentos,Dr. Simi,/products/importadas/prod-46605-exelring-anill-vaginal-x-1-etinilestradiol-0-015-mg-etonogestrel-0-12-mg-dr-simi.jpg,https://farmaciasdeldrsimicl.vteximg.com.br/arquivos/ids/160196/CH5869-01.jpg?v=639011407588670000,"Esmartia etonogestrel 0,120 mg etinilestradiol 0,015 mg 1 anillo vaginal",descargada
prod-31333,"F Set Cinta Pap/D Piel 2,5X 9,1 con Dis",Accesorios,,,,,sin coincidencia segura
prod-37106,F Set Curita Roce Pies 12 Un,Accesorios,,,,,sin coincidencia segura
prod-38368,F Set Suturas Adhesivas 9 Un,Accesorios,,,,,sin coincidencia segura
prod-39135,F Set Cotonitos 200 Un x 2,Dermocosmética,,,,,sin coincidencia segura
prod-15334,F Set Curita 20 Un,Accesorios,,,,,sin coincidencia segura
prod-30645,F Set Curita Surtido 30 Un,Accesorios,,,,,sin coincidencia segura
prod-49845,F Set Parche Curita 100 Unidades,Accesorios,,,,,sin coincidencia segura
prod-37161,F Set Parche Neon 30UD,Medicamentos,,,,,sin coincidencia segura
prod-49392,F Set Parches Resist Al Agua 10 Un,Medicamentos,,,,,sin coincidencia segura
prod-49372,F Set Parche Curita Infantil 10 Un,Medicamentos,,,,,sin coincidencia segura
prod-49516,F Set Parches Curitas Hidrocoloide 10 Un,Accesorios,,,,,sin coincidencia segura
prod-10345,"Facimin 0,5 mg/ml 10 ml (Oximetazolina 0,5 mg/1 ml)",Medicamentos,,,,,sin coincidencia segura
prod-36123,Familand Sh Ganada Therapy 750 ml,Dermocosmética,,,,,sin coincidencia segura
prod-49261,Familand Sh Rehid 750 ml,Dermocosmética,,,,,sin coincidencia segura
prod-7239,"Ferranem 30 cápsulas (Ácido Ascorbico 100 mg, Ácido Folico 2 mg, Cianocobalamina 1 mg, Fumarato Ferroso 330 mg)",Medicamentos,,,,,sin coincidencia segura
prod-49561,Felliny Creamy Cang/Atun 4 Un,Cuidado familiar,,,,,sin coincidencia segura
prod-46532,Finaflux comprimidos 1 mg 90 (Finasteride 1 mg),Medicamentos,Dr. Simi,/products/importadas/prod-46532-finaflux-comprimidos-1-mg-90-finasteride-1-mg-dr-simi.png,https://farmaciasdeldrsimicl.vteximg.com.br/arquivos/ids/159915/Finaflux---BE0149-1.png?v=638959518154700000,Finaflux finasterida 1 mg 90 comprimidos recubiertos,descargada
prod-4815,Fibrasol 18sobres (Psyllium),Medicamentos,,,,,sin coincidencia segura
prod-12777,"Femelle 20,28 comprimidos Re (Drospirenona 3 mg, Etinilestradiol 0,02 mg)",Medicamentos,,,,,sin coincidencia segura
prod-28936,Fibrasol polvo Pote 200 g (Psyllium 68 g),Medicamentos,,,,,sin coincidencia segura
prod-50170,Fiprodrag ( Perros ) (Fipronil 10%),Veterinaria,,,,,sin coincidencia segura
prod-23209,"Fiprokill Pipeta 0,67 ml (Fipronil 10%)",Veterinaria,,,,,sin coincidencia segura
prod-5814,"Fisiolimp solución Nasal 0,9% 30 ml (Cloruro De Sodio 0,9%)",Medicamentos,,,,,sin coincidencia segura
prod-24258,"Fiprokill Pipeta 2,68 ml",Veterinaria,,,,,sin coincidencia segura
prod-50139,Fish Oil 1000 mg 60 cápsulas (Omega 3 1/1),Medicamentos,,,,,sin coincidencia segura
prod-10840,Fittig Talco Des 200 g,Medicamentos,,,,,sin coincidencia segura
prod-49214,"Fit Galleta x 400 g (Proteinas 7,5%)",Veterinaria,,,,,sin coincidencia segura
prod-41526,Flucloxacilina 500 mg 12 cápsulas,Medicamentos,Dr. Simi,/products/importadas/prod-41526-flucloxacilina-500-mg-12-capsulas-dr-simi.jpg,https://farmaciasdeldrsimicl.vteximg.com.br/arquivos/ids/160277/CH0207-01.jpg?v=639033995760630000,Flucloxacilina 500 mg 12 cápsulas,descargada
prod-29355,"Finagrip Sus oral 100 ml (Clorfenamina 2 mg, Ibuprofeno 200 mg, Pseudoefedrina 30 mg)",Medicamentos,Dr. Simi,/products/importadas/prod-29355-finagrip-sus-oral-100-ml-clorfenamina-2-mg-ibuprofeno-200-mg-pseudoefedrina--dr-simi.jpg,https://farmaciasdeldrsimicl.vteximg.com.br/arquivos/ids/156082/CH5202-1.jpg?v=637964772237300000,Finagrip suspensión oral 100 mL,descargada
prod-48601,"Flector Gel 1,29% 60 g (Diclofenaco Epolamina 1,293 g)",Medicamentos,,,,,sin coincidencia segura
prod-49937,Flovovermic comprimidos (Flubendazol 220 mg),Veterinaria,,,,,sin coincidencia segura
prod-26053,"Fluxamol 250/25 mg Inh 150 Ds (Fluticasona Propionato 250 mcg, Salmeterol 25 mcg)",Medicamentos,,,,,sin coincidencia segura
prod-4095,"Foille ungüento 28 g (Alcohol Bencilico 4 g, Benzocaina 2 g)",Dermocosmética,Dr. Simi,/products/importadas/prod-4095-foille-unguento-28-g-alcohol-bencilico-4-g-benzocaina-2-g-dr-simi.jpg,https://farmaciasdeldrsimicl.vteximg.com.br/arquivos/ids/156721/CH7194-1.jpg?v=637964774517700000,Foille benzocaína 2 % alcohol benzílico 4 % ungüento tópico 100 g,descargada
prod-49434,"Fresh Up Cep Interd 0,6",Dermocosmética,,,,,sin coincidencia segura
prod-49554,Frasco Muestra Orina 120 ml,Accesorios,,,,,sin coincidencia segura
prod-49671,Freshmel 5 mg 12 comprimidos (Clorhexidina 5 mg),Medicamentos,,,,,sin coincidencia segura
prod-49436,"Fresh Up Cepillo Interd 0,8",Higiene,,,,,sin coincidencia segura
prod-50079,"For Memory x 40 cápsulas (Scl Cnp) (Ginseng 1/1, Vitamina E 1/1, Zinc 1/1)",Medicamentos,,,,,sin coincidencia segura
prod-30915,Furosemida 40 mg 12 comprimidos (Bioequivalente)lchile,Medicamentos,,,,,sin coincidencia segura
prod-37415,Fructis Gel Slyle E Fuerte 600 g,Dermocosmética,,,,,sin coincidencia segura
prod-39110,"Frontline Plus Gato 0,5 ml 1pipeta",Veterinaria,,,,,sin coincidencia segura
prod-37416,Fructis Gel Style Hard 600 g,Dermocosmética,,,,,sin coincidencia segura
prod-40276,Garnier Agua Micelar Oleo 100 ml,Dermocosmética,,,,,sin coincidencia segura
prod-50200,Gasa No Tejida 10X 10CM 50X 2 Unidades,Medicamentos,,,,,sin coincidencia segura
prod-40420,"Garnier Agua Micelar T/P 100 ml (Ácido Citrico, Ácido Salicilico, Agua, L-arginina, Limon)",Dermocosmética,,,,,sin coincidencia segura
prod-30125,Gatorade Frutas Trop 750 ml,Cuidado familiar,,,,,sin coincidencia segura
prod-30124,Gatorade Cool Blue 750 ml (Imidacloprida 8%),Cuidado familiar,,,,,sin coincidencia segura
prod-7630,"Gaviscon 250 mg 16 comprimidos (Alginato 250 mg, Bicarbonato De Sodio 133,5 mg, Carbonato De Calcio 80 mg)",Medicamentos,,,,,sin coincidencia segura
prod-49376,Gastroaliv Menta/Cherry 10 comprimidos Mast (Subsalicilato Bismuto 262 mg),Medicamentos,,,,,sin coincidencia segura
prod-38214,"Gaviscon Doble Acción Sachet 10 ml (Alginato 250 mg, Bicarbonato De Sodio 106,5 mg)",Medicamentos,,,,,sin coincidencia segura
prod-50142,"Gaviscon Menta 1 Sachet 10 ml (Alginato 500 mg, Bicarbonato De Sodio 267 mg, Carbonato De Calcio 160 mg)",Medicamentos,,,,,sin coincidencia segura
prod-39714,"Gentamicina 0,3% solución oftálmica 5 ml Ascend",Medicamentos,,,,,sin coincidencia segura
prod-36770,"Gentamicina 0,3% solución oftálmica 5 ml Hospifarma",Medicamentos,,,,,sin coincidencia segura
prod-36044,"Gentamicina 0,3% ungüento Oft 3,5 g Ethon",Dermocosmética,,,,,sin coincidencia segura
prod-14405,Gentamicina crema Dermica,Dermocosmética,,,,,sin coincidencia segura
prod-18030,"Gaviscon Menta 8 comprimidos Mast (Alginato 250 mg, Bicarbonato De Sodio 133,5 mg, Carbonato De Calcio 80 mg)",Medicamentos,,,,,sin coincidencia segura
prod-49371,Gengigel Ácido Hialuron 20 ml,Medicamentos,Dr. Simi,/products/importadas/prod-49371-gengigel-acido-hialuron-20-ml-dr-simi.png,https://farmaciasdeldrsimicl.vteximg.com.br/arquivos/ids/159876/Tonificante-Primario-Frente.png?v=638963219714770000,Tonificante dermo-oxigenador con colágeno hidrolizado y ácido hialuronico 120 mL,descargada
prod-49289,Gillette Des Gel A/P Training Guard 82 g,Dermocosmética,,,,,sin coincidencia segura
prod-39840,Gillette Venus Trop 3LAM,Dermocosmética,,,,,sin coincidencia segura
prod-44635,Gille Prestob 3 Sencarex 4,Dermocosmética,,,,,sin coincidencia segura
prod-22906,"Ginecopast Dual Ov + crema (Miconazol 100 mg, Tinidazol 150 mg)",Medicamentos,,,,,sin coincidencia segura
prod-14476,Gillette Prestobarba 3hojas,Dermocosmética,,,,,sin coincidencia segura
prod-5816,"Ginecopast 10OV (Miconazol 100 mg, Tinidazol 150 mg)",Medicamentos,,,,,sin coincidencia segura
prod-14135,Gillette Prestobarba 3MUJ 2 Un,Dermocosmética,,,,,sin coincidencia segura
prod-3852,Ginemaxim 40 mg 60 comprimidos (Cimicifuga Racemosa 40 mg),Homeopatía,,,,,sin coincidencia segura
prod-49560,Glicopan Pet 125 ml,Veterinaria,,,,,sin coincidencia segura
prod-49955,Glucosan XR 500 mg (Metformina 500 mg),Medicamentos,,,,,sin coincidencia segura
prod-49558,Glicopan Pet 30 ml,Veterinaria,,,,,sin coincidencia segura
prod-38357,Mg Ginseng Rojo 100 cápsulas,Homeopatía,,,,,sin coincidencia segura
prod-36609,Goicoechea crema Arnica/Manz 400 ml,Dermocosmética,,,,,sin coincidencia segura
prod-50138,Glicerina 60 ml,Medicamentos,,,,,sin coincidencia segura
prod-49530,Guante Latex M Top Glove 100guantes,Accesorios,,,,,sin coincidencia segura
prod-46530,Glimefor XR comprimidos 750 mg 30 (Metformina 750 mg),Medicamentos,,,,,sin coincidencia segura
prod-50068,Guarana 500 mg x 60 cápsulas (Scl Cnp),Medicamentos,,,,,sin coincidencia segura
prod-27887,Guantes Examen Tresor S Latex Cja 100 Un,Accesorios,,,,,sin coincidencia segura
prod-27888,Guantes Examen Tresor l Latex Cja 100 Un,Accesorios,Dr. Simi,/products/importadas/prod-27888-guantes-examen-tresor-l-latex-cja-100-un-dr-simi.png,https://farmaciasdeldrsimicl.vteximg.com.br/arquivos/ids/158064/FOTOS-WEB-ECOMMERCE_0009_CH6022-1.png?v=638664946508400000,Guantes de nitrilo para examen 100 unidades,descargada
prod-7768,"Gutron 2,5 mg 20 comprimidos (Midodrina 2,5 mg)",Medicamentos,,,,,sin coincidencia segura
prod-39410,H&s Sh F/Men Old Spice 400 ml,Dermocosmética,,,,,sin coincidencia segura
prod-38998,H&s Sh Limp Renov 400 ml,Dermocosmética,,,,,sin coincidencia segura
prod-39253,H&s Sh Men 3EN 1 375 ml,Dermocosmética,,,,,sin coincidencia segura
prod-39212,H&s Sh Manzana Fresh 400 ml,Dermocosmética,,,,,sin coincidencia segura
prod-36865,Hawaiian Trop Bronc Ace P Tann 240 ml,Dermocosmética,,,,,sin coincidencia segura
prod-40189,Hawaiian Trop Silk Hydra Co/Pa 180 ml,Dermocosmética,,,,,sin coincidencia segura
prod-25406,Heel Engystol 50 comprimidos Subling,Homeopatía,,,,,sin coincidencia segura
prod-27080,Heel Lymphomyosot gotas 30 ml,Homeopatía,,,,,sin coincidencia segura
prod-49270,Head Sh 200 ml Antiresequedad 375 ml,Dermocosmética,,,,,sin coincidencia segura
prod-23971,Heel Nervoheel 50 comprimidos sublingual,Homeopatía,,,,,sin coincidencia segura
prod-30315,"Heel Neurexan 50 comprimidos Sl (Pasiflora 0,6 mg)",Homeopatía,,,,,sin coincidencia segura
prod-34622,"Heel Traumeel gotas 30 ml (Arnica, Calendula, Hamamelis)",Homeopatía,,,,,sin coincidencia segura
prod-26819,"Heel Traumeel-s 50 comprimidos sublingual (Arnica 15 mg, Calendula 15 mg, Hamamelis 15 mg)",Homeopatía,,,,,sin coincidencia segura
prod-49795,Herbal Es Acon Rosa Mosq 240 ml,Dermocosmética,,,,,sin coincidencia segura
prod-49794,Herbal Es Sh Rosa Mosq 240 ml,Dermocosmética,,,,,sin coincidencia segura
prod-49389,Herbal Essences Hidrata Ácido 400 ml,Dermocosmética,,,,,sin coincidencia segura
prod-49219,Herbal Essences Sha Classic Agua De Coco x,Dermocosmética,,,,,sin coincidencia segura
prod-49557,Herplex (Lisina 400 mg),Veterinaria,,,,,sin coincidencia segura
prod-50018,Hidroxicloroquina 200 mg,Medicamentos,Dr. Simi,/products/importadas/prod-50018-hidroxicloroquina-200-mg-dr-simi.jpg,https://farmaciasdeldrsimicl.vteximg.com.br/arquivos/ids/158679/FOTOS-WEB-ECOMMERCE_0367_BE0131-1.jpg?v=638682317882730000,Reumazine hidroxicloroquina 200 mg 30 comprimidos recubiertos,descargada
prod-49742,Hidrocortisona crema Top 1% Ascend 15 g,Dermocosmética,Dr. Simi,/products/importadas/prod-49742-hidrocortisona-crema-top-1-ascend-15-g-dr-simi.jpg,https://farmaciasdeldrsimicl.vteximg.com.br/arquivos/ids/160780/CH5915-01-ASCEND.jpg?v=639160218980970000,Hidrocortisona 1 % crema tópica 15 g,descargada
prod-49726,Hidroxicloroquina 200 mg 60 comprimidos,Medicamentos,,,,,sin coincidencia segura
prod-41909,Hidrofugal Stk D Prot 40M,Medicamentos,,,,,sin coincidencia segura
prod-49551,Hoja Bisturi N 22 1 Un,Accesorios,,,,,sin coincidencia segura
prod-4171,Hipoge ungüento Dermico 10 g (Hidrocortisona 1 g),Dermocosmética,Dr. Simi,/products/importadas/prod-4171-hipoge-unguento-dermico-10-g-hidrocortisona-1-g-dr-simi.jpg,https://farmaciasdeldrsimicl.vteximg.com.br/arquivos/ids/155439/CH5180-1.jpg?v=639074524458970000,Hipoge hidrocortisona 1 % ungüento dérmico 10 g,descargada
prod-49840,Ignatia D 6 90 comprimidos (Knop),Medicamentos,,,,,sin coincidencia segura
prod-48007,"Hub Ven Autoad 7,5cmx 4,5M",Accesorios,,,,,sin coincidencia segura
prod-49501,"Infor Forte Prokids 30 comprimidos (Calcio 200 mg, Vitamina D 2,5 mg, Zinc 10 mg)",Medicamentos,Dr. Simi,/products/importadas/prod-49501-infor-forte-prokids-30-comprimidos-calcio-200-mg-vitamina-d-2-5-mg-zinc-10-m-dr-simi.jpg,https://farmaciasdeldrsimicl.vteximg.com.br/arquivos/ids/158836/Infor-Forte-CH5302-1.jpg?v=638696310391930000,Infor pro kids forte 30 comprimidos masticables sabor tutti frutti,descargada
prod-50092,Hokkairo Parche Termico para La Ropa 12hrs De Duracion,Medicamentos,,,,,sin coincidencia segura
prod-37227,Irbevitae 300 mg 28 comprimidos recubiertos (bioequivalente) (Irbesartan 300 mg),Cuidado familiar,,,,,sin coincidencia segura
prod-49733,Isotretinoina 10 mg 30 cápsulas Chile,Medicamentos,,,,,sin coincidencia segura
prod-37226,Irbevitae 150 mg 28 comprimidos recubiertos (bioequivalente) (Irbesartan 150 mg),Cuidado familiar,Dr. Simi,/products/importadas/prod-37226-irbevitae-150-mg-28-comprimidos-recubiertos-bioequivalente-irbesartan-150-mg-dr-simi.jpg,https://farmaciasdeldrsimicl.vteximg.com.br/arquivos/ids/155653/BE0063-1.jpg?v=637964770743830000,Irbevitae irbesartán 150 mg 28 comprimidos,descargada
prod-49880,Infusion Flores Pectorales,Homeopatía,,,,,sin coincidencia segura
prod-49757,Jeringa Insulina 30 g 1/2 1 ml,Accesorios,,,,,sin coincidencia segura
prod-49838,Jabon Glicerina Q-nat 90 g,Higiene,,,,,sin coincidencia segura
prod-49891,Jabon Barra 90 g Azufre,Higiene,,,,,sin coincidencia segura
prod-49531,Jeringa Luer Lock 3 ml 21GX 1 1/2 1 Un,Accesorios,,,,,sin coincidencia segura
prod-49477,Jeringa Luer Slip 10 ml 21GX 1 1/2,Accesorios,,,,,sin coincidencia segura
prod-49761,Jeringa sin Aguja 5 ml 21GX 1 1/2,Accesorios,,,,,sin coincidencia segura
prod-49685,Jeringa Luer Slip 21GX 1 1/2 20 ml,Medicamentos,,,,,sin coincidencia segura
prod-49682,Jeringa Tuberculina Aguja Hipoderm 1 ml 26GX 5/8,Dermocosmética,,,,,sin coincidencia segura
prod-39042,Jeringa Des 50 ml sin Aguja,Medicamentos,Dr. Simi,/products/importadas/prod-39042-jeringa-des-50-ml-sin-aguja-dr-simi.webp,https://farmaciasdeldrsimicl.vteximg.com.br/arquivos/ids/159834/jeringa_5_ml_484x326.webp?v=638954589258500000,Jeringa desechable con aguja 5 mL 1 unidad,descargada
prod-39742,"Jolian 28 comprimidos recubiertos (bioequivalente) (Drospirenona 3 mg, Etinilestradiol 0,02 mg)",Medicamentos,,,,,sin coincidencia segura
prod-49678,"Kenatrum 37,5/325 (Paracetamol 325 mg, Tramadol 37,5 mg)",Medicamentos,,,,,sin coincidencia segura
prod-50055,"K-lam Flex x 60 Capuslas (Scl Vitalab) (Calcio 1/1, Magnesio 1/1, Potasio 1/1, Tiamina 1/1, Vitamina E 1/1, Zinc 1/1)",Cuidado familiar,,,,,sin coincidencia segura
prod-44946,Johns Sh Baby 400 ml,Medicamentos,,,,,sin coincidencia segura
prod-41399,Kadus Agua Oxig crema 55 ml 20vol,Dermocosmética,,,,,sin coincidencia segura
prod-49260,Kadus Agua Oxig crema 55 ml 30vol,Dermocosmética,,,,,sin coincidencia segura
prod-14830,Kitadol Inf 160 mg 16 comprimidos Mas (Paracetamol 160 mg),Medicamentos,,,,,sin coincidencia segura
prod-1733,Kitadol jarabe Inf 60 ml (Paracetamol 120 mg/5 ml),Medicamentos,,,,,sin coincidencia segura
prod-3850,"Knop Fenokomp 39,90 comprimidos (Belladona 0,02 mg, Fenoftaleina 50 mg, Nux Vomica 0,02 mg)",Homeopatía,,,,,sin coincidencia segura
prod-29315,Knop Echinacea + Vitc 20 comprimidos Knop,Homeopatía,,,,,sin coincidencia segura
prod-41094,"Ketoprofeno Gel 2,5% 60 g Ascend",Medicamentos,,,,,sin coincidencia segura
prod-17176,Knop Hamamelis ungüento 35 g,Homeopatía,,,,,sin coincidencia segura
prod-46294,Knop Fucus Espec comprimidos 50,Medicamentos,,,,,sin coincidencia segura
prod-5311,"Knop Matikomp ungüento 35 g (Arnica 2,89%, Calendula 2,89%, Matico 2,89%)",Homeopatía,,,,,sin coincidencia segura
prod-49702,L-triptofano + mg + Zinc + Vitb 6 60 Gom,Homeopatía,,,,,sin coincidencia segura
prod-3894,"Knop Matikomp ungüento 25 g (Arnica 2,89 g, Calendula 2,89 g, Matico 2,89 g)",Homeopatía,,,,,sin coincidencia segura
prod-3865,Knop Palto Miel Ad 200 ml,Homeopatía,Dr. Simi,/products/importadas/prod-3865-knop-palto-miel-ad-200-ml-dr-simi.jpg,https://farmaciasdeldrsimicl.vteximg.com.br/arquivos/ids/156445/CH5825-1.jpg?v=637964773538230000,Paltomiel adulto jarabe 200 mL,descargada
prod-3866,Knop Palto Miel Inf 125 ml,Homeopatía,Dr. Simi,/products/importadas/prod-3866-knop-palto-miel-inf-125-ml-dr-simi.jpg,https://farmaciasdeldrsimicl.vteximg.com.br/arquivos/ids/155452/CH5824-1.jpg?v=638944037315070000,Paltomiel infantil jarabe 125 mL,descargada
prod-49525,Lactovit Urea Mousse crema 400 ml,Dermocosmética,,,,,sin coincidencia segura
prod-5007,Lady Speed Stick Inv O Blossom 45 g,Dermocosmética,,,,,sin coincidencia segura
prod-49195,"Lagrimas Arti solución oftálmica 0,3 % x 15 ml Et ( Dm ) (Hipromelosa 3 mg)",Medicamentos,,,,,sin coincidencia segura
prod-34747,Lady Speed Stk Barra Power Fresh 45 g,Dermocosmética,,,,,sin coincidencia segura
prod-49409,Lancetas Esteriles 28 g 50 Un,Medicamentos,,,,,sin coincidencia segura
prod-50112,Ladysoft Nocturna 7 Toall,Dermocosmética,,,,,sin coincidencia segura
prod-50048,L-arginine x 60 Cápsulas (Scl) (L-arginina 1000 mg),Medicamentos,,,,,sin coincidencia segura
prod-50165,Lancetas Esteriles 30 Gi 50 Un,Medicamentos,Dr. Simi,/products/importadas/prod-50165-lancetas-esteriles-30-gi-50-un-dr-simi.jpg,https://farmaciasdeldrsimicl.vteximg.com.br/arquivos/ids/156549/CH5911-1.jpg?v=637964773913870000,CareSens lancetas etériles de un solo paso 50 unidades,descargada
prod-2902,"Lavasept Jabon 90 g (Triclosan 0,3%)",Higiene,,,,,sin coincidencia segura
prod-28558,"Latanoprost solución oftálmica 50 mcg/ml 2,5 ml Opko",Medicamentos,,,,,sin coincidencia segura
prod-23992,Leblon Antiox FPS 50 + 190 g,Protección solar,,,,,sin coincidencia segura
prod-23176,Le Sancy Ácido Alm 150 g,Dermocosmética,,,,,sin coincidencia segura
prod-40931,Leblon Baby&kids FPS 50 + 190 ml,Protección solar,,,,,sin coincidencia segura
prod-49499,Lax 3350 Andromaco 7 Sob (Macrogol 3350 1/1),Medicamentos,Dr. Simi,/products/importadas/prod-49499-lax-3350-andromaco-7-sob-macrogol-3350-1-1-dr-simi.jpg,https://farmaciasdeldrsimicl.vteximg.com.br/arquivos/ids/155507/2537-1.jpg?v=637964770223930000,Lax 3350 macrogol 3350 17 g 7 sobres polvo para solución oral,descargada
prod-40402,Lechuga crema Soft 110 ml + 55 ml,Dermocosmética,,,,,sin coincidencia segura
prod-580,Lechuga crema 60 ml,Dermocosmética,,,,,sin coincidencia segura
prod-49724,Leritac 500 mg 30 comprimidos Opko (Levetiracetam 500 mg),Medicamentos,Dr. Simi,/products/importadas/prod-49724-leritac-500-mg-30-comprimidos-opko-levetiracetam-500-mg-dr-simi.jpg,https://farmaciasdeldrsimicl.vteximg.com.br/arquivos/ids/158695/FOTOS-WEB-ECOMMERCE_0087_BE0064-1.jpg?v=638682360657900000,Leritac levetiracetam 500 mg 30 comprimidos recubiertos,descargada
prod-11489,"Lefkaflam Emulsion 50 g (Arnica 15 g, Esencia Romero 2 g, Eucalipto 1 g, Mentol 1,5 g, Trietanolamina 100 g)",Homeopatía,Dr. Simi,/products/importadas/prod-11489-lefkaflam-emulsion-50-g-arnica-15-g-esencia-romero-2-g-eucalipto-1-g-mentol--dr-simi.png,https://farmaciasdeldrsimicl.vteximg.com.br/arquivos/ids/158013/PLANTILLA-FOTOS-WEB-ECOMMERCE_0005_CH6142-1.png?v=638514723750100000,Lefkaflam emulsión tópica 15 g,descargada
prod-46299,Lefkur cápsulas 1000 mg 30,Medicamentos,,,,,sin coincidencia segura
prod-40283,Levofloxacino 500 mg 7 comprimidos recubiertos (Bioequivalente)pasteur,Medicamentos,Dr. Simi,/products/importadas/prod-40283-levofloxacino-500-mg-7-comprimidos-recubiertos-bioequivalente-pasteur-dr-simi.jpg,https://farmaciasdeldrsimicl.vteximg.com.br/arquivos/ids/160745/CH5120-01-ASCEND.jpg?v=639159285116300000,Levofloxacino 500 mg 7 comprimidos recubiertos,descargada
prod-33455,"Leukoplast 2,5cmx 5M",Dermocosmética,,,,,sin coincidencia segura
prod-49173,Levofloxacino comprimidos 500 mg x 7 Ascend,Medicamentos,Dr. Simi,/products/importadas/prod-49173-levofloxacino-comprimidos-500-mg-x-7-ascend-dr-simi.jpg,https://farmaciasdeldrsimicl.vteximg.com.br/arquivos/ids/160745/CH5120-01-ASCEND.jpg?v=639159285116300000,Levofloxacino 500 mg 7 comprimidos recubiertos,descargada
prod-17639,Levorigotax gotas 5 mg/ml 20 ml (Levocetirizina 5 mg/1 ml),Medicamentos,Dr. Simi,/products/importadas/prod-17639-levorigotax-gotas-5-mg-ml-20-ml-levocetirizina-5-mg-1-ml-dr-simi.jpg,https://farmaciasdeldrsimicl.vteximg.com.br/arquivos/ids/160903/CH5211-01.jpg?v=639165442327500000,Levorigotax levocetirizina 5 mg/mL solución oral para gotas 20 mL,descargada
prod-10444,Levonorgestrel + Etinil 28 comprimidos Mintlab,Medicamentos,,,,,sin coincidencia segura
prod-49176,Levotiroxina Sodica 100 Mc x 100 comprimidos Alembic ( bioequivalente ),Medicamentos,,,,,sin coincidencia segura
prod-49727,Leritac 1000 mg 30 comprimidos (Levetiracetam 1000 mg),Medicamentos,Dr. Simi,/products/importadas/prod-49727-leritac-1000-mg-30-comprimidos-levetiracetam-1000-mg-dr-simi.jpg,https://farmaciasdeldrsimicl.vteximg.com.br/arquivos/ids/158671/FOTOS-WEB-ECOMMERCE_0089_BE0067-1.jpg?v=638682298840900000,Leritac levetiracetam 1000 mg 30 comprimidos recubiertos,descargada
prod-38887,Levotiroxina 75 mcg 56 comprimidos Chile,Medicamentos,Dr. Simi,/products/importadas/prod-38887-levotiroxina-75-mcg-56-comprimidos-chile-dr-simi.jpg,https://farmaciasdeldrsimicl.vteximg.com.br/arquivos/ids/155422/BE0240-1.jpg?v=638664226270100000,Levotiroxina 75 mcg 56 comprimidos,descargada
prod-49579,Lifestyles Climax Control 12 Un,Medicamentos,,,,,sin coincidencia segura
prod-33203,Lifestyle Skin Premium 6,Medicamentos,,,,,sin coincidencia segura
prod-49620,Lifestyles Flavours 12U,Medicamentos,,,,,sin coincidencia segura
prod-24293,Lifestyles Large 12 Un (Nonoxinol 25 mg),Medicamentos,,,,,sin coincidencia segura
prod-10705,Lifestyles Nuda 12 Un,Medicamentos,Dr. Simi,/products/importadas/prod-10705-lifestyles-nuda-12-un-dr-simi.jpg,https://farmaciasdeldrsimicl.vteximg.com.br/arquivos/ids/156561/CH5921-1.jpg?v=637964773956730000,LifeStyles Ultra sensible NUDA preservativo  12 unidades,descargada
prod-49177,Levotiroxina Sodica 50 mcg,Medicamentos,Dr. Simi,/products/importadas/prod-49177-levotiroxina-sodica-50-mcg-dr-simi.jpg,https://farmaciasdeldrsimicl.vteximg.com.br/arquivos/ids/159391/Levotiroxina-Sodica-BE0205-1.jpg?v=639074524440500000,Levotiroxina 75 mcg 50 comprimidos,descargada
prod-49780,Lima Profesional Color Beauty 1 Un,Dermocosmética,,,,,sin coincidencia segura
prod-49781,Lima Animal Print x 2 Un,Dermocosmética,,,,,sin coincidencia segura
prod-50085,"Lip Vaseline 4,8 g Aloe Vera (Balsamo Labial) (Vaselina 4,8 g)",Dermocosmética,,,,,sin coincidencia segura
prod-50086,"Lip Vaseline Original (Balsamo Labial) (Vaselina 4,8 g)",Dermocosmética,,,,,sin coincidencia segura
prod-5725,Listerine Cool Mint 180 ml,Dermocosmética,,,,,sin coincidencia segura
prod-9661,Loperamida 6 comprimidos Mintlab,Medicamentos,Dr. Simi,/products/importadas/prod-9661-loperamida-6-comprimidos-mintlab-dr-simi.jpg,https://farmaciasdeldrsimicl.vteximg.com.br/arquivos/ids/155940/CH0060-1.jpg?v=637964771729500000,Loperamida 2 mg 6 comprimidos,descargada
prod-38775,Listerine Enj Anticaries 0ALC 250 ml,Dermocosmética,,,,,sin coincidencia segura
prod-29403,Listerine C Sarro 180 ml,Dermocosmética,,,,,sin coincidencia segura
prod-49475,"Linovera 30 ml (Aloe Vera 1/1, Centella Asiatica 1/1)",Dermocosmética,,,,,sin coincidencia segura
prod-49604,"Losartan Pot/Hidroclotiazida 50/12,5 30 comprimidos bioequivalente",Medicamentos,,,,,sin coincidencia segura
prod-29881,Loratadina 5 mg/5 ml jarabe 90 ml,Medicamentos,Dr. Simi,/products/importadas/prod-29881-loratadina-5-mg-5-ml-jarabe-90-ml-dr-simi.jpg,https://farmaciasdeldrsimicl.vteximg.com.br/arquivos/ids/160496/CH5894-01.jpg?v=639093505353730000,Loratadina 5 mg/5 mL jarabe 90 mL,descargada
prod-49256,Lux Jab Barra Flaw Less Glow 100 g,Dermocosmética,,,,,sin coincidencia segura
prod-49509,Losartan 100 mg 20 comprimidos (Hetero),Medicamentos,,,,,sin coincidencia segura
prod-49363,Lotadin 5 mg 30 comprimidos Opko (Desloratadina 5 mg),Medicamentos,,,,,sin coincidencia segura
prod-49804,Lubriderm Humec Diaria 750 ml,Dermocosmética,,,,,sin coincidencia segura
prod-50070,Lowfast x 60 cápsulas (Scl Cnp) (Vinagre De Manzana 1/1),Medicamentos,,,,,sin coincidencia segura
prod-49815,Lubriderm crema 946 ml Extra Humectante,Dermocosmética,,,,,sin coincidencia segura
prod-49529,"Maamvit Sup Alimentario 30 cápsulas (Ácido Folico 0,5 mg, Colecalciferol 0,02 mg, Dha 27,56 mg, Hierro 25 mg, Yodo 0,15 mg)",Cuidado familiar,,,,,sin coincidencia segura
prod-49585,Magnesio Quelado 60 cápsulas,Cuidado familiar,,,,,sin coincidencia segura
prod-49255,Lux Jab Barra Radiant Glow 100 g,Dermocosmética,,,,,sin coincidencia segura
prod-50069,Maqui 500 mg x 60 cápsulas (Scl Cnp) (Maqui 500 mg),Medicamentos,,,,,sin coincidencia segura
prod-7268,Macrosan 50 mg 20 cápsulas (bioequivalente) (Nitrofurantoina 50 mg),Medicamentos,Dr. Simi,/products/importadas/prod-7268-macrosan-50-mg-20-capsulas-bioequivalente-nitrofurantoina-50-mg-dr-simi.jpg,https://farmaciasdeldrsimicl.vteximg.com.br/arquivos/ids/155414/BE0035-1.jpg?v=638949229610030000,Macrosan nitrofurantoína 50 mg 20 cápsulas,descargada
prod-49989,Masticable Kegol Frutilla Unidad,Cuidado familiar,,,,,sin coincidencia segura
prod-31055,Mebendazol 100 mg 6 comprimidos Mintl,Medicamentos,Dr. Simi,/products/importadas/prod-31055-mebendazol-100-mg-6-comprimidos-mintl-dr-simi.jpg,https://farmaciasdeldrsimicl.vteximg.com.br/arquivos/ids/156911/130-1.jpg?v=638012014584900000,Mebendazol 100 mg 6 comprimidos masticables,descargada
prod-49990,Masticable Kegol Uva Unidad,Cuidado familiar,,,,,sin coincidencia segura
prod-46216,Mebendazol Sus 100 mg 35M*,Medicamentos,Dr. Simi,/products/importadas/prod-46216-mebendazol-sus-100-mg-35m-dr-simi.jpg,https://farmaciasdeldrsimicl.vteximg.com.br/arquivos/ids/158559/FOTOS-WEB-ECOMMERCE_0004_CH0237-1.jpg?v=638675548949470000,Mebendazol 100 mg/5 mL suspensión oral 35 mL,descargada
prod-11161,Mascarilla 3 Dpliegues Blanca Cja 50uds,Medicamentos,,,,,sin coincidencia segura
prod-49360,Melatonina 3 mg 30 comprimidos Momenta,Medicamentos,,,,,sin coincidencia segura
prod-40392,Medicasp Sh 1%130 ml (Ketoconazol 1%),Medicamentos,,,,,sin coincidencia segura
prod-32871,Meloxicam 15 mg 10 comprimidos Pasteur,Medicamentos,,,,,sin coincidencia segura
prod-13579,"Melipass 24 cápsulas (Melisa 127,5 mg, Pasiflora 127,5 mg)",Homeopatía,,,,,sin coincidencia segura
prod-13580,"Melipass 60 cápsulas (Melisa 127,5 mg, Pasiflora 127,5 mg)",Homeopatía,Dr. Simi,/products/importadas/prod-13580-melipass-60-capsulas-melisa-127-5-mg-pasiflora-127-5-mg-dr-simi.jpg,https://farmaciasdeldrsimicl.vteximg.com.br/arquivos/ids/156321/CH5675-1.jpg?v=637964773094370000,"Melipass melissa 127,5 mg passiflora 127,5 mg 60 cápsulas",descargada
prod-50073,Melissa Te x 20 Bolsitas (Scl Cnp) (Melisa 2 g),Medicamentos,,,,,sin coincidencia segura
prod-5076,"Mentholatum Lata 12 g (Alcanfor 9 g, Mentol 1,35 g)",Medicamentos,,,,,sin coincidencia segura
prod-39490,Memanvitae 10 mg 56 comprimidos Recubiertos(bioequivalente) (Memantina 10 mg),Cuidado familiar,,,,,sin coincidencia segura
prod-5075,"Mentholatum Lata 36 g (Alcanfor 9 g, Mentol 1,35 g)",Medicamentos,,,,,sin coincidencia segura
prod-49719,Memantina Clorhidrato 20 mg 30 comprimidos Pharmatech,Medicamentos,,,,,sin coincidencia segura
prod-32037,Mentholatum Pote 30 g,Medicamentos,,,,,sin coincidencia segura
prod-22460,"Merpal Sp 1,16% 110 ml (Diclofenaco Dietilamina 1,16%)",Medicamentos,,,,,sin coincidencia segura
prod-6166,Merpal gotas 15 mg/20 ml (Diclofenaco Potasico 15 mg/1 ml),Medicamentos,Dr. Simi,/products/importadas/prod-6166-merpal-gotas-15-mg-20-ml-diclofenaco-potasico-15-mg-1-ml-dr-simi.jpg,https://farmaciasdeldrsimicl.vteximg.com.br/arquivos/ids/160384/CH7493-01.jpg?v=639041697515770000,Merpal diclofenaco 15 mg/mL suspensión para gotas orales 20 mL,descargada
prod-39829,Metformina LP 500 mg 30 Comprimidos(bioequivalente)ascend,Medicamentos,Dr. Simi,/products/importadas/prod-39829-metformina-lp-500-mg-30-comprimidos-bioequivalente-ascend-dr-simi.jpg,https://farmaciasdeldrsimicl.vteximg.com.br/arquivos/ids/160447/Ascend-BE0093-01.jpg?v=639066074555200000,Glimefor XR metformina 500 mg 30 comprimidos de liberación prolongada,descargada
prod-39356,Metamizol Sod 300 mg 20 comprimidos (Bioequivalente)mintlab,Medicamentos,,,,,sin coincidencia segura
prod-33359,"Metotrexato 2,5 mg 100 comprimidos bioequivalente Mintlab",Medicamentos,,,,,sin coincidencia segura
prod-10516,Metronidazol 500 mg 10 Ovu Lchile,Medicamentos,,,,,sin coincidencia segura
prod-9618,Metamizol 250 mg 5 Sup,Medicamentos,Dr. Simi,/products/importadas/prod-9618-metamizol-250-mg-5-sup-dr-simi.jpg,https://farmaciasdeldrsimicl.vteximg.com.br/arquivos/ids/155954/CH0115-1.jpg?v=637964771780970000,Metamizol 250 mg 5 supositorios,descargada
prod-47463,Millefiori crema Dep P/Sen 20 g Facial,Dermocosmética,,,,,sin coincidencia segura
prod-8718,Mintamox Inf 15 mg 5 ml (Ambroxol 15 mg/5 ml),Medicamentos,,,,,sin coincidencia segura
prod-49439,Millefiori Bandas Depilat Facial,Dermocosmética,,,,,sin coincidencia segura
prod-49720,Mirtavitae 30 mg 30 comprimidos (Mirtazapina 30 mg),Cuidado familiar,,,,,sin coincidencia segura
prod-26344,"Mintalub crema Pomo 35 g (Mentol 5,91 g, Salicilato De Metilo 12,8 g)",Dermocosmética,,,,,sin coincidencia segura
prod-49647,Metformina Clorhidrato 850 mg 60 comprimidos,Medicamentos,Dr. Simi,/products/importadas/prod-49647-metformina-clorhidrato-850-mg-60-comprimidos-dr-simi.png,https://farmaciasdeldrsimicl.vteximg.com.br/arquivos/ids/158455/FOTOS-WEB-ECOMMERCE_0011_BE0299-1.png?v=638665096600600000,Vildavitae plus vildagliptina 50 mg metformina 850 mg 60 comprimidos recubiertos,descargada
prod-49637,Mirtazapina 15 mg 30 comprimidos bioequivalente,Medicamentos,Dr. Simi,/products/importadas/prod-49637-mirtazapina-15-mg-30-comprimidos-bioequivalente-dr-simi.jpg,https://farmaciasdeldrsimicl.vteximg.com.br/arquivos/ids/157616/BE0270-1.jpg?v=638282681918770000,Mirtazapina 30 mg 30 comprimidos bucodispersables,descargada
prod-49706,Mirtazapina 30 mg 30 comprimidos (Chile),Medicamentos,,,,,sin coincidencia segura
prod-49638,Modavitae 200 mg 30 comprimidos (Modafinilo 200 mg),Cuidado familiar,Dr. Simi,/products/importadas/prod-49638-modavitae-200-mg-30-comprimidos-modafinilo-200-mg-dr-simi.jpg,https://farmaciasdeldrsimicl.vteximg.com.br/arquivos/ids/158743/FOTOS-WEB-ECOMMERCE_0108_BE0216-1.jpg?v=638684067496970000,Modavitae modafinilo 200 mg 30 comprimidos,descargada
prod-34633,Mucivil solución Top Sp 1% 20 ml (Terbinafina 1%),Medicamentos,,,,,sin coincidencia segura
prod-49843,Moringa 520 mg Aura Vit 90 cápsulas,Cuidado familiar,,,,,sin coincidencia segura
prod-50124,"Multi 3 Vitamina 30 comprimidos (Minerales 1/1, Probioticos 1/1, Vitaminas 1/1)",Cuidado familiar,Dr. Simi,/products/importadas/prod-50124-multi-3-vitamina-30-comprimidos-minerales-1-1-probioticos-1-1-vitaminas-1-1-dr-simi.jpg,https://farmaciasdeldrsimicl.vteximg.com.br/arquivos/ids/160289/CH5734-01.jpg?v=639034000403170000,Simigold multivitaminico  30 comprimidos,descargada
prod-49696,"Muno 400 UI 30 comprimidos (Probioticos 1/1, Vitaminas 1/1)",Medicamentos,,,,,sin coincidencia segura
prod-49892,"Multivitaminico Forte 30 cápsulas (Minerales 1/1, Probioticos 1/1, Vitaminas 1/1)",Cuidado familiar,,,,,sin coincidencia segura
prod-50191,Multi Vitaminas + Minerales,Cuidado familiar,,,,,sin coincidencia segura
prod-50104,"Muno Start 400 UI x 30sobres (Ácido Ascorbico 1/1, Bifidobacterium Lactis Blíster-04 1/1, Lactobacillus Rhamnosus 1/1, Vitamina D 1/1)",Medicamentos,,,,,sin coincidencia segura
prod-29166,"Multiflora Plus 30 cápsulas (Lactobacillus Ácidophilus 1 mg, Lactobacillus Casei 1 mg, Lactobacillus Reuteri 1 mg, Lactobacillus Rhamnosus 1 mg)",Medicamentos,Dr. Simi,/products/importadas/prod-29166-multiflora-plus-30-capsulas-lactobacillus-acidophilus-1-mg-lactobacillus-cas-dr-simi.jpg,https://farmaciasdeldrsimicl.vteximg.com.br/arquivos/ids/156307/CH5637-1.jpg?v=637964773042900000,Elcal D Plus calcio 500 mg vitamina D 400 UI 30 cápsulas,descargada
prod-35726,"Mupax ungüento 2% 7,5 g (Mupirocina 1 mg)",Dermocosmética,,,,,sin coincidencia segura
prod-7442,Muxol jarabe Inf 15 mg 100 ml (Ambroxol 15 mg),Medicamentos,,,,,sin coincidencia segura
prod-31687,"Nartan 2,5 mg 10 comprimidos (Naratriptan 2,5 mg)",Medicamentos,,,,,sin coincidencia segura
prod-836,"Nastizol comprimidos jarabe 100 ml (Clorfenamina 2 mg/5 ml, Paracetamol 125 mg/5 ml, Pseudoefedrina 30 mg/5 ml)",Medicamentos,,,,,sin coincidencia segura
prod-49932,"Nanormen Puppy Suspencion oral (Pirantel 14,4 mg)",Veterinaria,,,,,sin coincidencia segura
prod-13823,"Nasolver jarabe 100 ml (Clorfenamina 2 mg/5 ml, Codeina 10 mg/5 ml, Pseudoefedrina 30 mg/5 ml)",Medicamentos,,,,,sin coincidencia segura
prod-49933,"Nanormen Suspencion oral (Pirantel 144,13 mg)",Veterinaria,,,,,sin coincidencia segura
prod-14944,"Nastizol D/N 18 comprimidos (Clorfenamina 4 mg, Paracetamol 500 mg, Pseudoefedrina 60 mg)",Medicamentos,,,,,sin coincidencia segura
prod-1478,"Nastul comprimidos 10 comprimidos recubiertos (Clorfenamina 4 mg, Paracetamol 500 mg, Pseudoefedrina 60 mg)",Medicamentos,,,,,sin coincidencia segura
prod-1479,"Nastul comprimidos jarabe 100 ml (Clorfenamina 2 mg/5 ml, Paracetamol 125 mg/5 ml, Pseudoefedrina 30 mg/5 ml)",Medicamentos,Dr. Simi,/products/importadas/prod-1479-nastul-comprimidos-jarabe-100-ml-clorfenamina-2-mg-5-ml-paracetamol-125-mg-5-dr-simi.jpg,https://farmaciasdeldrsimicl.vteximg.com.br/arquivos/ids/157109/CH7188-1.jpg?v=638012015283700000,Nastul compuesto jarabe 100 mL,descargada
prod-40296,"Naticare Supra 30 cápsulas (Biotina, Hierro, Minerales, Selenio, Vitaminas, Vitaminas B, Yodo)",Medicamentos,,,,,sin coincidencia segura
prod-46698,Naturaloe Gel 150 ml,Dermocosmética,,,,,sin coincidencia segura
prod-1480,"Nastul gotas 15 ml (Clorfenamina 1 mg, Pseudoefedrina 30 mg)",Medicamentos,Dr. Simi,/products/importadas/prod-1480-nastul-gotas-15-ml-clorfenamina-1-mg-pseudoefedrina-30-mg-dr-simi.jpg,https://farmaciasdeldrsimicl.vteximg.com.br/arquivos/ids/155970/CH0202-1.jpg?v=637964771839000000,Nastul clorfenamina 1 mg pseudoefedrina 30 mg solución para gotas orales 15 mL,descargada
prod-46702,Naturaloe Aco Hidr 350 ml,Dermocosmética,,,,,sin coincidencia segura
prod-46695,Naturaloe Sh Hidr 350 ml,Dermocosmética,,,,,sin coincidencia segura
prod-23615,Naxpet 10 mg 10 comprimidos (Ketoprofeno 10 mg),Veterinaria,,,,,sin coincidencia segura
prod-24646,Naxpet 30 mg 10 comprimidos (Ketoprofeno 30 mg),Veterinaria,,,,,sin coincidencia segura
prod-28673,"Naxpet suspensión oral 0,4% 20 ml (Ketoprofeno 0,4%)",Veterinaria,,,,,sin coincidencia segura
prod-40574,"Nefex Duo 0,5/0,4 mg 30 cápsulas LP (Dutasterida 0,5 mg, Tamsulosina 0,4 mg)",Medicamentos,,,,,sin coincidencia segura
prod-40808,Nebivitae 5 mg 28 comprimidos (bioequivalente) (Nebivolol 5 mg),Cuidado familiar,,,,,sin coincidencia segura
prod-49402,Neutrogena crema Anti Edad 100 g,Dermocosmética,,,,,sin coincidencia segura
prod-30425,Neneglos Advance 20 g (Ox Zinc),Medicamentos,,,,,sin coincidencia segura
prod-49511,Nexcare Parche Ocular Adulto 14 Un,Accesorios,,,,,sin coincidencia segura
prod-31173,Neneglos Advanced 40 g (Ox Zinc 40%),Medicamentos,,,,,sin coincidencia segura
prod-49,Nexcare Cold Hot Compresas Frio/Calor,Medicamentos,,,,,sin coincidencia segura
prod-49652,"Next Gl 12 comprimidos Re (Ácido Ascorbico 50 mg, Cafeina 33 mg, Noscapina 10 mg, Paracetamol 400 mg)",Medicamentos,,,,,sin coincidencia segura
prod-49968,"Next Gl Plus 6 comprimidos (Ácido Ascorbico 50 mg, Cafeina 33 mg, Clorfenamina 4 mg, Noscapina 10 mg, Paracetamol 400 mg)",Medicamentos,Dr. Simi,/products/importadas/prod-49968-next-gl-plus-6-comprimidos-acido-ascorbico-50-mg-cafeina-33-mg-clorfenamina--dr-simi.jpg,https://farmaciasdeldrsimicl.vteximg.com.br/arquivos/ids/157601/CH6100.jpg?v=638279614093730000,Tapsin compuesto DN plus 18 comprimidos recubiertos,descargada
prod-2906,"Nervoton jarabe 120 ml (Cianocobalamina, Nicotinamida 0,1 mg, Piridoxina 0,003 g, Riboflavina 0,025 g, Tiamina 0,012 g)",Medicamentos,,,,,sin coincidencia segura
prod-7446,"Nicotears Gel 140apli (Carbomero 974P 0,15%, Manitol 4,6%)",Medicamentos,,,,,sin coincidencia segura
prod-10526,Nistatina 12OV Lchile,Medicamentos,,,,,sin coincidencia segura
prod-44025,Nivea B Lotion Hid Express Norm 400,Dermocosmética,,,,,sin coincidencia segura
prod-16744,Nivea Body Milk Hidrat Express 250 ml,Dermocosmética,,,,,sin coincidencia segura
prod-1049,Nivea Body Milk P/Ex Seca 250 ml,Dermocosmética,,,,,sin coincidencia segura
prod-39686,"Nivea crema Ant Arr Reaf 50 g 45 + (Paracetamol, Tramadol)",Dermocosmética,,,,,sin coincidencia segura
prod-1055,Nivea Body Milk P/Seca 250 ml,Dermocosmética,,,,,sin coincidencia segura
prod-39687,Nivea crema Ant Arr Rev 50 g 55 +,Dermocosmética,,,,,sin coincidencia segura
prod-17153,Nivea Body Q 10 Plus Reaf P/Normal 250 ml,Dermocosmética,,,,,sin coincidencia segura
prod-11079,Nistatina-metronid Ov 10 Lchile,Medicamentos,,,,,sin coincidencia segura
prod-39681,Nivea crema Men 75 ml,Dermocosmética,,,,,sin coincidencia segura
prod-44032,Nivea crema Milk Nut Prom 400,Medicamentos,,,,,sin coincidencia segura
prod-39683,Nivea Des F/Men Sp Fresh Ocean 150 ml,Dermocosmética,,,,,sin coincidencia segura
prod-26752,Nivea Des F/Men Roll-on Inv B/White Power 50 ml,Dermocosmética,,,,,sin coincidencia segura
prod-1058,Nivea Creme 60 ml,Dermocosmética,,,,,sin coincidencia segura
prod-29329,Nivea Des F/W Sp S Protect 150 ml,Dermocosmética,,,,,sin coincidencia segura
prod-1057,Nivea Creme 30 ml,Dermocosmética,,,,,sin coincidencia segura
prod-13832,Nivea Des F/W Roll-on P Beauty 50 ml,Dermocosmética,,,,,sin coincidencia segura
prod-14251,Nivea Des F/W Sp Pearl Beauty 150 ml,Dermocosmética,,,,,sin coincidencia segura
prod-49281,Nivea Des Tono Natural 50 ml,Dermocosmética,,,,,sin coincidencia segura
prod-45378,Nivea Essent Car Prot Lab (Karite 1 mg),Medicamentos,,,,,sin coincidencia segura
prod-45380,Nivea Fruity Cherry Shine F 10 Prot Lab,Dermocosmética,,,,,sin coincidencia segura
prod-31942,Nivea Des F/W Sp Protect&care 150 ml,Dermocosmética,,,,,sin coincidencia segura
prod-49440,Nivea Jabon Barra Crem Care 3 x 125 g con U,Higiene,,,,,sin coincidencia segura
prod-12535,Nogesta 75MC 28 comprimidos (Desogestrel 75 mcg),Medicamentos,Dr. Simi,/products/importadas/prod-12535-nogesta-75mc-28-comprimidos-desogestrel-75-mcg-dr-simi.jpg,https://farmaciasdeldrsimicl.vteximg.com.br/arquivos/ids/157839/BE0284-1.jpg?v=638435976702770000,Nogesta desogestrel 75 mcg 28 comprimidos recubiertos,descargada
prod-10606,Nivea Men Esp Af Sensit 200 ml,Dermocosmética,,,,,sin coincidencia segura
prod-44923,Nosot Jab Int Nat Sen 150M,Dermocosmética,,,,,sin coincidencia segura
prod-49803,Nivea Reg Intensiva 72 H 400 ml,Dermocosmética,,,,,sin coincidencia segura
prod-23973,Nosotras T/Mater Suave 10 Un,Dermocosmética,,,,,sin coincidencia segura
prod-39065,Nosotras B Noc con A T/Suave 8 Un,Dermocosmética,,,,,sin coincidencia segura
prod-17654,Nosotras Prot Diario 100 Un,Dermocosmética,,,,,sin coincidencia segura
prod-9374,Nosotras Prot Diario Largos 30 Un,Dermocosmética,,,,,sin coincidencia segura
prod-14473,Nosotras Tampon con Apl Reg 8 Un,Dermocosmética,,,,,sin coincidencia segura
prod-37033,Nosotras Tampon Super Plus 8UD,Dermocosmética,,,,,sin coincidencia segura
prod-14474,Nosotras Tampon con Apl Super 8 Un,Dermocosmética,,,,,sin coincidencia segura
prod-753,"Np 27 Sp 60 ml (Ácido Undecilenico 8,71 g)",Medicamentos,,,,,sin coincidencia segura
prod-44920,Nosotras Toahig Nor Su con A 30,Dermocosmética,,,,,sin coincidencia segura
prod-752,"Np 27 30 ml (Ácido Undecilenico 8,71 g/100 ml, Alcohol Isopropilico 62,14 g/100 ml)",Medicamentos,Dr. Simi,/products/importadas/prod-752-np-27-30-ml-acido-undecilenico-8-71-g-100-ml-alcohol-isopropilico-62-14-g-10-dr-simi.jpg,https://farmaciasdeldrsimicl.vteximg.com.br/arquivos/ids/156251/CH5548-1.jpg?v=637964772849400000,"NP-27 ácido undecilénico 8,71 % solución tópica gotas 30 mL",descargada
prod-7448,"Novotears solución oftálmica 10 ml (Dextran 1 mg/1 ml, Hipromelosa 3 mg/1 ml, Nafazolina 0,12 mg/1 ml)",Medicamentos,Dr. Simi,/products/importadas/prod-7448-novotears-solucion-oftalmica-10-ml-dextran-1-mg-1-ml-hipromelosa-3-mg-1-ml-n-dr-simi.jpg,https://farmaciasdeldrsimicl.vteximg.com.br/arquivos/ids/159554/Novotears-CH6031-1.jpg?v=638944958196600000,"Novotears nafazolina 0,012 % solución oftálmica estéril 10 mL",descargada
prod-40488,Oftafilm Sp solución oftálmica 10 ml,Medicamentos,Dr. Simi,/products/importadas/prod-40488-oftafilm-sp-solucion-oftalmica-10-ml-dr-simi.jpg,https://farmaciasdeldrsimicl.vteximg.com.br/arquivos/ids/160261/CH6277-01.jpg?v=639033958355130000,"Oftafilm SP hialuronato de sodio 0,4 % solución oftálmica estéril 10 mL",descargada
prod-7463,"Oftavir ungüento Oft 3,5 g (Aciclovir 3%)",Dermocosmética,,,,,sin coincidencia segura
prod-14929,"Oftol Sus Oft 0,2% x 5 ml (Loteprednol Etabonato 0,2%)",Medicamentos,,,,,sin coincidencia segura
prod-4837,"Obleas Chinas 5 Un (Ácido Acetilsalicilico 400 mg, Cafeina 15 mg)",Medicamentos,Dr. Simi,/products/importadas/prod-4837-obleas-chinas-5-un-acido-acetilsalicilico-400-mg-cafeina-15-mg-dr-simi.jpg,https://farmaciasdeldrsimicl.vteximg.com.br/arquivos/ids/156128/CH5286-1.jpg?v=637964772408270000,Obleas chinas ácido acetilsalicílico 400 mg cafeína 15 mg 5 obleas,descargada
prod-30600,Old Spice Des Sp A/P Imagen Vip 150 ml,Dermocosmética,,,,,sin coincidencia segura
prod-35680,Olanvitae 5 mg 28 comprimidos recubiertos (bioequivalente) (Olanzapina 5 mg),Cuidado familiar,Dr. Simi,/products/importadas/prod-35680-olanvitae-5-mg-28-comprimidos-recubiertos-bioequivalente-olanzapina-5-mg-dr-simi.jpg,https://farmaciasdeldrsimicl.vteximg.com.br/arquivos/ids/155746/BE0144-1.jpg?v=637964771067900000,Olanvitae olanzapina 5 mg 28 comprimidos recubiertos,descargada
prod-49639,Olanzyl 10 mg 28 comprimidos (Olanzapina 10 mg),Medicamentos,,,,,sin coincidencia segura
prod-49635,Oftalpred 1% 5 ml (Prednisolona Acetato 10 mg),Medicamentos,Dr. Simi,/products/importadas/prod-49635-oftalpred-1-5-ml-prednisolona-acetato-10-mg-dr-simi.png,https://farmaciasdeldrsimicl.vteximg.com.br/arquivos/ids/160120/CH5160-1.png?v=638971764878230000,Prednisolona 1 % suspensión oftálmica 5 mL,descargada
prod-15961,Old Spice Des Sp Fresh 150 ml,Dermocosmética,,,,,sin coincidencia segura
prod-44643,Old Spice Des Sp Lena 150 ml,Dermocosmética,,,,,sin coincidencia segura
prod-10383,Old Spice Des Sp Pure Sport 150 ml,Dermocosmética,,,,,sin coincidencia segura
prod-50147,"Olmepress-d 20/12,5 Olmesartan",Medicamentos,,,,,sin coincidencia segura
prod-29735,Old Spice Des Sp Wolf 152 ml,Dermocosmética,,,,,sin coincidencia segura
prod-49366,"Olmepress-d 40/12,5 30 comprimidos (Hidroclorotiazida 12,5 mg, Olmesartan 40 mg)",Medicamentos,,,,,sin coincidencia segura
prod-49770,Olmesartan 40 mg 30 comprimidos Alembic,Medicamentos,,,,,sin coincidencia segura
prod-49721,"Olmesartan/Hidroclorot 20/12,5 mg 30 comprimidos",Medicamentos,,,,,sin coincidencia segura
prod-49897,Omega 3 30 cápsulas,Cuidado familiar,,,,,sin coincidencia segura
prod-49728,"Olmesartan/Hidroclorot 40/12,5 mg 30 comprimidos",Medicamentos,,,,,sin coincidencia segura
prod-49588,Omega 3 60 cápsulas,Cuidado familiar,,,,,sin coincidencia segura
prod-50140,Omega 3 Ultra Puro 120 cápsulas,Cuidado familiar,,,,,sin coincidencia segura
prod-42477,Opti-free Puremoist 300 ml (Desinfeccion Lentes De Contacto 1/1),Medicamentos,,,,,sin coincidencia segura
prod-49479,Ondansentron 8 mg (Ondansetron 8 mg),Medicamentos,,,,,sin coincidencia segura
prod-49271,Oral B Cep Complete Clean Medium,Dermocosmética,,,,,sin coincidencia segura
prod-49481,Oral B Cepillo Elec Charcoal 1 Un,Higiene,,,,,sin coincidencia segura
prod-49802,Oral B Indicator Extra Soft 2 Un,Dermocosmética,,,,,sin coincidencia segura
prod-44401,Oral-b Cep Ind P/Anualx 4,Dermocosmética,,,,,sin coincidencia segura
prod-32016,Oral-b Cepillo Kids Mickey,Higiene,,,,,sin coincidencia segura
prod-4845,"Oralgene 0,12% 120 ml (Clorhexidina 0,12%)",Medicamentos,,,,,sin coincidencia segura
prod-44435,Oral-bioequivalente Floss Hil 25MT 2,Dermocosmética,,,,,sin coincidencia segura
prod-46554,"Otipax solución gotas Oti 13 ml (Lidocaina 1,2 g/100 ml, Propifenazona 4,8 g/100 ml)",Medicamentos,,,,,sin coincidencia segura
prod-31312,Oxolamina 28 mg/5 ml 100 ml Mintlab,Medicamentos,,,,,sin coincidencia segura
prod-49975,Oxido De Zinc,Cuidado familiar,,,,,sin coincidencia segura
prod-49410,Oximetro De Pulso Oht 60,Medicamentos,,,,,sin coincidencia segura
prod-50093,Pack Familiar x 3 Elite Doble Hoja x 50 Pañuelos Desechables,Medicamentos,,,,,sin coincidencia segura
prod-1487,Panagesic 500 mg 30 comprimidos (Paracetamol 500 mg),Medicamentos,,,,,sin coincidencia segura
prod-36579,Pampers Conf Sec Xg 16,Dermocosmética,,,,,sin coincidencia segura
prod-50131,Ondansetron 4 mg,Medicamentos,Dr. Simi,/products/importadas/prod-50131-ondansetron-4-mg-dr-simi.jpg,https://farmaciasdeldrsimicl.vteximg.com.br/arquivos/ids/160732/BE0258-01-HETERO.jpg?v=639159261275400000,Otoc ondansetron 4 mg 8 comprimidos bucodispersables,descargada
prod-12490,Pantene Ácido Control Caida 400 ml,Dermocosmética,,,,,sin coincidencia segura
prod-41234,Pantene Ácido Fza/Reconst 400 ml,Dermocosmética,,,,,sin coincidencia segura
prod-16263,Pantene Ácido Restauracion 400 ml,Dermocosmética,,,,,sin coincidencia segura
prod-49970,Omega 3 60 cápsulas,Cuidado familiar,,,,,sin coincidencia segura
prod-11583,Pantene Sh Control Caida 400 ml,Dermocosmética,,,,,sin coincidencia segura
prod-29171,Pantene Ácido Hidr Extrema 400 ml,Dermocosmética,,,,,sin coincidencia segura
prod-39869,Pantene Sh Fuerza/Rep 400 ml,Dermocosmética,,,,,sin coincidencia segura
prod-6325,Pantene Sh Cuidado Clasico 400 ml,Dermocosmética,,,,,sin coincidencia segura
prod-10924,Pantene Sh Rizos Definidos 400 ml,Dermocosmética,,,,,sin coincidencia segura
prod-9693,Paracetamol 125 mg 6SUP l Chile,Medicamentos,,,,,sin coincidencia segura
prod-29170,Pantene Sh Hidr Extrema 400 ml,Dermocosmética,,,,,sin coincidencia segura
prod-16410,Pantene Sh Restauracion 400 ml,Dermocosmética,,,,,sin coincidencia segura
prod-111,"Pedialyte Manzana 500 Cc (Citrato De Potasio, Citrato De Sodio, Cloruro De Sodio, Dextrosa)",Medicamentos,,,,,sin coincidencia segura
prod-8439,"Pasta Lassar 30 g Valma (Lanolina 1/1, Ox Zinc 1/1, Vaselina 1/1)",Medicamentos,Dr. Simi,/products/importadas/prod-8439-pasta-lassar-30-g-valma-lanolina-1-1-ox-zinc-1-1-vaselina-1-1-dr-simi.jpg,https://farmaciasdeldrsimicl.vteximg.com.br/arquivos/ids/155976/CH0215-1.jpg?v=637964771858100000,Pasta lassar óxido de zinc 25 % pomada tópica 30 g,descargada
prod-49234,"Penicil Ben Amp 1200000u* (Penicilina Benzatina 0,991 g)",Medicamentos,Dr. Simi,/products/importadas/prod-49234-penicil-ben-amp-1200000u-penicilina-benzatina-0-991-g-dr-simi.jpg,https://farmaciasdeldrsimicl.vteximg.com.br/arquivos/ids/155517/41-1.jpg?v=637964770262400000,Bencilpenicilina benzatina 1200000 UI 1 frasco ampolla polvo para suspensión inyectable,descargada
prod-49559,Paz Pet 60 ml,Veterinaria,,,,,sin coincidencia segura
prod-49469,Peineta Beauty 100,Dermocosmética,,,,,sin coincidencia segura
prod-49284,Pepsodent Int 18 Dientes Sensibles 75 g,Dermocosmética,,,,,sin coincidencia segura
prod-49282,Pepsodent Int Pas Limp Prof 96 g,Dermocosmética,,,,,sin coincidencia segura
prod-49391,Perfilador De Cejas,Dermocosmética,,,,,sin coincidencia segura
prod-49909,Petalos Desmaquillantes 80 Un,Dermocosmética,,,,,sin coincidencia segura
prod-47155,Petri Toa Des Agu Mice 25,Medicamentos,,,,,sin coincidencia segura
prod-49431,Petrizzio Body Break Hidra 200 ml,Dermocosmética,Dr. Simi,/products/importadas/prod-49431-petrizzio-body-break-hidra-200-ml-dr-simi.jpg,https://farmaciasdeldrsimicl.vteximg.com.br/arquivos/ids/160228/CH6284-1.jpg?v=639017474116000000,Fragancia hair & body mist take a break 200 mL,descargada
prod-49429,Petrizzio Body Caramel Hidr 200 ml,Dermocosmética,Dr. Simi,/products/importadas/prod-49429-petrizzio-body-caramel-hidr-200-ml-dr-simi.jpg,https://farmaciasdeldrsimicl.vteximg.com.br/arquivos/ids/160228/CH6284-1.jpg?v=639017474116000000,Fragancia hair & body mist take a break 200 mL,descargada
prod-49222,Petrizzio Agua Micelar Hyaluronic Boost x 400,Dermocosmética,,,,,sin coincidencia segura
prod-49430,Petrizzio Body Carnival Hidra 200 ml,Dermocosmética,Dr. Simi,/products/importadas/prod-49430-petrizzio-body-carnival-hidra-200-ml-dr-simi.jpg,https://farmaciasdeldrsimicl.vteximg.com.br/arquivos/ids/160228/CH6284-1.jpg?v=639017474116000000,Fragancia hair & body mist take a break 200 mL,descargada
prod-49433,Petrizzio Body Mode One Hidra 200 ml,Dermocosmética,Dr. Simi,/products/importadas/prod-49433-petrizzio-body-mode-one-hidra-200-ml-dr-simi.jpg,https://farmaciasdeldrsimicl.vteximg.com.br/arquivos/ids/160230/CH6285-1.jpg?v=639017474599330000,Fragancia hair & body mist vacation mode on 200 mL,descargada
prod-49432,Petrizzio Body Party Hidra 200 ml,Dermocosmética,Dr. Simi,/products/importadas/prod-49432-petrizzio-body-party-hidra-200-ml-dr-simi.jpg,https://farmaciasdeldrsimicl.vteximg.com.br/arquivos/ids/160232/CH6286-1.jpg?v=639017475955200000,Fragancia hair & body mist ready to party 200 mL,descargada
prod-49856,Petrizzio Facial Antimancha FPS 50,Protección solar,Dr. Simi,/products/importadas/prod-49856-petrizzio-facial-antimancha-fps-50-dr-simi.jpg,https://farmaciasdeldrsimicl.vteximg.com.br/arquivos/ids/160224/CH6283-1.jpg?v=639017473394870000,Petrizzio fotoprotector facial fluido FPS 50 invisible antimanchas 40 mL,descargada
prod-38962,Phb Cep Orthodontic + Pasta 15 ml,Dermocosmética,,,,,sin coincidencia segura
prod-49502,Phb Cep Super 6 Sensib Plus x 2,Dermocosmética,,,,,sin coincidencia segura
prod-49417,Petrizzio Quita Esmalte 75 ml,Dermocosmética,,,,,sin coincidencia segura
prod-35385,Phb Cep Super 6 Sensible,Dermocosmética,,,,,sin coincidencia segura
prod-2536,Phb Cep Petit Niño,Dermocosmética,,,,,sin coincidencia segura
prod-2542,Phb Cep Junior,Dermocosmética,,,,,sin coincidencia segura
prod-34035,Phb Cep Super 7suave 2UD Pack,Dermocosmética,,,,,sin coincidencia segura
prod-13017,Phb Cep Super 9 Duro,Dermocosmética,,,,,sin coincidencia segura
prod-16448,"Piascledine 300 mg 30 cápsulas (Glycine Max 200 mg, Persea Gratissima 100 mg)",Medicamentos,,,,,sin coincidencia segura
prod-38963,Phb Cep Super 8 Medio,Dermocosmética,,,,,sin coincidencia segura
prod-47016,"Pielarm crema H Int O 9 + 6,350",Medicamentos,,,,,sin coincidencia segura
prod-39898,Phb crema Dental White 75 ml,Dermocosmética,,,,,sin coincidencia segura
prod-47077,Pielarm crema Liq Carac 160M,Medicamentos,,,,,sin coincidencia segura
prod-30431,Pielarmina crema Manos Parfina + Calendula 70 g,Dermocosmética,,,,,sin coincidencia segura
prod-49394,Pielarmina Body Colageno 350 ml Corporal,Dermocosmética,,,,,sin coincidencia segura
prod-49972,Picolinato De Cromo 30 cápsulas,Medicamentos,Dr. Simi,/products/importadas/prod-49972-picolinato-de-cromo-30-capsulas-dr-simi.png,https://farmaciasdeldrsimicl.vteximg.com.br/arquivos/ids/157997/PLANTILLA-FOTOS-WEB-ECOMMERCE_0000_CH6139-3.png?v=638512128398630000,Picolinato de cromo 30 cápsulas,descargada
prod-15833,Pielarmina crema Liq Limon 160 ml,Dermocosmética,,,,,sin coincidencia segura
prod-35713,Pielarmina crema Castañ 70 g,Dermocosmética,,,,,sin coincidencia segura
prod-2630,Pielarmina crema Bolsa,Dermocosmética,,,,,sin coincidencia segura
prod-49280,Pielarmina crema Maqui 70 g,Dermocosmética,,,,,sin coincidencia segura
prod-49279,Pielarmina crema Rosa Mosq 70 g,Dermocosmética,,,,,sin coincidencia segura
prod-35113,Pigeon Bol Alm Leche Mat 120 ml 25UD,Dermocosmética,,,,,sin coincidencia segura
prod-33820,Pigeon Asp Nasal Tubo 10560,Dermocosmética,,,,,sin coincidencia segura
prod-14401,Pigeon Prot Pezon Silicona 16896,Dermocosmética,,,,,sin coincidencia segura
prod-8814,Pigeon Cep Dent Lesson Etap 123 10892,Dermocosmética,,,,,sin coincidencia segura
prod-49631,Piroxinc 5 ml (Ciclopiroxolamina 8 g),Medicamentos,,,,,sin coincidencia segura
prod-49602,Pluricef 200 mg 10 comprimidos bioequivalente (Cefpodoxima 200 mg),Medicamentos,,,,,sin coincidencia segura
prod-9003,Pomada Azufrada 6% 50 g Valma (Azufre 6%),Dermocosmética,,,,,sin coincidencia segura
prod-15574,Polividona Yodada 10% 30 ml,Medicamentos,Dr. Simi,/products/importadas/prod-15574-polividona-yodada-10-30-ml-dr-simi.jpg,https://farmaciasdeldrsimicl.vteximg.com.br/arquivos/ids/157304/CH9011-1.jpg?v=638128697817270000,Povisept polividona yodada 10 % solución tópica 30 mL,descargada
prod-8440,Pomada Salicilada 25 g Valma (Salicilato De Metilo 10%),Dermocosmética,Dr. Simi,/products/importadas/prod-8440-pomada-salicilada-25-g-valma-salicilato-de-metilo-10-dr-simi.jpg,https://farmaciasdeldrsimicl.vteximg.com.br/arquivos/ids/155976/CH0215-1.jpg?v=637964771858100000,Pasta lassar óxido de zinc 25 % pomada tópica 30 g,descargada
prod-49928,"Pileran gotas (Metoclopramida 0,5 g)",Veterinaria,,,,,sin coincidencia segura
prod-49235,Prednisolo Sus Oft 1%5 ml (Prednisolona Acetato 1%),Medicamentos,Dr. Simi,/products/importadas/prod-49235-prednisolo-sus-oft-1-5-ml-prednisolona-acetato-1-dr-simi.png,https://farmaciasdeldrsimicl.vteximg.com.br/arquivos/ids/160120/CH5160-1.png?v=638971764878230000,Prednisolona 1 % suspensión oftálmica 5 mL,descargada
prod-48164,Power Shot Piña sin Az 60 ml,Cuidado familiar,,,,,sin coincidencia segura
prod-50188,Prednisona suspensión oral 20 mg/5 ml,Medicamentos,Dr. Simi,/products/importadas/prod-50188-prednisona-suspension-oral-20-mg-5-ml-dr-simi.jpg,https://farmaciasdeldrsimicl.vteximg.com.br/arquivos/ids/159531/CH7476-1.jpg?v=638874937482000000,Proción prednisona 20 mg/5 mL suspensión oral 60 mL,descargada
prod-49299,Pregabalina 150 mg 30 cápsulas (bioequivalente) Curaesp,Medicamentos,Dr. Simi,/products/importadas/prod-49299-pregabalina-150-mg-30-capsulas-bioequivalente-curaesp-dr-simi.jpg,https://farmaciasdeldrsimicl.vteximg.com.br/arquivos/ids/160801/BE0124-01-CURAESPRING.jpg?v=639160243009300000,Pregabalina 150 mg 30 cápsulas,descargada
prod-49347,"Predual 10 comprimidos (Mepiramina 15 mg, Pamabrom 25 mg, Paracetamol 500 mg)",Medicamentos,Dr. Simi,/products/importadas/prod-49347-predual-10-comprimidos-mepiramina-15-mg-pamabrom-25-mg-paracetamol-500-mg-dr-simi.jpg,https://farmaciasdeldrsimicl.vteximg.com.br/arquivos/ids/157936/FOTOS-WEB-ECOMMERCE_0024_CH7239-1.jpg?v=638664963106700000,Predual 10 comprimidos,descargada
prod-13462,"Prodel-b 10 comprimidos (Betametasona 0,25 mg, Clorfenamina 2 mg)",Medicamentos,,,,,sin coincidencia segura
prod-49361,Pregabalina 75 mg 30 cápsulas,Medicamentos,Dr. Simi,/products/importadas/prod-49361-pregabalina-75-mg-30-capsulas-dr-simi.jpg,https://farmaciasdeldrsimicl.vteximg.com.br/arquivos/ids/160249/BE0089-1.jpg?v=639021987826470000,Pregabalina 75 mg 30 cápsulas,descargada
prod-38917,Propoleo C jarabe x 180 ml,Medicamentos,,,,,sin coincidencia segura
prod-49842,Protex Jab Liq Vit E 500 ml,Dermocosmética,,,,,sin coincidencia segura
prod-50134,"Proteliv (Colina 10 mg, Metionina 200 mg, N-acetilcisteina 30 mg)",Veterinaria,,,,,sin coincidencia segura
prod-49654,Prudence Corrugado Preservativo 3U,Medicamentos,,,,,sin coincidencia segura
prod-49258,Protex Jab Barra Aloe 125 g,Dermocosmética,,,,,sin coincidencia segura
prod-49243,Pylobiotic cápsulas Env Vta x 30 (Bifidobacterium Longum Es 1 x 10_9 1UFC),Medicamentos,,,,,sin coincidencia segura
prod-27507,Pyriped-cb 400 mg 20 cápsulas (Ibuprofeno 400 mg),Medicamentos,,,,,sin coincidencia segura
prod-13431,Rayito De solución FPS 50 Kids 90 g,Protección solar,,,,,sin coincidencia segura
prod-33807,Quetiapina 100 mg 30 comprimidos Re (bioequivalente) Ascend,Medicamentos,Dr. Simi,/products/importadas/prod-33807-quetiapina-100-mg-30-comprimidos-re-bioequivalente-ascend-dr-simi.jpg,https://farmaciasdeldrsimicl.vteximg.com.br/arquivos/ids/160140/BE0087 - 1.jpg?v=638979461526870000,Quetiapina 100 mg 30 comprimidos recubiertos,descargada
prod-28017,Refellin Kit Trat Piojos (Dimeticona 1/1),Medicamentos,,,,,sin coincidencia segura
prod-8374,Recolector Orina Adulto 2LT,Medicamentos,,,,,sin coincidencia segura
prod-50162,Quetiapina 25 mg ( bioequivalente ) 30 comprimidos,Medicamentos,Dr. Simi,/products/importadas/prod-50162-quetiapina-25-mg-bioequivalente-30-comprimidos-dr-simi.jpg,https://farmaciasdeldrsimicl.vteximg.com.br/arquivos/ids/157979/BE0016-2.jpg?v=638664337234000000,Nortium quetiapina 25 mg 30 comprimidos recubiertos,descargada
prod-13362,Red Bull Beb Energi 250 ml (Vitaminas),Cuidado familiar,,,,,sin coincidencia segura
prod-40359,"Regenesis Up 30 cápsulas (Ácido Ascorbico 1 mg, Minerales 1 mg, Omega 3 1 mg, Vitamina E 0,5%/1, Vitaminas 1 mg, Vitaminas B 1 mg)",Medicamentos,Dr. Simi,/products/importadas/prod-40359-regenesis-up-30-capsulas-acido-ascorbico-1-mg-minerales-1-mg-omega-3-1-mg-vi-dr-simi.jpg,https://farmaciasdeldrsimicl.vteximg.com.br/arquivos/ids/156538/CH5901-1.jpg?v=637964773874670000,ReGenesis Max 30 cápsulas blandas,descargada
prod-49423,"Regenesis Ultra (Hierro 25 mg, Omega 3 359 mg, Vitamina D 800 UI)",Medicamentos,Dr. Simi,/products/importadas/prod-49423-regenesis-ultra-hierro-25-mg-omega-3-359-mg-vitamina-d-800-ui-dr-simi.jpg,https://farmaciasdeldrsimicl.vteximg.com.br/arquivos/ids/156538/CH5901-1.jpg?v=637964773874670000,ReGenesis Max 30 cápsulas blandas,descargada
prod-864,Remitex 10 mg gotas 15 ml (Cetirizina 10 mg/1 ml),Medicamentos,,,,,sin coincidencia segura
prod-17148,Repelex NF Sp 165 ml (Dietiltoluamida 15%),Medicamentos,Dr. Simi,/products/importadas/prod-17148-repelex-nf-sp-165-ml-dietiltoluamida-15-dr-simi.jpg,https://farmaciasdeldrsimicl.vteximg.com.br/arquivos/ids/156093/CH5237-1.jpg?v=637964772275330000,Repelex NF 15 % aerosol dérmico 165 mL,descargada
prod-36930,Repelex Forte Sp 165 ml (Dietiltoluamida 30%),Medicamentos,Dr. Simi,/products/importadas/prod-36930-repelex-forte-sp-165-ml-dietiltoluamida-30-dr-simi.jpg,https://farmaciasdeldrsimicl.vteximg.com.br/arquivos/ids/156093/CH5237-1.jpg?v=637964772275330000,Repelex NF 15 % aerosol dérmico 165 mL,descargada
prod-16990,Renu Plus solución 355 ml,Accesorios,,,,,sin coincidencia segura
prod-31221,Revitalif FPS 30 50 ml,Protección solar,,,,,sin coincidencia segura
prod-50171,Revolution (Selamectina 6 % ),Veterinaria,,,,,sin coincidencia segura
prod-41925,Rexona Cotton Des Stk 72H 150 ml,Dermocosmética,,,,,sin coincidencia segura
prod-49296,Rexona Des Spray Power Dry 150 ml,Dermocosmética,,,,,sin coincidencia segura
prod-49266,Rexona Des Spray Invisible 150 ml,Dermocosmética,,,,,sin coincidencia segura
prod-49340,Rexona Desp Xtra Cool 72 H 150 ml,Dermocosmética,,,,,sin coincidencia segura
prod-49343,"Rexona Desp V 8,150 ml",Dermocosmética,,,,,sin coincidencia segura
prod-49297,Rexona Desp Sf Futbol Fan 150 ml,Dermocosmética,,,,,sin coincidencia segura
prod-32967,Rexona Men Des Stick V 8 50 g,Dermocosmética,,,,,sin coincidencia segura
prod-50166,Rexona Men Dessp Invisible 150 ml,Dermocosmética,,,,,sin coincidencia segura
prod-37995,Rexona Men Des Stk A P E Cool 50 g,Dermocosmética,,,,,sin coincidencia segura
prod-15708,Rexona Men Des Stk Inv 50 g,Dermocosmética,,,,,sin coincidencia segura
prod-23533,Rexona Wom Des Stk A Emotion 50 g,Dermocosmética,,,,,sin coincidencia segura
prod-4333,Rexona Wom Des Stk Bambo 50 g,Dermocosmética,,,,,sin coincidencia segura
prod-4337,Rexona Wom Des Stk Powder 50 g,Dermocosmética,,,,,sin coincidencia segura
prod-868,"Rinobanedif ungüento 10 g (Antazolina 5 mg/1 g, Bacitracina 500 UI/1 g, Neomicina 3,5 mg/1 g, Xilometazolina 0,5 mg/1 g)",Dermocosmética,,,,,sin coincidencia segura
prod-49246,Rilex comprimidos recubiertos 10 mg (Rivaroxabán),Medicamentos,,,,,sin coincidencia segura
prod-49188,Rispyl comprimidos 1 mg x 20 (Risperidona 1 mg),Medicamentos,,,,,sin coincidencia segura
prod-49345,Rismia 1M 30 comprimidos Indopharma (Risperidona 1 mg),Medicamentos,,,,,sin coincidencia segura
prod-49191,Rispyl comprimidos 3 mg x 20 (Risperidona 3 mg),Medicamentos,,,,,sin coincidencia segura
prod-49773,Sabanilla Higliecin 10 Un,Dermocosmética,,,,,sin coincidencia segura
prod-41112,S Life Vitamina C 1000 mg 60 comprimidos (Ácido Ascorbico 1000 mg),Cuidado familiar,,,,,sin coincidencia segura
prod-24413,Rostrum 50 mg 10 comprimidos (Enrofloxacino 50 mg),Veterinaria,,,,,sin coincidencia segura
prod-29994,Sales Rehidratante 90meq 1 Sachet Valma,Medicamentos,,,,,sin coincidencia segura
prod-25405,Sagras 120 mg 42 cápsulas (Orlistat 120 mg),Medicamentos,,,,,sin coincidencia segura
prod-49498,Scanmed Test De Olvulacion 1 Un,Medicamentos,,,,,sin coincidencia segura
prod-34550,"Sales Rehidra 60,8 Sachets Fresas Opko",Medicamentos,,,,,sin coincidencia segura
prod-7826,"Salonpas 1sobre 10parches (Alcanfor 7,1 mg, Mentol 32,7 mg, Salicilato De Metilo 36,1 mg, Tocoferol 11,5 mg)",Medicamentos,,,,,sin coincidencia segura
prod-25699,Salbutamol-lf Inh 250 Ds Chemopharma,Medicamentos,Dr. Simi,/products/importadas/prod-25699-salbutamol-lf-inh-250-ds-chemopharma-dr-simi.jpg,https://farmaciasdeldrsimicl.vteximg.com.br/arquivos/ids/158596/CH5978-1.jpg?v=638677962558470000,Salbutamol 100 mcg/dosis aerosol LF para inhalación bucal 250 dosis,descargada
prod-49253,Secret Des Barra A/P Inv Fresh Vainilla 45 g,Dermocosmética,,,,,sin coincidencia segura
prod-40266,Schick Quat Wom Maq Des x 2,Dermocosmética,,,,,sin coincidencia segura
prod-49254,Secret Des Barra A/P Inv Power Protect 45 g,Dermocosmética,,,,,sin coincidencia segura
prod-33153,Schick Quatro Maq Titanx 2,Dermocosmética,,,,,sin coincidencia segura
prod-49263,Sedal Ácido Bomba Coco 340 ml,Dermocosmética,,,,,sin coincidencia segura
prod-21503,Sebolic Jabon 100 g,Higiene,,,,,sin coincidencia segura
prod-49252,Sedal crema Pei Celula 300M,Dermocosmética,,,,,sin coincidencia segura
prod-49278,Sedal crema Pei Glycol + Vit 300 ml,Dermocosmética,,,,,sin coincidencia segura
prod-49800,Sedal Masc Glycol + Vit C 300 g,Dermocosmética,,,,,sin coincidencia segura
prod-13202,Sedal crema Peinar Rizos Obe 300 ml,Dermocosmética,,,,,sin coincidencia segura
prod-34670,Sedal crema Peinar Rest 300 ml,Dermocosmética,,,,,sin coincidencia segura
prod-49332,Sedal Ácido Rest Instan 340,Dermocosmética,,,,,sin coincidencia segura
prod-49262,Sedal Sh Glycol 340M,Dermocosmética,,,,,sin coincidencia segura
prod-49276,Sedal Aco Prebiot + Biot 340 ml,Dermocosmética,,,,,sin coincidencia segura
prod-49277,Sedal Aco Glycol + Vit 340 ml,Dermocosmética,,,,,sin coincidencia segura
prod-49335,Sedal Ácido Rizos Def 340 ml,Dermocosmética,,,,,sin coincidencia segura
prod-49264,Sedal Sh Rest Instan 340,Dermocosmética,,,,,sin coincidencia segura
prod-49265,Sedal Sh Rizos Def 340 ml,Dermocosmética,,,,,sin coincidencia segura
prod-45432,Sensodyne Cep Sen Care 2X 1,Medicamentos,,,,,sin coincidencia segura
prod-28614,"Sentis 37,5 mg 30 cápsulas (Fentermina 37,5 mg)",Medicamentos,,,,,sin coincidencia segura
prod-50067,Selenio 200 mcg x 60 Cápsulas (Scl Cnp),Medicamentos,,,,,sin coincidencia segura
prod-50202,"Senilpet Cerebral 20 x 30 comprimidos (Ginkgo Biloba 1/1, Piridoxina (Vitamina B 6) 1/1, Vitamina E 1/1)",Veterinaria,,,,,sin coincidencia segura
prod-47534,Simon B Wash Sh&jab 500M,Medicamentos,,,,,sin coincidencia segura
prod-47536,Simon Baby Sh Sua&bri 400M,Medicamentos,,,,,sin coincidencia segura
prod-49259,Simon Baby Sh&ácido Care 400M,Dermocosmética,,,,,sin coincidencia segura
prod-49390,Set De Manicure Familiar,Dermocosmética,,,,,sin coincidencia segura
prod-47535,Simon Sh S Kids Coconut 400 ml,Medicamentos,,,,,sin coincidencia segura
prod-7993,Simonds Aceite Emul 270 ml,Dermocosmética,,,,,sin coincidencia segura
prod-7994,Simonds Aceite Emul 360 ml,Dermocosmética,,,,,sin coincidencia segura
prod-7995,Simonds Aceite Emul 650 ml,Dermocosmética,,,,,sin coincidencia segura
prod-49783,Simonds Aqua 60 Toall,Dermocosmética,,,,,sin coincidencia segura
prod-40389,Simonds Aceite Niños 125 ml,Dermocosmética,,,,,sin coincidencia segura
prod-28554,Simonds Alcohol Gelsp 70% 130 ml,Higiene,,,,,sin coincidencia segura
prod-12933,Simonds Cepillo Y Peineta A-88,Higiene,,,,,sin coincidencia segura
prod-8027,Simonds Loc Green 260 ml,Dermocosmética,,,,,sin coincidencia segura
prod-37973,Simonds Estuche Rn,Dermocosmética,,,,,sin coincidencia segura
prod-8031,Simonds Loc Marina 260 ml,Dermocosmética,,,,,sin coincidencia segura
prod-8029,Simonds Loc Lila 260 ml,Dermocosmética,,,,,sin coincidencia segura
prod-8033,Simonds Loc Pink 260 ml,Dermocosmética,,,,,sin coincidencia segura
prod-17605,Simonds Mam B/Ancha 260 ml,Dermocosmética,,,,,sin coincidencia segura
prod-8035,Simonds Mam Fansy 240 ml,Dermocosmética,,,,,sin coincidencia segura
prod-49814,Simonds Mi Primer Baño Espuma 170 ml,Dermocosmética,,,,,sin coincidencia segura
prod-49796,Simonds Oleo Complex 130 ml,Dermocosmética,,,,,sin coincidencia segura
prod-41118,Simonds Mi Primer Jb Micelar 340 ml,Dermocosmética,,,,,sin coincidencia segura
prod-14095,Simonds polvo Fecula 100 g,Dermocosmética,,,,,sin coincidencia segura
prod-12931,Simonds Set con Uñas/Tij/Lima A-93,Dermocosmética,,,,,sin coincidencia segura
prod-33426,Simonds Sh Baby 400 ml E/Lag sin Sal,Dermocosmética,,,,,sin coincidencia segura
prod-36033,Simonds Sh Smile Kids Manz 400 ml,Dermocosmética,,,,,sin coincidencia segura
prod-49789,Simonds Vit E Toall Hum 60 x 2,Dermocosmética,,,,,sin coincidencia segura
prod-36035,Simonds Sh Smile Kids Pineap 400 ml,Dermocosmética,,,,,sin coincidencia segura
prod-50127,Simparica 120 mg (Sarolaner)comprimidos Masticables x 3,Veterinaria,,,,,sin coincidencia segura
prod-50128,Simparica 80 mg (Sarolaner)comprimidos Masticables x 3,Veterinaria,,,,,sin coincidencia segura
prod-50091,Simparica 80 Mg(sarolaner)comprimidos Masticables x 1,Veterinaria,,,,,sin coincidencia segura
prod-50029,Simparica 40 mg (Sarolaner)comprimidos Masticables x 1,Veterinaria,,,,,sin coincidencia segura
prod-49476,Skala Masc Capilar Grape Brillo 1000 g,Dermocosmética,,,,,sin coincidencia segura
prod-49523,Skala Masc Capilar Mais Crespos 1000 g,Dermocosmética,,,,,sin coincidencia segura
prod-48458,Sl Vitc Efv Nar 1000 mg (Vitaminas 1000 mg),Cuidado familiar,,,,,sin coincidencia segura
prod-48221,Sl Omega 3-6-9 cápsulas 30,Cuidado familiar,,,,,sin coincidencia segura
prod-49985,Sleep Well L-triptofano Gomitas Masticables,Medicamentos,,,,,sin coincidencia segura
prod-49238,Sl Vit C Comast 100 mg 100 (Vitaminas 100 mg),Cuidado familiar,,,,,sin coincidencia segura
prod-24650,Speed Stick A/P 24/7 Ext 50 g,Dermocosmética,,,,,sin coincidencia segura
prod-35463,Snickers Barra 52 g,Cuidado familiar,,,,,sin coincidencia segura
prod-50065,"Slimbody x 60 Cápsulas (Scl Cnp) (Chitosan 1/1, Te Verde 1/1)",Medicamentos,,,,,sin coincidencia segura
prod-39949,"Snickers Barra Almendra 43,4 g",Cuidado familiar,,,,,sin coincidencia segura
prod-5060,Speed Stick Ap Classic Plus 50 g,Dermocosmética,,,,,sin coincidencia segura
prod-50064,Spirulina 500 mg x 90 cápsulas (Scl Cnp),Medicamentos,Dr. Simi,/products/importadas/prod-50064-spirulina-500-mg-x-90-capsulas-scl-cnp-dr-simi.jpg,https://farmaciasdeldrsimicl.vteximg.com.br/arquivos/ids/156325/CH5680-1.jpg?v=637964773111100000,Spirulina Wellness 500 mg 90 tabletas,descargada
prod-44201,"Strepfen Past Dis 8,75 mg 8 (Flurbiprofeno 8,75 mg)",Medicamentos,,,,,sin coincidencia segura
prod-21677,"Suero Fisiologico 0,9%10 ml 1U Caja (Cloruro De Sodio 0,9%)",Cuidado familiar,,,,,sin coincidencia segura
prod-49809,Suerox Arandano Pomelo 630 ml,Cuidado familiar,,,,,sin coincidencia segura
prod-49415,Spirulina 700 mg (60 Tab),Medicamentos,,,,,sin coincidencia segura
prod-49931,Sucravet Suspencion (Sucralfato 10 g),Veterinaria,,,,,sin coincidencia segura
prod-49808,Suerox Frutos Rojos 630 ml,Cuidado familiar,,,,,sin coincidencia segura
prod-49810,Suerox Manzana 630 ml,Cuidado familiar,,,,,sin coincidencia segura
prod-50177,"Synulox x 10 comprimidos 200 mg/50 mg (Ácido Clavulanico 50 mg, Amoxicilina 200 mg)",Veterinaria,,,,,sin coincidencia segura
prod-9712,Sup Glicerina Ad 3 g 10 Un Valma,Medicamentos,,,,,sin coincidencia segura
prod-50201,"Struvitvet x 10 comprimidos (Cranberry 1/1, Metionina 1/1)",Veterinaria,,,,,sin coincidencia segura
prod-49608,Tadafilo 20 mg 1 comprimido bioequivalente (Tadalafilo 20 mg),Medicamentos,,,,,sin coincidencia segura
prod-46217,Sulfato Ferroso 125 mg/ml 30,Medicamentos,Dr. Simi,/products/importadas/prod-46217-sulfato-ferroso-125-mg-ml-30-dr-simi.jpg,https://farmaciasdeldrsimicl.vteximg.com.br/arquivos/ids/156965/CA40100.jpg?v=638012014781000000,Sulfato ferroso 125 mg/mL solución para gotas orales 30 mL,descargada
prod-50133,"Tabletas Phillips (Carbonato De Calcio 805 mg, Magnesio Hidroxido 100 mg)",Medicamentos,,,,,sin coincidencia segura
prod-10721,Tapsin Analgesico Nocturno 6 comprimidos,Medicamentos,,,,,sin coincidencia segura
prod-49536,Tapa Obturacion Roja Mac-hem 1 Un,Accesorios,,,,,sin coincidencia segura
prod-34038,Tapsin Caliente Dia Sobre 5GRS,Medicamentos,,,,,sin coincidencia segura
prod-49386,Tadavitae 5 mg (Tadalafilo) 14 comprimidos,Cuidado familiar,Dr. Simi,/products/importadas/prod-49386-tadavitae-5-mg-tadalafilo-14-comprimidos-dr-simi.jpg,https://farmaciasdeldrsimicl.vteximg.com.br/arquivos/ids/155830/BE0218-1.jpg?v=637964771347430000,Tadavitae tadalafilo 5 mg 14 comprimidos recubiertos,descargada
prod-49348,"Tapsin Forte 6 comprimidos (Cafeina 40 mg, Paracetamol 650 mg)",Medicamentos,Dr. Simi,/products/importadas/prod-49348-tapsin-forte-6-comprimidos-cafeina-40-mg-paracetamol-650-mg-dr-simi.jpg,https://farmaciasdeldrsimicl.vteximg.com.br/arquivos/ids/157088/CH6061-1.jpg?v=638012015212200000,Tapsin con cafeina paracetamol 400 mg cafeina 33 mg 6 comprimidos,descargada
prod-4866,Tapsin sin C 500 mg 16 comprimidos (bioequivalente) (Paracetamol 500 mg),Medicamentos,,,,,sin coincidencia segura
prod-4864,"Tapsin Caliente Noche Sobre 5GRS (Ácido Ascorbico 50 mg, Cafeina 33 mg, Clorfenamina 4 mg, Noscapina 10 mg, Paracetamol 400 mg)",Medicamentos,,,,,sin coincidencia segura
prod-15030,Tapsin sin C 500 mg 24 comprimidos (bioequivalente) (Paracetamol 500 mg),Medicamentos,Dr. Simi,/products/importadas/prod-15030-tapsin-sin-c-500-mg-24-comprimidos-bioequivalente-paracetamol-500-mg-dr-simi.jpg,https://farmaciasdeldrsimicl.vteximg.com.br/arquivos/ids/159596/CH5296-1_.jpg?v=638884622582900000,Tapsin paracetamol 500 mg 24 comprimidos,descargada
prod-45603,Tapsininstaflu Dn comprimidos 12 + 6,Medicamentos,,,,,sin coincidencia segura
prod-49341,Tapsin 1000sc 1 g 20 comprimidos Maver (Paracetamol 1 g),Medicamentos,,,,,sin coincidencia segura
prod-49899,Tamsulosina,Medicamentos,Dr. Simi,/products/importadas/prod-49899-tamsulosina-dr-simi.jpg,https://farmaciasdeldrsimicl.vteximg.com.br/arquivos/ids/156192/CH5440-1.jpg?v=637964772636030000,"Sulix tamsulosina 0,4 mg 30 cápsulas con gránulos recubiertos de liberación prolongada",descargada
prod-49333,Tapsin Sc polvo para solución oral Efervescente 1 g (Paracetamol),Medicamentos,Dr. Simi,/products/importadas/prod-49333-tapsin-sc-polvo-para-solucion-oral-efervescente-1-g-paracetamol-dr-simi.jpg,https://farmaciasdeldrsimicl.vteximg.com.br/arquivos/ids/157210/CH6045-1.jpg?v=638016170893330000,Tapsin SC paracetamol 1 g 20 sobres polvo para solución oral efervescente,descargada
prod-49194,Tapsin Inf gotas x 15 ml (Paracetamol 100 mg/1 ml),Medicamentos,,,,,sin coincidencia segura
prod-39744,"Tejania 0,075 mg 28 comprimidos recubiertos (Desogestrel 0,075 mg)",Medicamentos,,,,,sin coincidencia segura
prod-38406,Tena For Men 12unidades,Dermocosmética,,,,,sin coincidencia segura
prod-49774,Tena Pants Confort Ch/M 10 Un,Dermocosmética,,,,,sin coincidencia segura
prod-50004,Terbinafina 250mga x 30comprimidos,Medicamentos,,,,,sin coincidencia segura
prod-49471,Tensiometro Muñeca Aut Love Life,Medicamentos,,,,,sin coincidencia segura
prod-7496,"Tol 12 Fte 10,000 3 Amp (Cianocobalamina 10 mg, Piridoxina 100 mg, Tiamina 200 mg)",Medicamentos,,,,,sin coincidencia segura
prod-50172,Termometro Digital,Accesorios,,,,,sin coincidencia segura
prod-49995,Tiras Nasales 10 Un,Accesorios,,,,,sin coincidencia segura
prod-6177,Tocalm jarabe Inf 15 mg/5 ml 100 ml (Ambroxol 15 mg/5 ml),Medicamentos,Dr. Simi,/products/importadas/prod-6177-tocalm-jarabe-inf-15-mg-5-ml-100-ml-ambroxol-15-mg-5-ml-dr-simi.jpg,https://farmaciasdeldrsimicl.vteximg.com.br/arquivos/ids/159325/Paracetamol-BE0249-1.jpg?v=639074524470830000,Kitadol paracetamol 120 mg/5 mL jarabe infantil 100 mL,descargada
prod-35638,"Tobramicina solución oftálmica 0,3% 5 ml Hospifarma",Medicamentos,,,,,sin coincidencia segura
prod-49636,"Toptear Hialuronato De Sodio 0,4% 10 ml",Medicamentos,,,,,sin coincidencia segura
prod-37237,Topivitae 25 mg 28 comprimidos recubiertos (bioequivalente) (Topiramato 25 mg),Cuidado familiar,Dr. Simi,/products/importadas/prod-37237-topivitae-25-mg-28-comprimidos-recubiertos-bioequivalente-topiramato-25-mg-dr-simi.jpg,https://farmaciasdeldrsimicl.vteximg.com.br/arquivos/ids/155732/BE0133-1.jpg?v=637964771016770000,Topivitae topiramato 25 mg 28 comprimidos recubiertos,descargada
prod-37238,Topivitae 50 mg 28 comprimidos recubiertos (bioequivalente) (Topiramato 50 mg),Cuidado familiar,Dr. Simi,/products/importadas/prod-37238-topivitae-50-mg-28-comprimidos-recubiertos-bioequivalente-topiramato-50-mg-dr-simi.jpg,https://farmaciasdeldrsimicl.vteximg.com.br/arquivos/ids/155832/BE0219-1.jpg?v=637964771354330000,Topivitae topiramato 50 mg 28 comprimidos recubiertos,descargada
prod-26162,Trazidex Ofteno solución oftálmica 5 ml Tobramicina + Dexametasona,Medicamentos,,,,,sin coincidencia segura
prod-52,"Transpore Micropore 2,5cm x 9,1M Transparente",Accesorios,,,,,sin coincidencia segura
prod-49986,"Trazidex Unguento 3,5 g (Dexametasona 0,1 g, Tobramicina 0,3 g)",Dermocosmética,,,,,sin coincidencia segura
prod-50027,Tricolon Simple 15 ml (Pargeverina Clorhidrato 5 mg/1 ml),Medicamentos,,,,,sin coincidencia segura
prod-673,Trim C Uñas Chico Manos,Dermocosmética,,,,,sin coincidencia segura
prod-50164,Trexxia Etoricoxib 60 mg 14 comprimidos,Medicamentos,Dr. Simi,/products/importadas/prod-50164-trexxia-etoricoxib-60-mg-14-comprimidos-dr-simi.jpg,https://farmaciasdeldrsimicl.vteximg.com.br/arquivos/ids/160125/Trexxia - BE0177.jpg?v=638973476963730000,Trexxia etoricoxib 60 mg 14 comprimidos recubiertos,descargada
prod-39906,Trim Alicate + Cortauñas,Accesorios,,,,,sin coincidencia segura
prod-28414,Trim Cep Uñas,Dermocosmética,Dr. Simi,/products/importadas/prod-28414-trim-cep-unas-dr-simi.jpg,https://farmaciasdeldrsimicl.vteximg.com.br/arquivos/ids/157239/CH6050-01.jpg?v=638016198707730000,Trim cortauñas para bebé,descargada
prod-39897,Trim Cortauñas Prec Infantil,Accesorios,Dr. Simi,/products/importadas/prod-39897-trim-cortaunas-prec-infantil-dr-simi.jpg,https://farmaciasdeldrsimicl.vteximg.com.br/arquivos/ids/157239/CH6050-01.jpg?v=638016198707730000,Trim cortauñas para bebé,descargada
prod-7511,"Trio Val Dn 20 comprimidos (Clorfenamina 4 mg, Paracetamol 500 mg, Pseudoefedrina 60 mg)",Medicamentos,Dr. Simi,/products/importadas/prod-7511-trio-val-dn-20-comprimidos-clorfenamina-4-mg-paracetamol-500-mg-pseudoefedri-dr-simi.jpg,https://farmaciasdeldrsimicl.vteximg.com.br/arquivos/ids/159027/Trio.jpg?v=639074524361900000,Trioval día y noche 20 comprimidos,descargada
prod-49851,Triptofano + mg + B 2 B 6 B 12 60 cápsulas,Medicamentos,,,,,sin coincidencia segura
prod-50063,Triple Magnesio Quelado x 90 cápsulas (Scl Cnp),Cuidado familiar,,,,,sin coincidencia segura
prod-50080,"Triple Omega 3,6 Y 9 x 60 cápsulas (Scl Cnp)",Cuidado familiar,,,,,sin coincidencia segura
prod-49275,U Care Talco Clasico Fam 500 g,Dermocosmética,,,,,sin coincidencia segura
prod-36743,Trim Set Manicure Mini 5pzas,Dermocosmética,,,,,sin coincidencia segura
prod-44303,U Care Esp Afei P/Nor 340 g,Medicamentos,,,,,sin coincidencia segura
prod-49273,U Care Talco Manzanilla Fam 500 g,Dermocosmética,,,,,sin coincidencia segura
prod-50050,"Ulceless 500 ml (Scl Cnp) (Llanten 1/1, Matico 1/1)",Medicamentos,,,,,sin coincidencia segura
prod-50137,"Ultrapure Up Nutrigel (Omega 3 1/1, Vitamina A 1/1, Vitamina D 1/1, Vitamina E 1/1, Vitaminas 1/1, Yodo 1/1)",Medicamentos,,,,,sin coincidencia segura
prod-22352,Trim Lima Esmeril 12-25b x 10,Dermocosmética,,,,,sin coincidencia segura
prod-49519,Uroplus solución oral 1 Sob (Fosfomicina 3 g),Medicamentos,,,,,sin coincidencia segura
prod-50057,"Urelle x 60 Cápsulas (Scl Cnp) (Ácido Ascorbico 1/1, Cranberry 1/1)",Medicamentos,,,,,sin coincidencia segura
prod-49722,"Valkem D 80/12,5 mg 30 comprimidos (Hidroclorotiazida 12,5 mg, Valsartan 80 mg)",Medicamentos,,,,,sin coincidencia segura
prod-34705,Urodial 200 mg 10 comprimidos (Flavoxato Clorhidrato 200 mg),Medicamentos,,,,,sin coincidencia segura
prod-49599,Valkem Valsartan 80 mg 30 comprimidos Ascend,Medicamentos,,,,,sin coincidencia segura
prod-29972,Vaporub ungüento Pote 12 g,Dermocosmética,,,,,sin coincidencia segura
prod-49930,Ursovet Sus oral 60 ml (Ácido Ursodesoxicolico 50 mg),Veterinaria,,,,,sin coincidencia segura
prod-29786,"Vantux Sh Ener A Caid 100 (Biotina, Vitaminas)",Medicamentos,,,,,sin coincidencia segura
prod-14806,"Valupass 24 cápsulas (Humulus Lupulus 70 mg, Pasiflora 70 mg, Valeriana 70 mg)",Homeopatía,,,,,sin coincidencia segura
prod-49694,Vaselina 70 g,Medicamentos,,,,,sin coincidencia segura
prod-49489,Vaseline Rose Lips Balm 7 g,Dermocosmética,,,,,sin coincidencia segura
prod-49778,Vaseline Lip Ther Original Frasco 7 g,Dermocosmética,,,,,sin coincidencia segura
prod-49497,Valsartan 160 mg 30 comprimidos,Medicamentos,Dr. Simi,/products/importadas/prod-49497-valsartan-160-mg-30-comprimidos-dr-simi.jpg,https://farmaciasdeldrsimicl.vteximg.com.br/arquivos/ids/159201/Valsartan-BE0079-1.jpg?v=639074524406630000,Valsartán 160 mg 30 comprimidos recubiertos,descargada
prod-49779,"Vaseline Rose Lips Tubo 4,8 g",Dermocosmética,,,,,sin coincidencia segura
prod-50060,Vcal D Forte x 60 cápsulas 500 mg Calcio Y 800 UI Vit D,Cuidado familiar,,,,,sin coincidencia segura
prod-49760,Vaseline Solida 250 ml,Dermocosmética,,,,,sin coincidencia segura
prod-2911,"Vatanal ungüento 20 g (Ácido Higado De Bacalao 11 g, Clorocarvacrol 0,1 g, Lanolina)",Dermocosmética,,,,,sin coincidencia segura
prod-37235,Venlavitae XR 75 mg 30 cápsulas (bioequivalente) (Venlafaxina 75 mg),Cuidado familiar,,,,,sin coincidencia segura
prod-2910,"Vatanal 10sup (Ácido Higado De Bacalao 0,22 g, Clorocarvacrol)",Medicamentos,Dr. Simi,/products/importadas/prod-2910-vatanal-10sup-acido-higado-de-bacalao-0-22-g-clorocarvacrol-dr-simi.jpg,https://farmaciasdeldrsimicl.vteximg.com.br/arquivos/ids/156729/CH7213-1.jpg?v=637964774543670000,"Vatanal higado bacalao 0,22 g clorocarvacrol 0,0007 g 10 supositorios",descargada
prod-40415,Vertium 25 mg 10 comprimidos (Difenidol Clorhidrato 1 mg),Medicamentos,,,,,sin coincidencia segura
prod-2913,Vermoil suspensión 40 mg/ml 10 ml (Albendazol 40 mg/1 ml),Medicamentos,Dr. Simi,/products/importadas/prod-2913-vermoil-suspension-40-mg-ml-10-ml-albendazol-40-mg-1-ml-dr-simi.jpg,https://farmaciasdeldrsimicl.vteximg.com.br/arquivos/ids/155461/CH7454-1.jpg?v=638948357208070000,Vermoil albendazol 40 mg/mL suspensión oral 10 mL,descargada
prod-49337,Venlafaxina 75 mg 30 cápsulas LP Alembic,Medicamentos,,,,,sin coincidencia segura
prod-49572,"Viadil comprimidos 15 ml (Metamizol 300 mg, Pargeverina Clorhidrato 6 mg)",Medicamentos,,,,,sin coincidencia segura
prod-6003,Viadil gotas 15 ml (Pargeverina Clorhidrato 5 mg/1 ml),Medicamentos,,,,,sin coincidencia segura
prod-12311,Viadil gotas Forte 15 ml (Pargeverina Clorhidrato 10 mg/1 ml),Medicamentos,,,,,sin coincidencia segura
prod-15838,Vimax 50 mg 6 comprimidos Mas (Sildenafil 50 mg),Medicamentos,,,,,sin coincidencia segura
prod-34691,"Vibien solución oftálmica 0,012% 15 ml (Nafazolina 0,012%)",Medicamentos,,,,,sin coincidencia segura
prod-49711,Vildalvitae 50 mg 60 comprimidos (Vildagliptina 50 mg),Cuidado familiar,,,,,sin coincidencia segura
prod-49858,Vinagre De Manzana 60 cápsulas Green Medical,Medicamentos,,,,,sin coincidencia segura
prod-40966,"Vitakron Hombre 30 comprimidos recubiertos (Calcio, Fosforo, Hierro, Magnesio)",Cuidado familiar,,,,,sin coincidencia segura
prod-50058,"Vita Sleep x 60 Cápsulas (Scl Vitalab) (L-triptofano 1/1, Manteca De Cacao 1/1, Oxido De Magnesio 1/1, Piridoxina (Vitamina B 6) 1/1)",Cuidado familiar,,,,,sin coincidencia segura
prod-50061,"Vita-d + K 2 gotas De 30 ml (Vitamina D 1/1, Vitamina K 1 1/1)",Cuidado familiar,,,,,sin coincidencia segura
prod-50044,Vitabion Men x 60 Cápsulas Vitalab (Fosforo 1/1),Cuidado familiar,,,,,sin coincidencia segura
prod-40969,"Vitakron Mujer 30 comprimidos recubiertos (Calcio, Fosforo, Hierro)",Cuidado familiar,,,,,sin coincidencia segura
prod-49245,"Vitakron Silver 30 comprimidos recubiertos (Vitamina A 600 mcg, Vitamina D 5 mcg, Vitamina E 15 mcg)",Cuidado familiar,,,,,sin coincidencia segura
prod-49703,Vitamina A 60 cápsulas,Homeopatía,,,,,sin coincidencia segura
prod-49237,Vitamina Acd gotas 30 ml * (Vitaminas 1/1),Cuidado familiar,Dr. Simi,/products/importadas/prod-49237-vitamina-acd-gotas-30-ml-vitaminas-1-1-dr-simi.jpg,https://farmaciasdeldrsimicl.vteximg.com.br/arquivos/ids/159839/Hospifarma-CH02270-1.jpg?v=638954593879130000,Vitaminas ACD solución para gotas orales 30 mL,descargada
prod-50193,Vitamin C Gummies (Vitaminas 325 mg),Cuidado familiar,,,,,sin coincidencia segura
prod-50038,"Vitamax x 60 Cápsulas (Aminoácidos 150 mg, Biotina 30 mg, Zinc 4 mg)",Cuidado familiar,,,,,sin coincidencia segura
prod-49540,"Vitamina C + Zinc 1000 mg Efev 20 Tab (Ácido Ascorbico 1000 mg, Zinc 10 mg)",Cuidado familiar,,,,,sin coincidencia segura
prod-50041,Vitamina B 12 x 60 Cápsulas (Vitaminas B 300 mg),Cuidado familiar,,,,,sin coincidencia segura
prod-49693,Vitamina C + Zinc 60 cápsulas (Vitaminas 1/1),Cuidado familiar,,,,,sin coincidencia segura
prod-50001,Vitamina C 500 mg 60 cápsulas (Ácido Ascorbico 500 mg),Cuidado familiar,,,,,sin coincidencia segura
prod-37019,Vitamina B 1-B 6-B 12 3 Amp Biosano (Vitaminas B 10000 UI/3 ml),Cuidado familiar,,,,,sin coincidencia segura
prod-18017,Vitamina C 100 mg 100 comprimidos Valma (Ácido Ascorbico 100 mg),Cuidado familiar,,,,,sin coincidencia segura
prod-49553,Vitamina C 1000 mg Efev Sabor Limon 20 Tab (Ácido Ascorbico 1000 mg),Cuidado familiar,Dr. Simi,/products/importadas/prod-49553-vitamina-c-1000-mg-efev-sabor-limon-20-tab-acido-ascorbico-1000-mg-dr-simi.jpg,https://farmaciasdeldrsimicl.vteximg.com.br/arquivos/ids/159713/VITAMINA_C_EFERVESCENTE_1000_MG_FRONT.jpg?v=638936259398630000,Vitamina C 1000 mg 20 tabletas efervescentes sabor limón,descargada
prod-49590,Vitamina B 12 60 cápsulas (Vitaminas B 12 mcg),Cuidado familiar,Dr. Simi,/products/importadas/prod-49590-vitamina-b-12-60-capsulas-vitaminas-b-12-mcg-dr-simi.jpg,https://farmaciasdeldrsimicl.vteximg.com.br/arquivos/ids/156684/CH6028-1.jpg?v=637964774384930000,Elcal D calcio 320 mg vitamina D 125 UI 60 cápsulas,descargada
prod-49196,Vitamina C Frutos Rojos comprimidos 500 mg x 32 Valma (Ácido Ascorbico 500 mg),Cuidado familiar,,,,,sin coincidencia segura
prod-50175,Vitamina C Naranja comprimidos Eferv 1000 mg x 20 Springlif (Ácido Ascorbico 1000 mg),Cuidado familiar,,,,,sin coincidencia segura
prod-49490,Vitamina C Valma 100 mg 1 Un (Ácido Ascorbico 100 mg),Cuidado familiar,,,,,sin coincidencia segura
prod-32802,Vitango 30 comprimidos recubiertos (Extracto Rhodiola Rosea 200 mg),Cuidado familiar,,,,,sin coincidencia segura
prod-49584,Vitamina K 2 75 mcg 60 cápsulas,Cuidado familiar,,,,,sin coincidencia segura
prod-49595,Vitamina D 3 800 UI 60 cápsulas,Cuidado familiar,,,,,sin coincidencia segura
prod-49314,"Vitapovin Lata 10 g (Benzalconio Cloruro 1/1, Ox Zinc 1/1, Vitamina A 1/1)",Cuidado familiar,Dr. Simi,/products/importadas/prod-49314-vitapovin-lata-10-g-benzalconio-cloruro-1-1-ox-zinc-1-1-vitamina-a-1-1-dr-simi.jpg,https://farmaciasdeldrsimicl.vteximg.com.br/arquivos/ids/157219/CH6046-01.jpg?v=638016178555530000,VitaPovin pomada 10 g,descargada
prod-13359,"Viternum Vitaminado 125 ml (Ácido Ascorbico, Dihexazin, Nicotinamida, Vitaminas B)",Cuidado familiar,,,,,sin coincidencia segura
prod-49894,Vitamina D 3 800 UI gotas,Cuidado familiar,,,,,sin coincidencia segura
prod-27187,Vitis Cera Prot Ortod 2X 1,Dermocosmética,,,,,sin coincidencia segura
prod-17612,Vitis Encias Colutorio 500 ml,Dermocosmética,,,,,sin coincidencia segura
prod-17613,"Vitis Orthodontic Colutorio 500 ml (Cetilpiridinio, Fluoruro De Sodio, Provit B 5, Vitamina E)",Dermocosmética,,,,,sin coincidencia segura
prod-40243,Vo 5 Gel Fijador 500 g,Dermocosmética,,,,,sin coincidencia segura
prod-49565,Water Emubaby Toallas Humedas 80 Un,Higiene,,,,,sin coincidencia segura
prod-49518,"Vitomit 30 comprimidos recubiertos (Doxilamina 10 mg, Piridoxina 10 mg)",Cuidado familiar,,,,,sin coincidencia segura
prod-11808,Williams crema Af Lanolina 100 g,Dermocosmética,,,,,sin coincidencia segura
prod-49462,Wild Soul Bar Maqui Y Chia 35 g,Cuidado familiar,,,,,sin coincidencia segura
prod-21155,"Xolof ungüento Oft 0,3% 3,5 g (Tobramicina 0,3%)",Dermocosmética,,,,,sin coincidencia segura
prod-2301,Williams crema Af Mentol 100 g,Dermocosmética,,,,,sin coincidencia segura
prod-11701,Xumadol 1 g 20sobres (Paracetamol 1000 mg),Medicamentos,,,,,sin coincidencia segura
prod-50144,"Xtreme Boost Hydration Limon 20 Tab Efervescentes (Glucosa 1/1, Minerales 1/1, Vitaminas 1/1)",Medicamentos,,,,,sin coincidencia segura
prod-28913,Yes Gel Lubric Sexual 30 ml,Medicamentos,Dr. Simi,/products/importadas/prod-28913-yes-gel-lubric-sexual-30-ml-dr-simi.jpg,https://farmaciasdeldrsimicl.vteximg.com.br/arquivos/ids/157232/CH6060-01.jpg?v=638016186834900000,YES! gel lubricante íntimo 30 mL,descargada
prod-43991,"Zabak solución oftálmica 0,025% 5 ml (Ketotifeno 0,025%)",Medicamentos,,,,,sin coincidencia segura
prod-39530,"Yes Gel Lubric Ice Int 55 ml (L-arginina 1 mg, Maca 1 mg, Yohimbina 1 mg)",Medicamentos,,,,,sin coincidencia segura
prod-49541,"Xtreme Boost Hydration, Mora 20 Tab",Medicamentos,,,,,sin coincidencia segura
prod-11258,Zilfic 50 mg 2 comprimidos (Sildenafil 50 mg),Medicamentos,,,,,sin coincidencia segura
prod-17274,"Zincovit Plus jarabe 120 ml (Ácido Ascorbico 50 mg/5 ml, Colecalciferol 400 UI/1 ml, Vitamina A 3000 UI/5 ml, Vitamina E 10 UI/5 ml, Zinc 5 mg/5 ml)",Cuidado familiar,,,,,sin coincidencia segura
prod-27325,Zopinom 3 mg 30 comprimidos (Eszopiclona 3 mg),Medicamentos,,,,,sin coincidencia segura
prod-48619,Zincovit solución 5 mg/ml 30 ml (Zinc 5 mg/1 ml),Cuidado familiar,Dr. Simi,/products/importadas/prod-48619-zincovit-solucion-5-mg-ml-30-ml-zinc-5-mg-1-ml-dr-simi.png,https://farmaciasdeldrsimicl.vteximg.com.br/arquivos/ids/158007/PLANTILLA-FOTOS-WEB-ECOMMERCE_0003_CH6132-1.png?v=638514616209000000,Zincovit zinc 5 mg/mL solución oral para gotas 30 mL,descargada
