SKU,Nombre,Categoria,Imagen local,URL para WooCommerce,Fuente
prod-50030,Veterinario Credelio Cats 1 comprimido Lotilaner 12 mg,Veterinaria,/products/receta.svg,,placeholder_o_no_importable
prod-50031,Veterinario Credelio Cats Lotilaner 48 mg,Veterinaria,/products/receta.svg,,placeholder_o_no_importable
prod-50033,"Veterinario Credelio Lotilaner 112,5 mg",Veterinaria,/products/receta.svg,,placeholder_o_no_importable
prod-50034,Veterinario Credelio Lotilaner 225 mg,Veterinaria,/products/receta.svg,,placeholder_o_no_importable
prod-50032,"Veterinario Credelio Lotilaner 56,25 mg",Veterinaria,/products/receta.svg,,placeholder_o_no_importable
prod-50036,Veterinario Credelio Lotilaner 900 mg,Veterinaria,/products/receta.svg,,placeholder_o_no_importable
prod-40013,"Veterinario Dermisolona 0,4% jarabe 30 ml (Prednisolona 4 mg/1000 ml)",Veterinaria,/products/receta.svg,,placeholder_o_no_importable
prod-49913,Veterinario Dermisolona 20 mg 10 comprimidos (Prednisolona 20 mg),Veterinaria,/products/receta.svg,,placeholder_o_no_importable
prod-35643,Veterinario Doximicin 100 mg 30 comprimidos (Doxiciclina),Veterinaria,/products/receta.svg,,placeholder_o_no_importable
prod-49924,Veterinario Fibrinopet 300 mg 10 comprimidos (Papaina 300 mg),Veterinaria,/products/receta.svg,,placeholder_o_no_importable
prod-49927,Veterinario Hemolivet 10 comprimidos (Vitaminas 24 mg),Veterinaria,/products/receta.svg,,placeholder_o_no_importable
prod-50192,Veterinario Laxavet Gel x 40 g (Malta 47 mg),Veterinaria,/products/receta.svg,,placeholder_o_no_importable
prod-49914,"Veterinario Meloxivet Gatos (Meloxicam 0,5 mg)",Veterinaria,/products/receta.svg,,placeholder_o_no_importable
prod-23764,Veterinario Rostrum 150 mg 10 comprimidos (Enrofloxacino),Veterinaria,/products/receta.svg,,placeholder_o_no_importable
prod-37309,Veterinario Rostrum suspensión oral 20 ml (Enrofloxacino),Veterinaria,/products/receta.svg,,placeholder_o_no_importable
prod-50146,"Veterinario Trihepat jarabe 100 ml (Colina 1/1, Metionina 1/1, Silimarina 1/1)",Veterinaria,/products/receta.svg,,placeholder_o_no_importable
prod-15561,"3M Micropore 2,5cm 9,1M con Piel",Accesorios,/products/suero.svg,,placeholder_o_no_importable
prod-49198,Aartam bioequivalente comprimidos recubiertos 500 mg 20 (Metronidazol 500 mg),Medicamentos,/products/receta.svg,,placeholder_o_no_importable
prod-13055,Ab Antisep Buc 12 comprimidos (Clorhexidina 5 mg),Medicamentos,/products/showcase/medicamentos/ab-antisep-buc-12comp.jpg,http://farmacia-andes.abc/products/showcase/medicamentos/ab-antisep-buc-12comp.jpg,override_comun
prod-13056,"Ab Antitusivo 12 comprimidos (Clorhexidina 5 mg, Noscapina 10 mg)",Medicamentos,/products/showcase/medicamentos/ab-antitusivo-12comp.jpg,http://farmacia-andes.abc/products/showcase/medicamentos/ab-antitusivo-12comp.jpg,override_comun
prod-202,Abrilar jarabe 100 ml (Extracto Hedera Helix 35 mg/5 ml),Medicamentos,/products/medicamentos/prod-202-abrilar-jarabe-100-ml-extracto-hedera-helix-35-mg-5-ml.jpg,http://farmacia-andes.abc/products/medicamentos/prod-202-abrilar-jarabe-100-ml-extracto-hedera-helix-35-mg-5-ml.jpg,archivo_local_por_sku
prod-49812,Ácido Valproico 250 mg 20 comprimidos,Medicamentos,/products/importadas/prod-49812-acido-valproico-250-mg-20-comprimidos-dr-simi.jpg,http://farmacia-andes.abc/products/importadas/prod-49812-acido-valproico-250-mg-20-comprimidos-dr-simi.jpg,archivo_local_por_sku
prod-46155,Ácido Acetilsalicílico bioequivalente comprimidos 100 mg 100 comprimidos,Medicamentos,/products/medicamentos/prod-46155-acido-acetilsalicilico-bioequivalente-comprimidos-100-mg-100-comprimid.jpg,http://farmacia-andes.abc/products/medicamentos/prod-46155-acido-acetilsalicilico-bioequivalente-comprimidos-100-mg-100-comprimid.jpg,archivo_local_por_sku
prod-23597,Ácido Valproico 200 mg 30 comprimidos Andromaco,Medicamentos,/products/medicamentos/prod-23597-acido-valproico-200-mg-30-comprimidos-andromaco.jpg,http://farmacia-andes.abc/products/medicamentos/prod-23597-acido-valproico-200-mg-30-comprimidos-andromaco.jpg,archivo_local_por_sku
prod-28544,Ácido Valproico 500 mg 30 comprimidos,Medicamentos,/products/showcase/medicamentos/acido-valproico-500mg-30comp.jpg,http://farmacia-andes.abc/products/showcase/medicamentos/acido-valproico-500mg-30comp.jpg,override_comun
prod-38316,Aceite De Coco 250 ml (Ace De Coco 250 ml),Cuidado familiar,/products/suero.svg,,placeholder_o_no_importable
prod-49854,Aceite De Coco x 30 ml Green Med,Cuidado familiar,/products/suero.svg,,placeholder_o_no_importable
prod-8922,Aceite Ricino Puro 20 ml Valma,Medicamentos,/products/showcase/medicamentos/aceite-ricino-puro-valma-20g.jpg,http://farmacia-andes.abc/products/showcase/medicamentos/aceite-ricino-puro-valma-20g.jpg,override_comun
prod-29828,Acemuk polvo para jarabe 100 mg/5 ml (N-acetilcisteina 100 mg/5 ml),Medicamentos,/products/medicamentos/prod-29828-acemuk-polvo-para-jarabe-100-mg-5-ml-n-acetilcisteina-100-mg-5-ml.jpg,http://farmacia-andes.abc/products/medicamentos/prod-29828-acemuk-polvo-para-jarabe-100-mg-5-ml-n-acetilcisteina-100-mg-5-ml.jpg,archivo_local_por_sku
prod-9541,Acetazolamida 250 mg 20 comprimidos,Medicamentos,/products/importadas/prod-9541-acetazolamida-250-mg-20-comprimidos-dr-simi.jpg,http://farmacia-andes.abc/products/importadas/prod-9541-acetazolamida-250-mg-20-comprimidos-dr-simi.jpg,archivo_local_por_sku
prod-31274,Aciclovir 200 mg 24 comprimidos Mintlab,Medicamentos,/products/medicamentos/prod-31274-aciclovir-200-mg-24-comprimidos-mintlab.jpg,http://farmacia-andes.abc/products/medicamentos/prod-31274-aciclovir-200-mg-24-comprimidos-mintlab.jpg,archivo_local_por_sku
prod-49184,Aciclovir bioequivalente comprimidos 400 mg 35,Medicamentos,/products/importadas/prod-49184-aciclovir-bioequivalente-comprimidos-400-mg-35-dr-simi.jpg,http://farmacia-andes.abc/products/importadas/prod-49184-aciclovir-bioequivalente-comprimidos-400-mg-35-dr-simi.jpg,archivo_local_por_sku
prod-49320,Aciclovir crema 5% 15 g Hosp,Medicamentos,/products/importadas/prod-49320-aciclovir-crema-5-15-g-hosp-dr-simi.jpg,http://farmacia-andes.abc/products/importadas/prod-49320-aciclovir-crema-5-15-g-hosp-dr-simi.jpg,archivo_local_por_sku
prod-39300,Aciclovir crema 5% 15 g l Chile,Medicamentos,/products/receta.svg,,placeholder_o_no_importable
prod-34599,Ácido Acetilsalicilico 100 mg 100 comprimidos Pasteur,Medicamentos,/products/importadas/prod-34599-acido-acetilsalicilico-100-mg-100-comprimidos-pasteur-dr-simi.jpg,http://farmacia-andes.abc/products/importadas/prod-34599-acido-acetilsalicilico-100-mg-100-comprimidos-pasteur-dr-simi.jpg,archivo_local_por_sku
prod-49306,Ácido Mefenamico 500 mg 10 comprimidos Curae,Medicamentos,/products/importadas/prod-49306-acido-mefenamico-500-mg-10-comprimidos-curae-dr-simi.jpg,http://farmacia-andes.abc/products/importadas/prod-49306-acido-mefenamico-500-mg-10-comprimidos-curae-dr-simi.jpg,archivo_local_por_sku
prod-27155,"Acifin 10 comprimidos Masticables (Magaldrate 480 mg, Simeticona 100 mg)",Medicamentos,/products/receta.svg,,placeholder_o_no_importable
prod-7302,Actan 20 mg 30 cápsulas (Fluoxetina 20 mg),Medicamentos,/products/medicamentos/prod-7302-actan-20-mg-30-capsulas-fluoxetina-20-mg.jpg,http://farmacia-andes.abc/products/medicamentos/prod-7302-actan-20-mg-30-capsulas-fluoxetina-20-mg.jpg,archivo_local_por_sku
prod-16792,Actrapid Hm 100 UI 10 ml (Insulina Soluble Humana 100 UI/1 ml),Medicamentos,/products/medicamentos/prod-16792-actrapid-hm-100-ui-10-ml-insulina-soluble-humana-100-ui-1-ml.jpg,http://farmacia-andes.abc/products/medicamentos/prod-16792-actrapid-hm-100-ui-10-ml-insulina-soluble-humana-100-ui-1-ml.jpg,archivo_local_por_sku
prod-14842,Actron 200 mg 10 cápsulas Blíster (Ibuprofeno 200 mg),Medicamentos,/products/medicamentos/prod-14842-actron-200-mg-10-capsulas-blister-ibuprofeno-200-mg.jpg,http://farmacia-andes.abc/products/medicamentos/prod-14842-actron-200-mg-10-capsulas-blister-ibuprofeno-200-mg.jpg,archivo_local_por_sku
prod-49625,"Acuode 50,000 UI 4 Sob (Colecalciferol 0,5 g)",Medicamentos,/products/medicamentos/prod-49625-acuode-50-000-ui-4-sob-colecalciferol-0-5-g.jpg,http://farmacia-andes.abc/products/medicamentos/prod-49625-acuode-50-000-ui-4-sob-colecalciferol-0-5-g.jpg,archivo_local_por_sku
prod-30594,"Adapac Gel dermatológico 0,1% 30 g (Adapaleno 0,1%)",Medicamentos,/products/medicamentos/prod-30594-adapac-gel-dermatologico-0-1-30-g-adapaleno-0-1.jpg,http://farmacia-andes.abc/products/medicamentos/prod-30594-adapac-gel-dermatologico-0-1-30-g-adapaleno-0-1.jpg,archivo_local_por_sku
prod-49508,"Adorlan 25/25 10 comprimidos (Diclofenaco 25 mg, Tramadol 25 mg)",Medicamentos,/products/medicamentos/prod-49508-adorlan-25-25-10-comprimidos-diclofenaco-25-mg-tramadol-25-mg.jpg,http://farmacia-andes.abc/products/medicamentos/prod-49508-adorlan-25-25-10-comprimidos-diclofenaco-25-mg-tramadol-25-mg.jpg,archivo_local_por_sku
prod-49365,Adrisin comprimidos sublingual 50,Homeopatía,/products/suero.svg,,placeholder_o_no_importable
prod-7303,"Aero-itan 20 cápsulas (Clordiazepoxido 5 mg, Metoclopramida 5 mg, Simeticona 100 mg)",Medicamentos,/products/medicamentos/prod-7303-aero-itan-20-capsulas-clordiazepoxido-5-mg-metoclopramida-5-mg-simetic.jpg,http://farmacia-andes.abc/products/medicamentos/prod-7303-aero-itan-20-capsulas-clordiazepoxido-5-mg-metoclopramida-5-mg-simetic.jpg,archivo_local_por_sku
prod-17141,Aerocamara Universal Ad/Es Sil,Medicamentos,/products/importadas/prod-17141-aerocamara-universal-ad-es-sil-dr-simi.jpg,http://farmacia-andes.abc/products/importadas/prod-17141-aerocamara-universal-ad-es-sil-dr-simi.jpg,archivo_local_por_sku
prod-4876,"Aerogastrol 20 cápsulas (Clordiazepoxido 5 mg, Metoclopramida 5 mg, Simeticona 100 mg)",Medicamentos,/products/importadas/prod-4876-aerogastrol-20-capsulas-clordiazepoxido-5-mg-metoclopramida-5-mg-simeticona--dr-simi.jpg,http://farmacia-andes.abc/products/importadas/prod-4876-aerogastrol-20-capsulas-clordiazepoxido-5-mg-metoclopramida-5-mg-simeticona--dr-simi.jpg,archivo_local_por_sku
prod-32356,"Aftagel Gel Bucal 20 g (Benzocaina 5 g, Cetilpiridinio 0,5 g)",Medicamentos,/products/medicamentos/prod-32356-aftagel-gel-bucal-20-g-benzocaina-5-g-cetilpiridinio-0-5-g.jpg,http://farmacia-andes.abc/products/medicamentos/prod-32356-aftagel-gel-bucal-20-g-benzocaina-5-g-cetilpiridinio-0-5-g.jpg,archivo_local_por_sku
prod-5780,"Agua Del Carmen 40 ml (Clavo Olor 13 mg, Limon 113 mg, Melisa 113 mg, Menta 104 mg)",Medicamentos,/products/receta.svg,,placeholder_o_no_importable
prod-49527,Aguja Des Hipodermica 25GX 5/8 1 Un,Accesorios,/products/suero.svg,,placeholder_o_no_importable
prod-41453,Aguja Hipodermica 21GX 1-1/2,Accesorios,/products/suero.svg,,placeholder_o_no_importable
prod-50010,Aguja Hipodermica 23 g x 1 Unidad,Accesorios,/products/importadas/prod-50010-aguja-hipodermica-23-g-x-1-unidad-dr-simi.jpg,http://farmacia-andes.abc/products/importadas/prod-50010-aguja-hipodermica-23-g-x-1-unidad-dr-simi.jpg,archivo_local_por_sku
prod-49746,Aguja Pt Lapiz 32GX 5/32 1 Un,Accesorios,/products/suero.svg,,placeholder_o_no_importable
prod-50190,Alcohol 70% Isopropilico Spray x 290 Cc Difem (Dm),Accesorios,/products/suero.svg,,placeholder_o_no_importable
prod-49763,Alcohol Desn 70° Santepharma 250 ml,Accesorios,/products/suero.svg,,placeholder_o_no_importable
prod-49697,Alcohol Gel Neutro 70% 60CC,Higiene,/products/alcohol-gel.svg,,placeholder_o_no_importable
prod-50081,Alcohol Pad,Higiene,/products/alcohol-gel.svg,,placeholder_o_no_importable
prod-45707,"Alergiol Forte 0,2% 5 ml solución oftálmica (Olopatadina 0,2%)",Medicamentos,/products/medicamentos/prod-45707-alergiol-forte-0-2-5-ml-solucion-oftalmica-olopatadina-0-2.jpg,http://farmacia-andes.abc/products/medicamentos/prod-45707-alergiol-forte-0-2-5-ml-solucion-oftalmica-olopatadina-0-2.jpg,archivo_local_por_sku
prod-36007,"Alerpriv jarabe 2,5 mg/5 ml 100 ml Levocetirizina",Medicamentos,/products/receta.svg,,placeholder_o_no_importable
prod-50045,Alervit Forte x 60 Cápsulas (Vitalab) (Jengibre 1/1),Cuidado familiar,/products/suero.svg,,placeholder_o_no_importable
prod-13632,Alexia Forte 180 mg 30 comprimidos (Fexofenadina 180 mg),Medicamentos,/products/medicamentos/prod-13632-alexia-forte-180-mg-30-comprimidos-fexofenadina-180-mg.jpg,http://farmacia-andes.abc/products/medicamentos/prod-13632-alexia-forte-180-mg-30-comprimidos-fexofenadina-180-mg.jpg,archivo_local_por_sku
prod-49421,Alfexa 120 Mg(fexofenadina) 180 mg 30 comprimidos,Medicamentos,/products/medicamentos/prod-49421-alfexa-120-mg-fexofenadina-180-mg-30-comprimidos.jpg,http://farmacia-andes.abc/products/medicamentos/prod-49421-alfexa-120-mg-fexofenadina-180-mg-30-comprimidos.jpg,archivo_local_por_sku
prod-40179,Alflorex 30 cápsulas (Probioticos 1 mg),Medicamentos,/products/receta.svg,,placeholder_o_no_importable
prod-30730,Algiafin jarabe 60 ml Paracetamol,Medicamentos,/products/medicamentos/algiafin-paracetamol-120mg-5ml-60ml.jpg,http://farmacia-andes.abc/products/medicamentos/algiafin-paracetamol-120mg-5ml-60ml.jpg,override_json
prod-12320,Algodon Corriente 100 g,Medicamentos,/products/medicamentos/prod-12320-algodon-corriente-100-g.jpg,http://farmacia-andes.abc/products/medicamentos/prod-12320-algodon-corriente-100-g.jpg,archivo_local_por_sku
prod-12322,Algodon Corriente 50 g,Medicamentos,/products/importadas/prod-12322-algodon-corriente-50-g-dr-simi.jpg,http://farmacia-andes.abc/products/importadas/prod-12322-algodon-corriente-50-g-dr-simi.jpg,archivo_local_por_sku
prod-193,Algodon Prensado 100 g,Medicamentos,/products/medicamentos/prod-193-algodon-prensado-100-g.jpg,http://farmacia-andes.abc/products/medicamentos/prod-193-algodon-prensado-100-g.jpg,archivo_local_por_sku
prod-194,Algodon Prensado 250 g,Medicamentos,/products/medicamentos/prod-194-algodon-prensado-250-g.jpg,http://farmacia-andes.abc/products/medicamentos/prod-194-algodon-prensado-250-g.jpg,archivo_local_por_sku
prod-49997,Alividol 1000 mg 20 comprimidos (Paracetamol 1000 mg),Medicamentos,/products/medicamentos/alividol-opko-1000mg-20comp.webp,http://farmacia-andes.abc/products/medicamentos/alividol-opko-1000mg-20comp.webp,override_json
prod-35577,"All Out Piojos Locion + Peine (Ciclometicona, Dimeticona, Miristato De Isopropilo)",Dermocosmética,/products/crema.svg,,placeholder_o_no_importable
prod-49534,"Aloe Sup Alimentario 30 cápsulas (Aloina 0,05 mg, Calcio 0,062 g, Magnesio 0,05 g)",Medicamentos,/products/importadas/prod-49534-aloe-sup-alimentario-30-capsulas-aloina-0-05-mg-calcio-0-062-g-magnesio-0-05-dr-simi.jpg,http://farmacia-andes.abc/products/importadas/prod-49534-aloe-sup-alimentario-30-capsulas-aloina-0-05-mg-calcio-0-062-g-magnesio-0-05-dr-simi.jpg,archivo_local_por_sku
prod-49837,"Aloe Vera Gel 1LT Sab Maracuya Spring Life (Aloe Vera 0,09%)",Medicamentos,/products/receta.svg,,placeholder_o_no_importable
prod-49185,Alopurino bioequivalente comprimidos 100 mg 20,Medicamentos,/products/medicamentos/prod-49185-alopurino-bioequivalente-comprimidos-100-mg-20.jpg,http://farmacia-andes.abc/products/medicamentos/prod-49185-alopurino-bioequivalente-comprimidos-100-mg-20.jpg,archivo_local_por_sku
prod-49186,Alopurino bioequivalente comprimidos 300 mg 20,Medicamentos,/products/medicamentos/prod-49186-alopurino-bioequivalente-comprimidos-300-mg-20.jpg,http://farmacia-andes.abc/products/medicamentos/prod-49186-alopurino-bioequivalente-comprimidos-300-mg-20.jpg,archivo_local_por_sku
prod-10042,"Alprazolam 0,5 mg 30 comprimidos",Medicamentos,/products/receta.svg,,placeholder_o_no_importable
prod-16790,Altazinc Gtas 5 mg 30 ml (Sulfato De Zinc 5 mg/1 ml),Cuidado familiar,/products/showcase/altazinc-gotas-zinc-30ml.jpg,http://farmacia-andes.abc/products/showcase/altazinc-gotas-zinc-30ml.jpg,override_comun
prod-9552,Aluminio Hidroxido 6% 180 ml Chile,Medicamentos,/products/medicamentos/prod-9552-aluminio-hidroxido-6-180-ml-chile.jpg,http://farmacia-andes.abc/products/medicamentos/prod-9552-aluminio-hidroxido-6-180-ml-chile.jpg,archivo_local_por_sku
prod-32188,Always Ultra Fina M S 24 Un,Dermocosmética,/products/crema.svg,,placeholder_o_no_importable
prod-49657,"Ambilan Bid Forte 800/57 (Ácido Clavulanico 57 mg, Amoxicilina 800 mg)",Medicamentos,/products/receta.svg,,placeholder_o_no_importable
prod-50111,Ambrosoli Dfulces Frutas 100 Un,Cuidado familiar,/products/suero.svg,,placeholder_o_no_importable
prod-49411,Aminta (Desogestrel) 75 mcg 28 comprimidos,Medicamentos,/products/medicamentos/prod-49411-aminta-desogestrel-75-mcg-28-comprimidos.jpg,http://farmacia-andes.abc/products/medicamentos/prod-49411-aminta-desogestrel-75-mcg-28-comprimidos.jpg,archivo_local_por_sku
prod-9556,Amiodarona 200 mg 20 comprimidos Mintlab,Medicamentos,/products/medicamentos/prod-9556-amiodarona-200-mg-20-comprimidos-mintlab.jpg,http://farmacia-andes.abc/products/medicamentos/prod-9556-amiodarona-200-mg-20-comprimidos-mintlab.jpg,archivo_local_por_sku
prod-30900,Amitriptilina 25 mg 24 comprimidos Chile,Medicamentos,/products/medicamentos/prod-30900-amitriptilina-25-mg-24-comprimidos-chile.jpg,http://farmacia-andes.abc/products/medicamentos/prod-30900-amitriptilina-25-mg-24-comprimidos-chile.jpg,archivo_local_por_sku
prod-50182,Amitriptilina Clorhidrato 25 mg x 100 comprimidos,Medicamentos,/products/medicamentos/prod-50182-amitriptilina-clorhidrato-25-mg-x-100-comprimidos.jpg,http://farmacia-andes.abc/products/medicamentos/prod-50182-amitriptilina-clorhidrato-25-mg-x-100-comprimidos.jpg,archivo_local_por_sku
prod-49474,"Amlipros 5/40 30 comprimidos (Amlodipino 5 mg, Olmesartan 40 mg)",Medicamentos,/products/medicamentos/prod-49474-amlipros-5-40-30-comprimidos-amlodipino-5-mg-olmesartan-40-mg.jpg,http://farmacia-andes.abc/products/medicamentos/prod-49474-amlipros-5-40-30-comprimidos-amlodipino-5-mg-olmesartan-40-mg.jpg,archivo_local_por_sku
prod-49322,Amlodipino 10 mg comprimidos Pasteur,Medicamentos,/products/receta.svg,,placeholder_o_no_importable
prod-33717,Amlodipino 5 mg 30 comprimidos Mintlab,Medicamentos,/products/receta.svg,,placeholder_o_no_importable
prod-29652,Ammen Col 210 ml + Col 75 ml,Dermocosmética,/products/crema.svg,,placeholder_o_no_importable
prod-21706,Amobiotic 1 g 20 comprimidos (Amoxicilina 1000 mg),Medicamentos,/products/receta.svg,,placeholder_o_no_importable
prod-16540,Amobiotic Bid 1000/5 ml 90 ml (Amoxicilina 1000 mg/5 ml),Medicamentos,/products/medicamentos/prod-16540-amobiotic-bid-1000-5-ml-90-ml-amoxicilina-1000-mg-5-ml.jpg,http://farmacia-andes.abc/products/medicamentos/prod-16540-amobiotic-bid-1000-5-ml-90-ml-amoxicilina-1000-mg-5-ml.jpg,archivo_local_por_sku
prod-7305,Amoval 1 g 14 comprimidos (Amoxicilina 1000 mg),Medicamentos,/products/receta.svg,,placeholder_o_no_importable
prod-49199,Amoxici Sus 250 mg/5 ml 60M (Amoxicilina 250 mg/5 ml),Medicamentos,/products/importadas/prod-49199-amoxici-sus-250-mg-5-ml-60m-amoxicilina-250-mg-5-ml-dr-simi.jpg,http://farmacia-andes.abc/products/importadas/prod-49199-amoxici-sus-250-mg-5-ml-60m-amoxicilina-250-mg-5-ml-dr-simi.jpg,archivo_local_por_sku
prod-50203,Amoxicilina/Ácido Clavulanico 875/125 mg,Medicamentos,/products/receta.svg,,placeholder_o_no_importable
prod-49958,Amoxicilina 500 mg + Ácido Clavulanico 125 mg,Medicamentos,/products/receta.svg,,placeholder_o_no_importable
prod-39038,Amoxicilina 500 mg 21 cápsulas (Bioequivalente)mintlab,Medicamentos,/products/receta.svg,,placeholder_o_no_importable
prod-30943,Amoxicilina 500 mg/5 ml 60 ml Opko,Medicamentos,/products/medicamentos/prod-30943-amoxicilina-500-mg-5-ml-60-ml-opko.jpg,http://farmacia-andes.abc/products/medicamentos/prod-30943-amoxicilina-500-mg-5-ml-60-ml-opko.jpg,archivo_local_por_sku
prod-31972,Amoxicilina 750 mg 10 comprimidos Mintlab,Medicamentos,/products/medicamentos/prod-31972-amoxicilina-750-mg-10-comprimidos-mintlab.jpg,http://farmacia-andes.abc/products/medicamentos/prod-31972-amoxicilina-750-mg-10-comprimidos-mintlab.jpg,archivo_local_por_sku
prod-49200,Amoxicilina Sus 500 mg 60*,Medicamentos,/products/importadas/prod-49200-amoxicilina-sus-500-mg-60-dr-simi.jpg,http://farmacia-andes.abc/products/importadas/prod-49200-amoxicilina-sus-500-mg-60-dr-simi.jpg,archivo_local_por_sku
prod-49849,Amoxicilina/Ácido Clavulanico 875/125 mg 14 comprimidos,Medicamentos,/products/receta.svg,,placeholder_o_no_importable
prod-32677,"Anacin Clasico 8 comprimidos (Ácido Acetilsalicilico, Cafeina)",Medicamentos,/products/medicamentos/prod-32677-anacin-clasico-8-comprimidos-acido-acetilsalicilico-cafeina.jpg,http://farmacia-andes.abc/products/medicamentos/prod-32677-anacin-clasico-8-comprimidos-acido-acetilsalicilico-cafeina.jpg,archivo_local_por_sku
prod-23768,"Anacin Max 8 comprimidos (Ácido Acetilsalicilico, Cafeina, Paracetamol)",Medicamentos,/products/medicamentos/prod-23768-anacin-max-8-comprimidos-acido-acetilsalicilico-cafeina-paracetamol.jpg,http://farmacia-andes.abc/products/medicamentos/prod-23768-anacin-max-8-comprimidos-acido-acetilsalicilico-cafeina-paracetamol.jpg,archivo_local_por_sku
prod-49675,Anfebutamona 300 mg 30 comprimidos,Medicamentos,/products/importadas/prod-49675-anfebutamona-300-mg-30-comprimidos-dr-simi.jpg,http://farmacia-andes.abc/products/importadas/prod-49675-anfebutamona-300-mg-30-comprimidos-dr-simi.jpg,archivo_local_por_sku
prod-49605,"Angeliq 28 comprimidos (Drospirenona 2 mg, Estradiol 1 mg)",Medicamentos,/products/receta.svg,,placeholder_o_no_importable
prod-39064,"Anovulatorios 21 comprimidos recubiertos Andromaco (Etinilestradiol 0,03 mg, Levonorgestrel 0,15 mg)",Medicamentos,/products/medicamentos/prod-39064-anovulatorios-21-comprimidos-recubiertos-andromaco-etinilestradiol-0-0.jpg,http://farmacia-andes.abc/products/medicamentos/prod-39064-anovulatorios-21-comprimidos-recubiertos-andromaco-etinilestradiol-0-0.jpg,archivo_local_por_sku
prod-13405,"Antalin 30 comprimidos (Amitriptilina 12,5 mg, Clordiazepoxido 5 mg)",Medicamentos,/products/medicamentos/prod-13405-antalin-30-comprimidos-amitriptilina-12-5-mg-clordiazepoxido-5-mg.jpg,http://farmacia-andes.abc/products/medicamentos/prod-13405-antalin-30-comprimidos-amitriptilina-12-5-mg-clordiazepoxido-5-mg.jpg,archivo_local_por_sku
prod-29908,"Antiax 6 comprimidos (Magaldrate 480 mg, Simeticona 100 mg)",Medicamentos,/products/importadas/prod-29908-antiax-6-comprimidos-magaldrate-480-mg-simeticona-100-mg-dr-simi.jpg,http://farmacia-andes.abc/products/importadas/prod-29908-antiax-6-comprimidos-magaldrate-480-mg-simeticona-100-mg-dr-simi.jpg,archivo_local_por_sku
prod-48775,Antrofi crema vaginal 1%30 g + 20AP (Promestrieno 1%),Medicamentos,/products/medicamentos/prod-48775-antrofi-crema-vaginal-1-30-g-20ap-promestrieno-1.jpg,http://farmacia-andes.abc/products/medicamentos/prod-48775-antrofi-crema-vaginal-1-30-g-20ap-promestrieno-1.jpg,archivo_local_por_sku
prod-39008,"Anulette Cd 28 comprimidos Re (Etinilestradiol 0,03 mg, Levonorgestrel 0,15 mg)",Medicamentos,/products/medicamentos/prod-39008-anulette-cd-28-comprimidos-re-etinilestradiol-0-03-mg-levonorgestrel-0.jpg,http://farmacia-andes.abc/products/medicamentos/prod-39008-anulette-cd-28-comprimidos-re-etinilestradiol-0-03-mg-levonorgestrel-0.jpg,archivo_local_por_sku
prod-39009,"Anulette 21 comprimidos (Etinilestradiol 0,03 mg, Levonorgestrel 0,15 mg)",Medicamentos,/products/medicamentos/prod-39009-anulette-21-comprimidos-etinilestradiol-0-03-mg-levonorgestrel-0-15-mg.jpg,http://farmacia-andes.abc/products/medicamentos/prod-39009-anulette-21-comprimidos-etinilestradiol-0-03-mg-levonorgestrel-0-15-mg.jpg,archivo_local_por_sku
prod-46502,Anzap comprimidos recubiertos 10 mg 30 (Olanzapina 10 mg),Medicamentos,/products/importadas/prod-46502-anzap-comprimidos-recubiertos-10-mg-30-olanzapina-10-mg-dr-simi.jpg,http://farmacia-andes.abc/products/importadas/prod-46502-anzap-comprimidos-recubiertos-10-mg-30-olanzapina-10-mg-dr-simi.jpg,archivo_local_por_sku
prod-28240,"Apeticat jarabe 100 ml (L-carnitina 1,6 g)",Veterinaria,/products/receta.svg,,placeholder_o_no_importable
prod-49556,Apetipet jarabe 100 ml (L-carnitina 5 g),Veterinaria,/products/receta.svg,,placeholder_o_no_importable
prod-48592,"Apivit Inf comprimidos Mast 30 (Propoleo, Sucralosa)",Cuidado familiar,/products/suero.svg,,placeholder_o_no_importable
prod-49901,Aposito Gasa + Algodón 10X 10 Cm,Medicamentos,/products/receta.svg,,placeholder_o_no_importable
prod-34723,Aposito Hidrocoloide 10X 10CM 1 Un,Medicamentos,/products/receta.svg,,placeholder_o_no_importable
prod-50194,Aposito Hidrogel Tubo x 15 g (Dm),Medicamentos,/products/receta.svg,,placeholder_o_no_importable
prod-28102,"Aposito Transparente 10,12cm",Medicamentos,/products/receta.svg,,placeholder_o_no_importable
prod-16260,Aqua Flex Cep Norm/Suave 2X 1,Dermocosmética,/products/crema.svg,,placeholder_o_no_importable
prod-33404,Aquaf l Teeth Cep Suave 3-5A,Dermocosmética,/products/crema.svg,,placeholder_o_no_importable
prod-49283,Aquafresh Pasta Triple Protection 158 g,Dermocosmética,/products/crema.svg,,placeholder_o_no_importable
prod-50120,Aquafresh Pasta Triple Protection 95 g,Dermocosmética,/products/crema.svg,,placeholder_o_no_importable
prod-39257,Aquaphor Pomada Rep 55 ml Eucerin,Dermocosmética,/products/crema.svg,,placeholder_o_no_importable
prod-46264,Aquarius Manz 0%AZ sin g 500,Medicamentos,/products/receta.svg,,placeholder_o_no_importable
prod-46265,Aquarius Pera 0%AZ sin g 500,Medicamentos,/products/receta.svg,,placeholder_o_no_importable
prod-32380,"Arama Artrosome C + D 30 Sob (Ácido Ascorbico, Colageno Hidrolizado, Vitamina D)",Homeopatía,/products/suero.svg,,placeholder_o_no_importable
prod-39333,Arama Broxul jarabe 120 ml,Medicamentos,/products/receta.svg,,placeholder_o_no_importable
prod-49492,Arama Circalife Melatonina gotas,Medicamentos,/products/receta.svg,,placeholder_o_no_importable
prod-38970,Arama Melatonina 3 mg 30 cápsulas,Homeopatía,/products/suero.svg,,placeholder_o_no_importable
prod-6473,Arama Vitamina E 400 UI 30 cápsulas,Homeopatía,/products/suero.svg,,placeholder_o_no_importable
prod-50161,Arenaria Compuesta,Homeopatía,/products/importadas/prod-50161-arenaria-compuesta-dr-simi.jpg,http://farmacia-andes.abc/products/importadas/prod-50161-arenaria-compuesta-dr-simi.jpg,archivo_local_por_sku
prod-49378,"Ariana 28 comprimidos (Estradiol 1,5 mg, Nomegestrol Acetato 2,5 mg)",Medicamentos,/products/medicamentos/prod-49378-ariana-28-comprimidos-estradiol-1-5-mg-nomegestrol-acetato-2-5-mg.jpg,http://farmacia-andes.abc/products/medicamentos/prod-49378-ariana-28-comprimidos-estradiol-1-5-mg-nomegestrol-acetato-2-5-mg.jpg,archivo_local_por_sku
prod-49601,Aripiprazol 10 mg 30 comprimidos bioequivalente,Medicamentos,/products/importadas/prod-49601-aripiprazol-10-mg-30-comprimidos-bioequivalente-dr-simi.jpg,http://farmacia-andes.abc/products/importadas/prod-49601-aripiprazol-10-mg-30-comprimidos-bioequivalente-dr-simi.jpg,archivo_local_por_sku
prod-49653,Aripiprazol 15 mg 30 comprimidos Chile,Medicamentos,/products/medicamentos/prod-49653-aripiprazol-15-mg-30-comprimidos-chile.jpg,http://farmacia-andes.abc/products/medicamentos/prod-49653-aripiprazol-15-mg-30-comprimidos-chile.jpg,archivo_local_por_sku
prod-49334,Aripiprazol 5 mg 30 comprimidos Alembic,Medicamentos,/products/receta.svg,,placeholder_o_no_importable
prod-14951,"Arlette 28 comprimidos (Desogestrel 0,075 mg)",Medicamentos,/products/medicamentos/prod-14951-arlette-28-comprimidos-desogestrel-0-075-mg.jpg,http://farmacia-andes.abc/products/medicamentos/prod-14951-arlette-28-comprimidos-desogestrel-0-075-mg.jpg,archivo_local_por_sku
prod-4790,"Armonyl 20 cápsulas (Espino 25 mg, Pasiflora 40 mg, Valeriana 100 mg)",Medicamentos,/products/medicamentos/prod-4790-armonyl-20-capsulas-espino-25-mg-pasiflora-40-mg-valeriana-100-mg.jpg,http://farmacia-andes.abc/products/medicamentos/prod-4790-armonyl-20-capsulas-espino-25-mg-pasiflora-40-mg-valeriana-100-mg.jpg,archivo_local_por_sku
prod-4789,"Armonyl Día gotas (Espino 12,5 mg/1 ml, Pasiflora 20 mg/1 ml, Valeriana 50 mg/1 ml)",Medicamentos,/products/medicamentos/prod-4789-armonyl-dia-gotas-espino-12-5-mg-1-ml-pasiflora-20-mg-1-ml-valeriana-5.jpg,http://farmacia-andes.abc/products/medicamentos/prod-4789-armonyl-dia-gotas-espino-12-5-mg-1-ml-pasiflora-20-mg-1-ml-valeriana-5.jpg,archivo_local_por_sku
prod-16056,Armonyl Noche con Manzanilla 20 cápsulas,Medicamentos,/products/medicamentos/prod-16056-armonyl-noche-con-manzanilla-20-capsulas.jpg,http://farmacia-andes.abc/products/medicamentos/prod-16056-armonyl-noche-con-manzanilla-20-capsulas.jpg,archivo_local_por_sku
prod-16123,Armonyl Noche con Manzanilla gotas,Medicamentos,/products/receta.svg,,placeholder_o_no_importable
prod-29960,Arnica Gel 100 g Green,Medicamentos,/products/receta.svg,,placeholder_o_no_importable
prod-50025,Arnika D 6 90 comprimidos (Arnica 2 mg),Homeopatía,/products/suero.svg,,placeholder_o_no_importable
prod-22440,Arnikaderm Gel 50 g (Arnica 10%),Homeopatía,/products/suero.svg,,placeholder_o_no_importable
prod-38226,Asax 10 mg/1 ml 60 ml (Furosemida 10 mg/1 ml),Medicamentos,/products/medicamentos/prod-38226-asax-10-mg-1-ml-60-ml-furosemida-10-mg-1-ml.jpg,http://farmacia-andes.abc/products/medicamentos/prod-38226-asax-10-mg-1-ml-60-ml-furosemida-10-mg-1-ml.jpg,archivo_local_por_sku
prod-16478,Asepxia Spot Gel Secante (Ácido Salicilico 2%),Dermocosmética,/products/crema.svg,,placeholder_o_no_importable
prod-16105,Aspirina 500 mg 20 comprimidos (Ácido Acetilsalicilico 500 mg),Medicamentos,/products/medicamentos/prod-16105-aspirina-500-mg-20-comprimidos-acido-acetilsalicilico-500-mg.jpg,http://farmacia-andes.abc/products/medicamentos/prod-16105-aspirina-500-mg-20-comprimidos-acido-acetilsalicilico-500-mg.jpg,archivo_local_por_sku
prod-30966,Aspirina Forte 650 mg 80 comprimidos (Ácido Acetilsalicilico 650 mg),Medicamentos,/products/receta.svg,,placeholder_o_no_importable
prod-9570,Atenolol 100 mg 20 comprimidos Mintlab,Medicamentos,/products/medicamentos/prod-9570-atenolol-100-mg-20-comprimidos-mintlab.jpg,http://farmacia-andes.abc/products/medicamentos/prod-9570-atenolol-100-mg-20-comprimidos-mintlab.jpg,archivo_local_por_sku
prod-30940,Atenolol 50 mg 20 comprimidos (bioequivalente) Opko,Medicamentos,/products/medicamentos/prod-30940-atenolol-50-mg-20-comprimidos-bioequivalente-opko.jpg,http://farmacia-andes.abc/products/medicamentos/prod-30940-atenolol-50-mg-20-comprimidos-bioequivalente-opko.jpg,archivo_local_por_sku
prod-49201,Atorvast bioequivalente comprimidos recubiertos 10MG 30 (Atorvastatina 10 mg),Medicamentos,/products/importadas/prod-49201-atorvast-bioequivalente-comprimidos-recubiertos-10mg-30-atorvastatina-10-mg-dr-simi.jpg,http://farmacia-andes.abc/products/importadas/prod-49201-atorvast-bioequivalente-comprimidos-recubiertos-10mg-30-atorvastatina-10-mg-dr-simi.jpg,archivo_local_por_sku
prod-49202,Atorvast bioequivalente comprimidos recubiertos 20MG 30 (Atorvastatina 20 mg),Medicamentos,/products/importadas/prod-49202-atorvast-bioequivalente-comprimidos-recubiertos-20mg-30-atorvastatina-20-mg-dr-simi.jpg,http://farmacia-andes.abc/products/importadas/prod-49202-atorvast-bioequivalente-comprimidos-recubiertos-20mg-30-atorvastatina-20-mg-dr-simi.jpg,archivo_local_por_sku
prod-49304,Atorvastatina 10 mg 60 comprimidos (bioequivalente) Msn,Medicamentos,/products/receta.svg,,placeholder_o_no_importable
prod-31438,Atorvastatina 20 mg 30 comprimidos recubiertos (bioequivalente) Chile,Medicamentos,/products/medicamentos/atorvastatina-lchile-20mg-30comp.jpg,http://farmacia-andes.abc/products/medicamentos/atorvastatina-lchile-20mg-30comp.jpg,override_json
prod-50179,Atorvastatina 40 mg,Medicamentos,/products/medicamentos/atorvastatina-lchile-40mg-30comp.jpg,http://farmacia-andes.abc/products/medicamentos/atorvastatina-lchile-40mg-30comp.jpg,override_json
prod-49705,Atorvastatina 80 mg 30 comprimidos (Chile),Medicamentos,/products/importadas/prod-49705-atorvastatina-80-mg-30-comprimidos-chile-dr-simi.jpg,http://farmacia-andes.abc/products/importadas/prod-49705-atorvastatina-80-mg-30-comprimidos-chile-dr-simi.jpg,archivo_local_por_sku
prod-49210,Atorvastatina comprimidos 10 mg x 30 Opko (bioequivalente),Medicamentos,/products/receta.svg,,placeholder_o_no_importable
prod-40809,Atropina 1% solución oftálmica 5 ml Klonal,Medicamentos,/products/medicamentos/prod-40809-atropina-1-solucion-oftalmica-5-ml-klonal.jpg,http://farmacia-andes.abc/products/medicamentos/prod-40809-atropina-1-solucion-oftalmica-5-ml-klonal.jpg,archivo_local_por_sku
prod-50167,"Aurosol ( Hipromelosda 0,3 % ) (Hipromelosa 0,3%)",Medicamentos,/products/medicamentos/prod-50167-aurosol-hipromelosda-0-3-hipromelosa-0-3.jpg,http://farmacia-andes.abc/products/medicamentos/prod-50167-aurosol-hipromelosda-0-3-hipromelosa-0-3.jpg,archivo_local_por_sku
prod-35233,"Aurosol 0,7% solución oftálmica 10 ml (Hipromelosa 0,7%)",Medicamentos,/products/medicamentos/prod-35233-aurosol-0-7-solucion-oftalmica-10-ml-hipromelosa-0-7.jpg,http://farmacia-andes.abc/products/medicamentos/prod-35233-aurosol-0-7-solucion-oftalmica-10-ml-hipromelosa-0-7.jpg,archivo_local_por_sku
prod-32523,Aviatus jarabe 30 mg/5 ml 120 ml (Levodropropizina 30 mg/5 ml),Medicamentos,/products/medicamentos/prod-32523-aviatus-jarabe-30-mg-5-ml-120-ml-levodropropizina-30-mg-5-ml.jpg,http://farmacia-andes.abc/products/medicamentos/prod-32523-aviatus-jarabe-30-mg-5-ml-120-ml-levodropropizina-30-mg-5-ml.jpg,archivo_local_por_sku
prod-49291,Axe Desp 48 H Frag + Fresc A/P Sec 95 g,Dermocosmética,/products/crema.svg,,placeholder_o_no_importable
prod-45361,Axe Desp Marin A/P Sec 95 g,Dermocosmética,/products/crema.svg,,placeholder_o_no_importable
prod-45360,Axe Desp Musk A/P Sec 95 g,Dermocosmética,/products/crema.svg,,placeholder_o_no_importable
prod-39827,Azatioprina 50 mg 100 comprimidos (Bioequivalente)ascend,Medicamentos,/products/receta.svg,,placeholder_o_no_importable
prod-49190,Azitromic Sus 200 mg 30 ml (Azitromicina 200 mg/5 ml),Medicamentos,/products/importadas/prod-49190-azitromic-sus-200-mg-30-ml-azitromicina-200-mg-5-ml-dr-simi.jpg,http://farmacia-andes.abc/products/importadas/prod-49190-azitromic-sus-200-mg-30-ml-azitromicina-200-mg-5-ml-dr-simi.jpg,archivo_local_por_sku
prod-31042,Azitromicina 500 mg 3 comprimidos recubiertos Mintl,Medicamentos,/products/medicamentos/azitromicina-mintlab-500mg-3comp.jpg,http://farmacia-andes.abc/products/medicamentos/azitromicina-mintlab-500mg-3comp.jpg,override_json
prod-30904,Azitromicina 500 mg 6 comprimidos recubiertos (bioequivalente) Chile,Medicamentos,/products/medicamentos/azitromicina-lchile-500mg-6comp.jpg,http://farmacia-andes.abc/products/medicamentos/azitromicina-lchile-500mg-6comp.jpg,override_json
prod-8950,Azul De Metileno 20 ml Valma,Medicamentos,/products/medicamentos/prod-8950-azul-de-metileno-20-ml-valma.jpg,http://farmacia-andes.abc/products/medicamentos/prod-8950-azul-de-metileno-20-ml-valma.jpg,archivo_local_por_sku
prod-49546,"B Complex Sup Alim 60 cápsulas (Biotina 22,5ug, Vitaminas B 1/1)",Medicamentos,/products/importadas/prod-49546-b-complex-sup-alim-60-capsulas-biotina-22-5ug-vitaminas-b-1-1-dr-simi.jpg,http://farmacia-andes.abc/products/importadas/prod-49546-b-complex-sup-alim-60-capsulas-biotina-22-5ug-vitaminas-b-1-1-dr-simi.jpg,archivo_local_por_sku
prod-33737,B House Little Princ/Princess Mord Prn 007,Medicamentos,/products/receta.svg,,placeholder_o_no_importable
prod-39967,Babyland Col Lila 210 ml,Dermocosmética,/products/crema.svg,,placeholder_o_no_importable
prod-39087,Babyland Col Pink 260 ml,Dermocosmética,/products/crema.svg,,placeholder_o_no_importable
prod-39962,Babyland Col Rosada 210 ml,Dermocosmética,/products/crema.svg,,placeholder_o_no_importable
prod-7884,Babyland Emulsionad 270 ml,Dermocosmética,/products/crema.svg,,placeholder_o_no_importable
prod-7885,Babyland Emulsionad 410 ml,Dermocosmética,/products/crema.svg,,placeholder_o_no_importable
prod-7886,Babyland Emulsionad 700 ml,Dermocosmética,/products/crema.svg,,placeholder_o_no_importable
prod-7900,Babyland Talquera Rec 100 g,Dermocosmética,/products/crema.svg,,placeholder_o_no_importable
prod-7901,Babyland Talquera Rec 200 g,Dermocosmética,/products/crema.svg,,placeholder_o_no_importable
prod-34694,Bacitracina Neomicina ungüento 15 g Hospifarma,Dermocosmética,/products/crema.svg,,placeholder_o_no_importable
prod-30965,Bacitracina Neomicina ungüento 15 g Mintlab,Dermocosmética,/products/crema.svg,,placeholder_o_no_importable
prod-49649,Baclofeno,Medicamentos,/products/medicamentos/prod-49649-baclofeno.jpg,http://farmacia-andes.abc/products/medicamentos/prod-49649-baclofeno.jpg,archivo_local_por_sku
prod-10559,Bagomicina 100 mg 15 comprimidos Re Minociclina,Medicamentos,/products/medicamentos/prod-10559-bagomicina-100-mg-15-comprimidos-re-minociclina.jpg,http://farmacia-andes.abc/products/medicamentos/prod-10559-bagomicina-100-mg-15-comprimidos-re-minociclina.jpg,archivo_local_por_sku
prod-29811,"Bagomigral 2,5 mg (Naratrip) 2 comprimidos (Naratriptan 2,5 mg)",Medicamentos,/products/receta.svg,,placeholder_o_no_importable
prod-20424,Ballerina Jab Liq crema Humec 350 ml,Dermocosmética,/products/crema.svg,,placeholder_o_no_importable
prod-49495,"Bd Ag Ins 4MMX 0,23mm 5/32X 32 g 1 Un",Accesorios,/products/suero.svg,,placeholder_o_no_importable
prod-39890,Beez gotas 30 ml (Zinc 10 mg),Medicamentos,/products/medicamentos/prod-39890-beez-gotas-30-ml-zinc-10-mg.jpg,http://farmacia-andes.abc/products/medicamentos/prod-39890-beez-gotas-30-ml-zinc-10-mg.jpg,archivo_local_por_sku
prod-47374,Bentley Anill Vib D/Ple 1,Medicamentos,/products/importadas/prod-47374-bentley-anill-vib-d-ple-1-dr-simi.jpg,http://farmacia-andes.abc/products/importadas/prod-47374-bentley-anill-vib-d-ple-1-dr-simi.jpg,archivo_local_por_sku
prod-28054,Bentley Anillo Vibrador,Medicamentos,/products/medicamentos/prod-28054-bentley-anillo-vibrador.jpg,http://farmacia-andes.abc/products/medicamentos/prod-28054-bentley-anillo-vibrador.jpg,archivo_local_por_sku
prod-49555,Bentley Bala Vib,Accesorios,/products/importadas/prod-49555-bentley-bala-vib-dr-simi.jpg,http://farmacia-andes.abc/products/importadas/prod-49555-bentley-bala-vib-dr-simi.jpg,archivo_local_por_sku
prod-38254,"Bentley Frutilla 50 g (Agua Purificada, Glicerina, Metilparabeno, Propilenglicol, Urea)",Medicamentos,/products/medicamentos/prod-38254-bentley-frutilla-50-g-agua-purificada-glicerina-metilparabeno-propilen.jpg,http://farmacia-andes.abc/products/medicamentos/prod-38254-bentley-frutilla-50-g-agua-purificada-glicerina-metilparabeno-propilen.jpg,archivo_local_por_sku
prod-21870,"Bentley Gel Lubricante 50 g (Agua Purificada, Glicerina, Metilparabeno, Propilenglicol, Urea)",Medicamentos,/products/importadas/prod-21870-bentley-gel-lubricante-50-g-agua-purificada-glicerina-metilparabeno-propilen-dr-simi.jpg,http://farmacia-andes.abc/products/importadas/prod-21870-bentley-gel-lubricante-50-g-agua-purificada-glicerina-metilparabeno-propilen-dr-simi.jpg,archivo_local_por_sku
prod-41110,Bentley Gel Lub Climax Cont 50 g,Medicamentos,/products/importadas/prod-41110-bentley-gel-lub-climax-cont-50-g-dr-simi.jpg,http://farmacia-andes.abc/products/importadas/prod-41110-bentley-gel-lub-climax-cont-50-g-dr-simi.jpg,archivo_local_por_sku
prod-7322,"Beof solución oftálmica 5 ml (Betaxolol 0,5%)",Medicamentos,/products/medicamentos/prod-7322-beof-solucion-oftalmica-5-ml-betaxolol-0-5.jpg,http://farmacia-andes.abc/products/medicamentos/prod-7322-beof-solucion-oftalmica-5-ml-betaxolol-0-5.jpg,archivo_local_por_sku
prod-49507,Bepanthol Pomada Regeneradora 30 g,Dermocosmética,/products/importadas/prod-49507-bepanthol-pomada-regeneradora-30-g-dr-simi.png,http://farmacia-andes.abc/products/importadas/prod-49507-bepanthol-pomada-regeneradora-30-g-dr-simi.png,archivo_local_por_sku
prod-40616,Bepanthol ungüento 50 g (Dexpantenol),Dermocosmética,/products/crema.svg,,placeholder_o_no_importable
prod-13046,"Berodual Hfa Inh Buc 200 Ds (Fenoterol 50 mcg, Ipratropio Bromuro 20 mcg)",Medicamentos,/products/medicamentos/prod-13046-berodual-hfa-inh-buc-200-ds-fenoterol-50-mcg-ipratropio-bromuro-20-mcg.jpg,http://farmacia-andes.abc/products/medicamentos/prod-13046-berodual-hfa-inh-buc-200-ds-fenoterol-50-mcg-ipratropio-bromuro-20-mcg.jpg,archivo_local_por_sku
prod-45460,"Betacort Cass 0,5 mg/ml 30 (Betametasona 0,5 mg/1 ml)",Medicamentos,/products/receta.svg,,placeholder_o_no_importable
prod-32233,Betametasona 4 mg 5 Amp Biosano,Medicamentos,/products/medicamentos/prod-32233-betametasona-4-mg-5-amp-biosano.jpg,http://farmacia-andes.abc/products/medicamentos/prod-32233-betametasona-4-mg-5-amp-biosano.jpg,archivo_local_por_sku
prod-49303,"Betametasona crema 0,05% 15 g Curae",Medicamentos,/products/receta.svg,,placeholder_o_no_importable
prod-1500,Betametasona/Neomicina ungüento 10 g Chile,Dermocosmética,/products/crema.svg,,placeholder_o_no_importable
prod-34094,"Betavol suspensión Iny 1 ml (Betametasona (Como Dipropionato) 5 mg/1 ml, Betametasona (Como Fosfato Disodico) 2 mg/1 ml)",Medicamentos,/products/importadas/prod-34094-betavol-suspension-iny-1-ml-betametasona-como-dipropionato-5-mg-1-ml-betamet-dr-simi.jpg,http://farmacia-andes.abc/products/importadas/prod-34094-betavol-suspension-iny-1-ml-betametasona-como-dipropionato-5-mg-1-ml-betamet-dr-simi.jpg,archivo_local_por_sku
prod-39415,Betina 16 mg 30 comprimidos (bioequivalente) (Betahistina 16 mg),Medicamentos,/products/medicamentos/prod-39415-betina-16-mg-30-comprimidos-bioequivalente-betahistina-16-mg.jpg,http://farmacia-andes.abc/products/medicamentos/prod-39415-betina-16-mg-30-comprimidos-bioequivalente-betahistina-16-mg.jpg,archivo_local_por_sku
prod-34660,Betina 24 mg 30 comprimidos (Betahistina 24 mg),Medicamentos,/products/medicamentos/prod-34660-betina-24-mg-30-comprimidos-betahistina-24-mg.jpg,http://farmacia-andes.abc/products/medicamentos/prod-34660-betina-24-mg-30-comprimidos-betahistina-24-mg.jpg,archivo_local_por_sku
prod-31989,Betis 10 mg 30 comprimidos (Clotiazepam 10 mg),Medicamentos,/products/medicamentos/prod-31989-betis-10-mg-30-comprimidos-clotiazepam-10-mg.jpg,http://farmacia-andes.abc/products/medicamentos/prod-31989-betis-10-mg-30-comprimidos-clotiazepam-10-mg.jpg,archivo_local_por_sku
prod-31646,Betis 5 mg 30 comprimidos (Clotiazepam 5 mg),Medicamentos,/products/medicamentos/prod-31646-betis-5-mg-30-comprimidos-clotiazepam-5-mg.jpg,http://farmacia-andes.abc/products/medicamentos/prod-31646-betis-5-mg-30-comprimidos-clotiazepam-5-mg.jpg,archivo_local_por_sku
prod-47367,"Bevitex Compuest gotas 30 ml (Metamizol 300 mg/1 ml, Pargeverina Clorhidrato 5 mg/1 ml)",Cuidado familiar,/products/importadas/prod-47367-bevitex-compuest-gotas-30-ml-metamizol-300-mg-1-ml-pargeverina-clorhidrato-5-dr-simi.jpg,http://farmacia-andes.abc/products/importadas/prod-47367-bevitex-compuest-gotas-30-ml-metamizol-300-mg-1-ml-pargeverina-clorhidrato-5-dr-simi.jpg,archivo_local_por_sku
prod-15691,Bevitex Forte gotas 10 mg/ml 20 ml (Pargeverina Clorhidrato 10 mg/1 ml),Cuidado familiar,/products/importadas/prod-15691-bevitex-forte-gotas-10-mg-ml-20-ml-pargeverina-clorhidrato-10-mg-1-ml-dr-simi.jpg,http://farmacia-andes.abc/products/importadas/prod-15691-bevitex-forte-gotas-10-mg-ml-20-ml-pargeverina-clorhidrato-10-mg-1-ml-dr-simi.jpg,archivo_local_por_sku
prod-15690,Bevitex gotas 5 mg/ml 20 ml (Pargeverina Clorhidrato 5 mg/1 ml),Cuidado familiar,/products/importadas/prod-15690-bevitex-gotas-5-mg-ml-20-ml-pargeverina-clorhidrato-5-mg-1-ml-dr-simi.jpg,http://farmacia-andes.abc/products/importadas/prod-15690-bevitex-gotas-5-mg-ml-20-ml-pargeverina-clorhidrato-5-mg-1-ml-dr-simi.jpg,archivo_local_por_sku
prod-32486,Bicarbonato Sodio Pote 100 g Valma,Medicamentos,/products/receta.svg,,placeholder_o_no_importable
prod-28485,Bigtime Menta,Cuidado familiar,/products/suero.svg,,placeholder_o_no_importable
prod-49407,Bigtime Ultra 1 Un,Cuidado familiar,/products/suero.svg,,placeholder_o_no_importable
prod-29308,"Bilaten D 16/12,5 x 30 comprimidos (Candesartan 16 mg, Hidroclorotiazida 12,5 mg)",Medicamentos,/products/receta.svg,,placeholder_o_no_importable
prod-49370,Bilidren 10 mg 30 comprimidos (Bilastina 10 mg),Medicamentos,/products/medicamentos/prod-49370-bilidren-10-mg-30-comprimidos-bilastina-10-mg.jpg,http://farmacia-andes.abc/products/medicamentos/prod-49370-bilidren-10-mg-30-comprimidos-bilastina-10-mg.jpg,archivo_local_por_sku
prod-38232,Bilidren 20 mg 30 comprimidos (Bilastina 20 mg),Medicamentos,/products/medicamentos/prod-38232-bilidren-20-mg-30-comprimidos-bilastina-20-mg.jpg,http://farmacia-andes.abc/products/medicamentos/prod-38232-bilidren-20-mg-30-comprimidos-bilastina-20-mg.jpg,archivo_local_por_sku
prod-29996,Bio-oil Aceite 60 ml,Medicamentos,/products/importadas/prod-29996-bio-oil-aceite-60-ml-dr-simi.jpg,http://farmacia-andes.abc/products/importadas/prod-29996-bio-oil-aceite-60-ml-dr-simi.jpg,archivo_local_por_sku
prod-35408,Bioflora 250 mg 10sobres (Saccharomyces 250 mg),Medicamentos,/products/medicamentos/prod-35408-bioflora-250-mg-10sobres-saccharomyces-250-mg.jpg,http://farmacia-andes.abc/products/medicamentos/prod-35408-bioflora-250-mg-10sobres-saccharomyces-250-mg.jpg,archivo_local_por_sku
prod-17468,Biogaia 10 comprimidos (Lactobacillus Reuteri),Medicamentos,/products/medicamentos/prod-17468-biogaia-10-comprimidos-lactobacillus-reuteri.jpg,http://farmacia-andes.abc/products/medicamentos/prod-17468-biogaia-10-comprimidos-lactobacillus-reuteri.jpg,archivo_local_por_sku
prod-45819,Biogaia D gotas Probiot 5 ml,Medicamentos,/products/medicamentos/prod-45819-biogaia-d-gotas-probiot-5-ml.jpg,http://farmacia-andes.abc/products/medicamentos/prod-45819-biogaia-d-gotas-probiot-5-ml.jpg,archivo_local_por_sku
prod-6141,Biogel Sh 2% 150 ml (Ketoconazol 2%),Medicamentos,/products/medicamentos/prod-6141-biogel-sh-2-150-ml-ketoconazol-2.jpg,http://farmacia-andes.abc/products/medicamentos/prod-6141-biogel-sh-2-150-ml-ketoconazol-2.jpg,archivo_local_por_sku
prod-49785,Biolly Toall Hum Ultra Soft Un Un,Dermocosmética,/products/crema.svg,,placeholder_o_no_importable
prod-49488,Biotina Plus 150 mcg,Cuidado familiar,/products/suero.svg,,placeholder_o_no_importable
prod-49887,"Biozen Knop 50 comprimidos (Avena 0,4 mg)",Homeopatía,/products/importadas/prod-49887-biozen-knop-50-comprimidos-avena-0-4-mg-dr-simi.jpg,http://farmacia-andes.abc/products/importadas/prod-49887-biozen-knop-50-comprimidos-avena-0-4-mg-dr-simi.jpg,archivo_local_por_sku
prod-50122,Bisglicinato De Magnesio cápsulas x 120 NF,Cuidado familiar,/products/showcase/magnesio-vitaday-400mg.jpg,http://farmacia-andes.abc/products/showcase/magnesio-vitaday-400mg.jpg,override_comun
prod-1335,Bisolvon jarabe Inf 120 ml (Bromhexina 4 mg/5 ml),Medicamentos,/products/receta.svg,,placeholder_o_no_importable
prod-34592,"Bisopril 1,25 mg 30 comprimidos (Bisoprolol 1,25 mg)",Medicamentos,/products/receta.svg,,placeholder_o_no_importable
prod-32745,Bisopril 5 mg 30 comprimidos (Bisoprolol 5 mg),Medicamentos,/products/medicamentos/prod-32745-bisopril-5-mg-30-comprimidos-bisoprolol-5-mg.jpg,http://farmacia-andes.abc/products/medicamentos/prod-32745-bisopril-5-mg-30-comprimidos-bisoprolol-5-mg.jpg,archivo_local_por_sku
prod-49973,Bisoprolol 5 mg 30 comprimidos,Medicamentos,/products/importadas/prod-49973-bisoprolol-5-mg-30-comprimidos-dr-simi.jpg,http://farmacia-andes.abc/products/importadas/prod-49973-bisoprolol-5-mg-30-comprimidos-dr-simi.jpg,archivo_local_por_sku
prod-49889,"Bisoprolol Fumarato 2,5 mg",Medicamentos,/products/receta.svg,,placeholder_o_no_importable
prod-8278,Bladuril 200 mg 20 comprimidos (Flavoxato Clorhidrato 200 mg),Medicamentos,/products/medicamentos/prod-8278-bladuril-200-mg-20-comprimidos-flavoxato-clorhidrato-200-mg.jpg,http://farmacia-andes.abc/products/medicamentos/prod-8278-bladuril-200-mg-20-comprimidos-flavoxato-clorhidrato-200-mg.jpg,archivo_local_por_sku
prod-34983,Blaxitec 20 mg 30 comprimidos (Bilastina 20 mg),Medicamentos,/products/medicamentos/prod-34983-blaxitec-20-mg-30-comprimidos-bilastina-20-mg.jpg,http://farmacia-andes.abc/products/medicamentos/prod-34983-blaxitec-20-mg-30-comprimidos-bilastina-20-mg.jpg,archivo_local_por_sku
prod-39988,Blistex Bals Lab F-15 Classic,Dermocosmética,/products/crema.svg,,placeholder_o_no_importable
prod-40677,"Blistex Prot Ultra F-50 Un (Dimeticona, Oxibenzona, Paba)",Dermocosmética,/products/crema.svg,,placeholder_o_no_importable
prod-50163,Bloqueador solar Banana Boat Advanced Prot 170 g,Protección solar,/products/solar-kids.svg,,placeholder_o_no_importable
prod-49486,Bloqueador solar Banana Boat Balance Dry 170 g,Protección solar,/products/solar-kids.svg,,placeholder_o_no_importable
prod-49460,Bon O Bon Chocolate 15 g,Cuidado familiar,/products/suero.svg,,placeholder_o_no_importable
prod-40672,"Bonavid gotas 300000 UI 2 ml (Colecalciferol, Vitamina D)",Medicamentos,/products/receta.svg,,placeholder_o_no_importable
prod-49549,Boston Simplus Lentes 120 ml,Medicamentos,/products/receta.svg,,placeholder_o_no_importable
prod-38225,Brokast 60 mg/10 ml 120 ml (Levodropropizina 60 mg/10 ml),Medicamentos,/products/medicamentos/prod-38225-brokast-60-mg-10-ml-120-ml-levodropropizina-60-mg-10-ml.jpg,http://farmacia-andes.abc/products/medicamentos/prod-38225-brokast-60-mg-10-ml-120-ml-levodropropizina-60-mg-10-ml.jpg,archivo_local_por_sku
prod-49739,"Bromhidrato/Ipratropio 0,05%/0,025% solución Inh 25 ml",Medicamentos,/products/receta.svg,,placeholder_o_no_importable
prod-12016,Broncard jarabe 120 ml (Levodropropizina 60 mg),Medicamentos,/products/medicamentos/prod-12016-broncard-jarabe-120-ml-levodropropizina-60-mg.jpg,http://farmacia-andes.abc/products/medicamentos/prod-12016-broncard-jarabe-120-ml-levodropropizina-60-mg.jpg,archivo_local_por_sku
prod-16644,Broncotusilan jarabe 250 mg/5 ml 120 ml (Carbocisteina 250 mg/5 ml),Medicamentos,/products/medicamentos/prod-16644-broncotusilan-jarabe-250-mg-5-ml-120-ml-carbocisteina-250-mg-5-ml.jpg,http://farmacia-andes.abc/products/medicamentos/prod-16644-broncotusilan-jarabe-250-mg-5-ml-120-ml-carbocisteina-250-mg-5-ml.jpg,archivo_local_por_sku
prod-14812,Broncotusilan jarabe Inf 120 ml (Carbocisteina 100 mg/5 ml),Medicamentos,/products/medicamentos/prod-14812-broncotusilan-jarabe-inf-120-ml-carbocisteina-100-mg-5-ml.jpg,http://farmacia-andes.abc/products/medicamentos/prod-14812-broncotusilan-jarabe-inf-120-ml-carbocisteina-100-mg-5-ml.jpg,archivo_local_por_sku
prod-7213,"Brontal jarabe Ad 100 ml (Bromhexina 2 mg, Clofedianol 12,5 mg)",Medicamentos,/products/medicamentos/prod-7213-brontal-jarabe-ad-100-ml-bromhexina-2-mg-clofedianol-12-5-mg.jpg,http://farmacia-andes.abc/products/medicamentos/prod-7213-brontal-jarabe-ad-100-ml-bromhexina-2-mg-clofedianol-12-5-mg.jpg,archivo_local_por_sku
prod-7214,"Brontal jarabe Inf 100 ml (Bromexina 1 mg/5 ml, Clofedianol 7 mg/5 ml)",Medicamentos,/products/importadas/prod-7214-brontal-jarabe-inf-100-ml-bromexina-1-mg-5-ml-clofedianol-7-mg-5-ml-dr-simi.jpg,http://farmacia-andes.abc/products/importadas/prod-7214-brontal-jarabe-inf-100-ml-bromexina-1-mg-5-ml-clofedianol-7-mg-5-ml-dr-simi.jpg,archivo_local_por_sku
prod-17365,Brontec jarabe 35 mg/5 ml Fco 100 ml (Extracto Hedera Helix 35 mg/5 ml),Medicamentos,/products/medicamentos/prod-17365-brontec-jarabe-35-mg-5-ml-fco-100-ml-extracto-hedera-helix-35-mg-5-ml.jpg,http://farmacia-andes.abc/products/medicamentos/prod-17365-brontec-jarabe-35-mg-5-ml-fco-100-ml-extracto-hedera-helix-35-mg-5-ml.jpg,archivo_local_por_sku
prod-2329,Brooks Talco 120 g,Dermocosmética,/products/crema.svg,,placeholder_o_no_importable
prod-49426,Bruma Refr Fijad Spray 50 ml,Dermocosmética,/products/crema.svg,,placeholder_o_no_importable
prod-40261,Bubu Abs Leche 30 Un,Dermocosmética,/products/crema.svg,,placeholder_o_no_importable
prod-40053,Bubu Abs Leche 60 Un,Dermocosmética,/products/crema.svg,,placeholder_o_no_importable
prod-13617,"Bucogerm Tos 10 comprimidos Mast (Clorhexidina 5 mg, Noscapina 10 mg)",Medicamentos,/products/medicamentos/prod-13617-bucogerm-tos-10-comprimidos-mast-clorhexidina-5-mg-noscapina-10-mg.jpg,http://farmacia-andes.abc/products/medicamentos/prod-13617-bucogerm-tos-10-comprimidos-mast-clorhexidina-5-mg-noscapina-10-mg.jpg,archivo_local_por_sku
prod-32705,"Budesynt Hfa-la 200 mcg/Dosis (Budesonida 0,322 g)",Medicamentos,/products/medicamentos/prod-32705-budesynt-hfa-la-200-mcg-dosis-budesonida-0-322-g.jpg,http://farmacia-andes.abc/products/medicamentos/prod-32705-budesynt-hfa-la-200-mcg-dosis-budesonida-0-322-g.jpg,archivo_local_por_sku
prod-28724,Bupredol 150 mg 30 comprimidos,Medicamentos,/products/medicamentos/prod-28724-bupredol-150-mg-30-comprimidos.jpg,http://farmacia-andes.abc/products/medicamentos/prod-28724-bupredol-150-mg-30-comprimidos.jpg,archivo_local_por_sku
prod-41164,Bupredol 150 mg 60 comprimidos recubiertos LP (Bupropion (Anfebutamona) 150 mg),Medicamentos,/products/receta.svg,,placeholder_o_no_importable
prod-49670,Burten 30 mg 4 comprimidos (Ketorolaco 30 mg),Medicamentos,/products/medicamentos/prod-49670-burten-30-mg-4-comprimidos-ketorolaco-30-mg.jpg,http://farmacia-andes.abc/products/medicamentos/prod-49670-burten-30-mg-4-comprimidos-ketorolaco-30-mg.jpg,archivo_local_por_sku
prod-40521,Burten Sl 30 mg 2 comprimidos (Ketorolaco 30 mg),Medicamentos,/products/medicamentos/prod-40521-burten-sl-30-mg-2-comprimidos-ketorolaco-30-mg.jpg,http://farmacia-andes.abc/products/medicamentos/prod-40521-burten-sl-30-mg-2-comprimidos-ketorolaco-30-mg.jpg,archivo_local_por_sku
prod-49659,Buscapina 10 mg gotas 20 ml (N-butilbromuro De Hioscina (Escopolamina) 10 mg/1 ml),Medicamentos,/products/receta.svg,,placeholder_o_no_importable
prod-23736,"Butocort-hfa Inh 250 Ds (Beclometasona 50 mcg, Salbutamol 120 mcg)",Medicamentos,/products/medicamentos/prod-23736-butocort-hfa-inh-250-ds-beclometasona-50-mcg-salbutamol-120-mcg.jpg,http://farmacia-andes.abc/products/medicamentos/prod-23736-butocort-hfa-inh-250-ds-beclometasona-50-mcg-salbutamol-120-mcg.jpg,archivo_local_por_sku
prod-39384,Butrino 150 mg 30 comprimidos LP (Bupropion (Anfebutamona) 150 mg),Medicamentos,/products/medicamentos/prod-39384-butrino-150-mg-30-comprimidos-lp-bupropion-anfebutamona-150-mg.jpg,http://farmacia-andes.abc/products/medicamentos/prod-39384-butrino-150-mg-30-comprimidos-lp-bupropion-anfebutamona-150-mg.jpg,archivo_local_por_sku
prod-49860,Cabestrillo Recovery 1 Un,Accesorios,/products/suero.svg,,placeholder_o_no_importable
prod-30128,Cachantun con Gas 600 ml,Cuidado familiar,/products/suero.svg,,placeholder_o_no_importable
prod-38496,Cachantun Mas Citrus 600 ml,Cuidado familiar,/products/suero.svg,,placeholder_o_no_importable
prod-30130,Cachantun sin Gas 600 ml,Cuidado familiar,/products/suero.svg,,placeholder_o_no_importable
prod-50047,Caffeine Max x 60 Cápsulas (Scl) (Cafeina 200 mg),Medicamentos,/products/receta.svg,,placeholder_o_no_importable
prod-14957,"Cafiaspirina 40 comprimidos (Ácido Acetilsalicilico 500 mg, Cafeina 40 mg)",Medicamentos,/products/importadas/prod-14957-cafiaspirina-40-comprimidos-acido-acetilsalicilico-500-mg-cafeina-40-mg-dr-simi.jpg,http://farmacia-andes.abc/products/importadas/prod-14957-cafiaspirina-40-comprimidos-acido-acetilsalicilico-500-mg-cafeina-40-mg-dr-simi.jpg,archivo_local_por_sku
prod-50185,Calabaza Prost (Zinc 8 mg),Medicamentos,/products/importadas/prod-50185-calabaza-prost-zinc-8-mg-dr-simi.jpg,http://farmacia-andes.abc/products/importadas/prod-50185-calabaza-prost-zinc-8-mg-dr-simi.jpg,archivo_local_por_sku
prod-2888,"Calmatol jarabe 60 ml (Hinojo 3 g, Manzanilla 3 g, Scholtzia 3 g, Tilo 3 g)",Medicamentos,/products/medicamentos/prod-2888-calmatol-jarabe-60-ml-hinojo-3-g-manzanilla-3-g-scholtzia-3-g-tilo-3-g.jpg,http://farmacia-andes.abc/products/medicamentos/prod-2888-calmatol-jarabe-60-ml-hinojo-3-g-manzanilla-3-g-scholtzia-3-g-tilo-3-g.jpg,archivo_local_por_sku
prod-1575,"Cam 30 comprimidos (Betametasona 0,25 mg, Dexclorfeniramina 2 mg)",Medicamentos,/products/medicamentos/prod-1575-cam-30-comprimidos-betametasona-0-25-mg-dexclorfeniramina-2-mg.jpg,http://farmacia-andes.abc/products/medicamentos/prod-1575-cam-30-comprimidos-betametasona-0-25-mg-dexclorfeniramina-2-mg.jpg,archivo_local_por_sku
prod-1576,"Cam jarabe 120 ml (Betametasona 0,25 mg/5 ml, Dexclorfeniramina 2 mg/5 ml)",Medicamentos,/products/medicamentos/prod-1576-cam-jarabe-120-ml-betametasona-0-25-mg-5-ml-dexclorfeniramina-2-mg-5-m.jpg,http://farmacia-andes.abc/products/medicamentos/prod-1576-cam-jarabe-120-ml-betametasona-0-25-mg-5-ml-dexclorfeniramina-2-mg-5-m.jpg,archivo_local_por_sku
prod-33369,Canesten Sp 1% 40 ml (Clotrimazol 1%),Medicamentos,/products/medicamentos/prod-33369-canesten-sp-1-40-ml-clotrimazol-1.jpg,http://farmacia-andes.abc/products/medicamentos/prod-33369-canesten-sp-1-40-ml-clotrimazol-1.jpg,archivo_local_por_sku
prod-35407,Captopril 25 mg 30 comprimidos Mintlab,Medicamentos,/products/medicamentos/prod-35407-captopril-25-mg-30-comprimidos-mintlab.jpg,http://farmacia-andes.abc/products/medicamentos/prod-35407-captopril-25-mg-30-comprimidos-mintlab.jpg,archivo_local_por_sku
prod-38921,Caramelos De Propoleo Miel x 10 Unidades,Medicamentos,/products/importadas/prod-38921-caramelos-de-propoleo-miel-x-10-unidades-dr-simi.jpg,http://farmacia-andes.abc/products/importadas/prod-38921-caramelos-de-propoleo-miel-x-10-unidades-dr-simi.jpg,archivo_local_por_sku
prod-49223,Carbamaz bioequivalente comprimidos 200 mg 20 (Carbamazepina 200 mg),Medicamentos,/products/medicamentos/prod-49223-carbamaz-bioequivalente-comprimidos-200-mg-20-carbamazepina-200-mg.jpg,http://farmacia-andes.abc/products/medicamentos/prod-49223-carbamaz-bioequivalente-comprimidos-200-mg-20-carbamazepina-200-mg.jpg,archivo_local_por_sku
prod-9581,Carbon Sulfaguanidina 20 comprimidos Valma,Medicamentos,/products/medicamentos/prod-9581-carbon-sulfaguanidina-20-comprimidos-valma.jpg,http://farmacia-andes.abc/products/medicamentos/prod-9581-carbon-sulfaguanidina-20-comprimidos-valma.jpg,archivo_local_por_sku
prod-3657,Cardicon Retard 20 mg 30 comprimidos (Nifedipino 20 mg),Medicamentos,/products/medicamentos/prod-3657-cardicon-retard-20-mg-30-comprimidos-nifedipino-20-mg.jpg,http://farmacia-andes.abc/products/medicamentos/prod-3657-cardicon-retard-20-mg-30-comprimidos-nifedipino-20-mg.jpg,archivo_local_por_sku
prod-49911,Cardioaspirina 100 Ec 20 comprimidos (Ácido Acetilsalicilico 100 mg),Medicamentos,/products/medicamentos/prod-49911-cardioaspirina-100-ec-20-comprimidos-acido-acetilsalicilico-100-mg.jpg,http://farmacia-andes.abc/products/medicamentos/prod-49911-cardioaspirina-100-ec-20-comprimidos-acido-acetilsalicilico-100-mg.jpg,archivo_local_por_sku
prod-50083,Cardioaspirina 100 mg 50 comprimidos (Ácido Acetilsalicilico 100 mg),Medicamentos,/products/medicamentos/prod-50083-cardioaspirina-100-mg-50-comprimidos-acido-acetilsalicilico-100-mg.jpg,http://farmacia-andes.abc/products/medicamentos/prod-50083-cardioaspirina-100-mg-50-comprimidos-acido-acetilsalicilico-100-mg.jpg,archivo_local_por_sku
prod-7219,Cardiolen 120 mg x 2O cápsulas (Verapamilo 120 mg),Medicamentos,/products/medicamentos/prod-7219-cardiolen-120-mg-x-2o-capsulas-verapamilo-120-mg.jpg,http://farmacia-andes.abc/products/medicamentos/prod-7219-cardiolen-120-mg-x-2o-capsulas-verapamilo-120-mg.jpg,archivo_local_por_sku
prod-7220,Cardiolen 80 mg 20 cápsulas (Verapamilo 80 mg),Medicamentos,/products/medicamentos/prod-7220-cardiolen-80-mg-20-capsulas-verapamilo-80-mg.jpg,http://farmacia-andes.abc/products/medicamentos/prod-7220-cardiolen-80-mg-20-capsulas-verapamilo-80-mg.jpg,archivo_local_por_sku
prod-49959,Cardo Mariano Infusion Herbal (Silimarina 30 g),Medicamentos,/products/receta.svg,,placeholder_o_no_importable
prod-49982,Cardomariano 500 mg x 60 Cápsulas,Medicamentos,/products/receta.svg,,placeholder_o_no_importable
prod-13450,Carefree P Diario Original 100 Un,Dermocosmética,/products/crema.svg,,placeholder_o_no_importable
prod-26542,Carefree Prot Diarios 40 Un Largo,Dermocosmética,/products/crema.svg,,placeholder_o_no_importable
prod-49562,Caristop Cep Extra Duro,Dermocosmética,/products/crema.svg,,placeholder_o_no_importable
prod-17138,"Caristop Pasta 5000 51 g (Floururo De Sodio, Fluoruro De Sodio)",Medicamentos,/products/medicamentos/prod-17138-caristop-pasta-5000-51-g-floururo-de-sodio-fluoruro-de-sodio.jpg,http://farmacia-andes.abc/products/medicamentos/prod-17138-caristop-pasta-5000-51-g-floururo-de-sodio-fluoruro-de-sodio.jpg,archivo_local_por_sku
prod-49522,"Carvas D 40/12,5 30 comprimidos (Hidroclorotiazida 12,5 mg, Olmesartan 40 mg)",Medicamentos,/products/medicamentos/prod-49522-carvas-d-40-12-5-30-comprimidos-hidroclorotiazida-12-5-mg-olmesartan-4.jpg,http://farmacia-andes.abc/products/medicamentos/prod-49522-carvas-d-40-12-5-30-comprimidos-hidroclorotiazida-12-5-mg-olmesartan-4.jpg,archivo_local_por_sku
prod-35551,"Carvedilol 12,5 mg 30 comprimidos (Bioequivalente)chile",Medicamentos,/products/receta.svg,,placeholder_o_no_importable
prod-31869,Carvedilol 25 mg 30 comprimidos Chile,Medicamentos,/products/medicamentos/prod-31869-carvedilol-25-mg-30-comprimidos-chile.jpg,http://farmacia-andes.abc/products/medicamentos/prod-31869-carvedilol-25-mg-30-comprimidos-chile.jpg,archivo_local_por_sku
prod-38724,"Carvedilol 6,25 mg 30 comprimidos",Medicamentos,/products/receta.svg,,placeholder_o_no_importable
prod-49735,Casen Enema Inf 66 ml (Fosfato Sodico 16 g),Medicamentos,/products/medicamentos/prod-49735-casen-enema-inf-66-ml-fosfato-sodico-16-g.jpg,http://farmacia-andes.abc/products/medicamentos/prod-49735-casen-enema-inf-66-ml-fosfato-sodico-16-g.jpg,archivo_local_por_sku
prod-49691,"Casenglicol 16 Sobres 17,6 g polvo",Medicamentos,/products/receta.svg,,placeholder_o_no_importable
prod-5092,Cebion 1000 mg 10 comprimidos Eferv (Ácido Ascorbico 1000 mg),Medicamentos,/products/receta.svg,,placeholder_o_no_importable
prod-5096,Cebion gotas 30 ml (Ácido Ascorbico 100 mg/1 ml),Medicamentos,/products/receta.svg,,placeholder_o_no_importable
prod-30996,Cefadroxilo 250 mg/5 ml 60 ml Andromaco,Medicamentos,/products/medicamentos/prod-30996-cefadroxilo-250-mg-5-ml-60-ml-andromaco.jpg,http://farmacia-andes.abc/products/medicamentos/prod-30996-cefadroxilo-250-mg-5-ml-60-ml-andromaco.jpg,archivo_local_por_sku
prod-32728,Cefadroxilo 500 mg 8 cápsulas (bioequivalente) Mintlab,Medicamentos,/products/receta.svg,,placeholder_o_no_importable
prod-7221,"Cefalmin 10 comprimidos (Cafeina 100 mg, Clorfenamina 1 mg, Ergotamina 1 mg, Metamizol 300 mg)",Medicamentos,/products/importadas/prod-7221-cefalmin-10-comprimidos-cafeina-100-mg-clorfenamina-1-mg-ergotamina-1-mg-met-dr-simi.jpg,http://farmacia-andes.abc/products/importadas/prod-7221-cefalmin-10-comprimidos-cafeina-100-mg-clorfenamina-1-mg-ergotamina-1-mg-met-dr-simi.jpg,archivo_local_por_sku
prod-39560,"Cefalmin 20 comprimidos recubiertos (Cafeina 100 mg, Clorfenamina 1 mg, Ergotamina 1 mg, Metamizol 300 mg)",Medicamentos,/products/receta.svg,,placeholder_o_no_importable
prod-16483,Cefradina 500 mg 8 cápsulas (Cefadroxilo 500 mg),Medicamentos,/products/importadas/prod-16483-cefradina-500-mg-8-capsulas-cefadroxilo-500-mg-dr-simi.jpg,http://farmacia-andes.abc/products/importadas/prod-16483-cefradina-500-mg-8-capsulas-cefadroxilo-500-mg-dr-simi.jpg,archivo_local_por_sku
prod-46521,Cefurox bioequivalente comprimidos recubiertos 500 mg 14 (Cefuroximo 500 mg),Medicamentos,/products/importadas/prod-46521-cefurox-bioequivalente-comprimidos-recubiertos-500-mg-14-cefuroximo-500-mg-dr-simi.jpg,http://farmacia-andes.abc/products/importadas/prod-46521-cefurox-bioequivalente-comprimidos-recubiertos-500-mg-14-cefuroximo-500-mg-dr-simi.jpg,archivo_local_por_sku
prod-50169,Celecoxib 200 mg,Medicamentos,/products/importadas/prod-50169-celecoxib-200-mg-dr-simi.png,http://farmacia-andes.abc/products/importadas/prod-50169-celecoxib-200-mg-dr-simi.png,archivo_local_por_sku
prod-33076,Celedox 200 mg 30 cápsulas (bioequivalente) (Celecoxib 200 mg),Medicamentos,/products/medicamentos/prod-33076-celedox-200-mg-30-capsulas-bioequivalente-celecoxib-200-mg.jpg,http://farmacia-andes.abc/products/medicamentos/prod-33076-celedox-200-mg-30-capsulas-bioequivalente-celecoxib-200-mg.jpg,archivo_local_por_sku
prod-29959,Centella Asiatica Gel 100 g Green,Medicamentos,/products/receta.svg,,placeholder_o_no_importable
prod-34041,"Centrum Hombre 30 comprimidos (Calcio 250 mg, Vitamina A 250 mg)",Medicamentos,/products/importadas/prod-34041-centrum-hombre-30-comprimidos-calcio-250-mg-vitamina-a-250-mg-dr-simi.jpg,http://farmacia-andes.abc/products/importadas/prod-34041-centrum-hombre-30-comprimidos-calcio-250-mg-vitamina-a-250-mg-dr-simi.jpg,archivo_local_por_sku
prod-33482,Centrum Mujer 30 comprimidos,Medicamentos,/products/medicamentos/prod-33482-centrum-mujer-30-comprimidos.jpg,http://farmacia-andes.abc/products/medicamentos/prod-33482-centrum-mujer-30-comprimidos.jpg,archivo_local_por_sku
prod-34051,"Centrum Mujer 60 comprimidos (Minerales, Vitaminas)",Medicamentos,/products/medicamentos/prod-34051-centrum-mujer-60-comprimidos-minerales-vitaminas.jpg,http://farmacia-andes.abc/products/medicamentos/prod-34051-centrum-mujer-60-comprimidos-minerales-vitaminas.jpg,archivo_local_por_sku
prod-49817,Cep Dental Elmex Ultra Suave,Dermocosmética,/products/crema.svg,,placeholder_o_no_importable
prod-49485,Cepillo Paleta Desenredante Beauty 100,Higiene,/products/alcohol-gel.svg,,placeholder_o_no_importable
prod-46606,"Cerciora T comprimidos 1,5 mg 1 comprimido (Levonorgestrel 1,5 mg)",Medicamentos,/products/receta.svg,,placeholder_o_no_importable
prod-39743,"Cerciorat 0,75 mg 2 comprimidos (Levonorgestrel 75 mcg)",Medicamentos,/products/receta.svg,,placeholder_o_no_importable
prod-49514,Cetirex 10 mg 30 comprimidos (Cetirizina 10 mg),Medicamentos,/products/medicamentos/prod-49514-cetirex-10-mg-30-comprimidos-cetirizina-10-mg.jpg,http://farmacia-andes.abc/products/medicamentos/prod-49514-cetirex-10-mg-30-comprimidos-cetirizina-10-mg.jpg,archivo_local_por_sku
prod-49898,Cetirizina Diclorhidrato 10 mg,Medicamentos,/products/importadas/prod-49898-cetirizina-diclorhidrato-10-mg-dr-simi.jpg,http://farmacia-andes.abc/products/importadas/prod-49898-cetirizina-diclorhidrato-10-mg-dr-simi.jpg,archivo_local_por_sku
prod-38233,"Cetraxal Otico gotas 0,3% 10 ml (Ciprofloxacino 0,3%)",Medicamentos,/products/receta.svg,,placeholder_o_no_importable
prod-38234,"Cetraxal Plus gotas 10 ml (Ciprofloxacino 3 mg/1 ml, Fluocinolona 0,25 mg/1 ml)",Medicamentos,/products/medicamentos/prod-38234-cetraxal-plus-gotas-10-ml-ciprofloxacino-3-mg-1-ml-fluocinolona-0-25-m.jpg,http://farmacia-andes.abc/products/medicamentos/prod-38234-cetraxal-plus-gotas-10-ml-ciprofloxacino-3-mg-1-ml-fluocinolona-0-25-m.jpg,archivo_local_por_sku
prod-39178,Cheltin-fc 30 comprimidos,Medicamentos,/products/medicamentos/prod-39178-cheltin-fc-30-comprimidos.jpg,http://farmacia-andes.abc/products/medicamentos/prod-39178-cheltin-fc-30-comprimidos.jpg,archivo_local_por_sku
prod-49473,Chupete Mini Light Pigeon 0 Meses (S) x 2,Accesorios,/products/suero.svg,,placeholder_o_no_importable
prod-49952,Cicaplast Baume B 5 40 ml (Pantenol 5%),Dermocosmética,/products/crema.svg,,placeholder_o_no_importable
prod-32800,Cicatricure Gel 30 g,Dermocosmética,/products/crema.svg,,placeholder_o_no_importable
prod-17402,Cicatricure Gel 60 g Cicat Estrias,Dermocosmética,/products/crema.svg,,placeholder_o_no_importable
prod-12266,Ciclobenzaprina 10 mg 20 comprimidos recubiertos Mint,Medicamentos,/products/medicamentos/prod-12266-ciclobenzaprina-10-mg-20-comprimidos-recubiertos-mint.jpg,http://farmacia-andes.abc/products/medicamentos/prod-12266-ciclobenzaprina-10-mg-20-comprimidos-recubiertos-mint.jpg,archivo_local_por_sku
prod-18016,"Ciclomex 20CD 28 comprimidos (Etinilestradiol 20 mcg, Gestodeno 75 mcg)",Medicamentos,/products/medicamentos/prod-18016-ciclomex-20cd-28-comprimidos-etinilestradiol-20-mcg-gestodeno-75-mcg.jpg,http://farmacia-andes.abc/products/medicamentos/prod-18016-ciclomex-20cd-28-comprimidos-etinilestradiol-20-mcg-gestodeno-75-mcg.jpg,archivo_local_por_sku
prod-26331,"Ciclomex Cd 28 comprimidos (Etinilestradiol 30 mcg, Gestodeno 75 mcg)",Medicamentos,/products/medicamentos/prod-26331-ciclomex-cd-28-comprimidos-etinilestradiol-30-mcg-gestodeno-75-mcg.jpg,http://farmacia-andes.abc/products/medicamentos/prod-26331-ciclomex-cd-28-comprimidos-etinilestradiol-30-mcg-gestodeno-75-mcg.jpg,archivo_local_por_sku
prod-35731,Cilosvitae 100 mg 28 comprimidos recubiertos (bioequivalente) (Cilostazol 100 mg),Cuidado familiar,/products/importadas/prod-35731-cilosvitae-100-mg-28-comprimidos-recubiertos-bioequivalente-cilostazol-100-m-dr-simi.jpg,http://farmacia-andes.abc/products/importadas/prod-35731-cilosvitae-100-mg-28-comprimidos-recubiertos-bioequivalente-cilostazol-100-m-dr-simi.jpg,archivo_local_por_sku
prod-35457,Ciprofibrato 100 mg 30 cápsulas Alpeschemie,Medicamentos,/products/medicamentos/prod-35457-ciprofibrato-100-mg-30-capsulas-alpeschemie.jpg,http://farmacia-andes.abc/products/medicamentos/prod-35457-ciprofibrato-100-mg-30-capsulas-alpeschemie.jpg,archivo_local_por_sku
prod-50204,Ciprofloxacino 500 mg,Medicamentos,/products/importadas/prod-50204-ciprofloxacino-500-mg-dr-simi.png,http://farmacia-andes.abc/products/importadas/prod-50204-ciprofloxacino-500-mg-dr-simi.png,archivo_local_por_sku
prod-30906,Ciprofloxacino 500 mg 6 comprimidos recubiertos (bioequivalente) Chile,Medicamentos,/products/receta.svg,,placeholder_o_no_importable
prod-7342,"Ciproval ungüento Oft 3,5 g (Ciprofloxacino 0,3%)",Dermocosmética,/products/crema.svg,,placeholder_o_no_importable
prod-17672,Ciruelax Forte 24 comprimidos (Cassia Angustifolia 125 mg),Medicamentos,/products/medicamentos/prod-17672-ciruelax-forte-24-comprimidos-cassia-angustifolia-125-mg.jpg,http://farmacia-andes.abc/products/medicamentos/prod-17672-ciruelax-forte-24-comprimidos-cassia-angustifolia-125-mg.jpg,archivo_local_por_sku
prod-32796,Ciruelax Forte 60 comprimidos recubiertos (Cassia Angustifolia 125 mg),Medicamentos,/products/medicamentos/prod-32796-ciruelax-forte-60-comprimidos-recubiertos-cassia-angustifolia-125-mg.jpg,http://farmacia-andes.abc/products/medicamentos/prod-32796-ciruelax-forte-60-comprimidos-recubiertos-cassia-angustifolia-125-mg.jpg,archivo_local_por_sku
prod-9089,Ciruelax Jalea 150 g,Medicamentos,/products/receta.svg,,placeholder_o_no_importable
prod-9092,Ciruelax Jalea 300 g,Medicamentos,/products/medicamentos/prod-9092-ciruelax-jalea-300-g.jpg,http://farmacia-andes.abc/products/medicamentos/prod-9092-ciruelax-jalea-300-g.jpg,archivo_local_por_sku
prod-9093,Ciruelax Jalea 600 g,Medicamentos,/products/medicamentos/prod-9093-ciruelax-jalea-600-g.jpg,http://farmacia-andes.abc/products/medicamentos/prod-9093-ciruelax-jalea-600-g.jpg,archivo_local_por_sku
prod-28182,Ciruelax Jalea Forte 150 g,Medicamentos,/products/receta.svg,,placeholder_o_no_importable
prod-28431,Ciruelax Minitabs 75 mg 20 comprimidos recubiertos (Cassia Angustifolia 75 mg),Medicamentos,/products/medicamentos/prod-28431-ciruelax-minitabs-75-mg-20-comprimidos-recubiertos-cassia-angustifolia.jpg,http://farmacia-andes.abc/products/medicamentos/prod-28431-ciruelax-minitabs-75-mg-20-comprimidos-recubiertos-cassia-angustifolia.jpg,archivo_local_por_sku
prod-9087,"Ciruelax Te 30bols (Cassia Angustifolia 0,012%)",Medicamentos,/products/receta.svg,,placeholder_o_no_importable
prod-31001,Citalopram 20 mg 30 comprimidos Mintl,Medicamentos,/products/medicamentos/prod-31001-citalopram-20-mg-30-comprimidos-mintl.jpg,http://farmacia-andes.abc/products/medicamentos/prod-31001-citalopram-20-mg-30-comprimidos-mintl.jpg,archivo_local_por_sku
prod-38209,"Citracal Max 60 comprimidos Rec (Calcio 0,9%, Colecalciferol 0,9%)",Medicamentos,/products/medicamentos/prod-38209-citracal-max-60-comprimidos-rec-calcio-0-9-colecalciferol-0-9.jpg,http://farmacia-andes.abc/products/medicamentos/prod-38209-citracal-max-60-comprimidos-rec-calcio-0-9-colecalciferol-0-9.jpg,archivo_local_por_sku
prod-49249,Citrato De Magnesio,Homeopatía,/products/suero.svg,,placeholder_o_no_importable
prod-50072,Citrato De Magnesio x 90 cápsulas (Scl Cnp),Cuidado familiar,/products/showcase/magnesio-citrato-400mg.jpg,http://farmacia-andes.abc/products/showcase/magnesio-citrato-400mg.jpg,override_comun
prod-50071,Citrato De Potasio 1200 mg x 60 cápsulas,Medicamentos,/products/receta.svg,,placeholder_o_no_importable
prod-49893,Citrato De Potasio 500 mg,Medicamentos,/products/receta.svg,,placeholder_o_no_importable
prod-50077,Citrato De Potasio x 30 cápsulas (Scl Cnp),Medicamentos,/products/receta.svg,,placeholder_o_no_importable
prod-270,"Clarimir solución oftálmica 15 ml (Feniramina 3 mg, Nafazolina 0,25 mg)",Medicamentos,/products/medicamentos/prod-270-clarimir-solucion-oftalmica-15-ml-feniramina-3-mg-nafazolina-0-25-mg.jpg,http://farmacia-andes.abc/products/medicamentos/prod-270-clarimir-solucion-oftalmica-15-ml-feniramina-3-mg-nafazolina-0-25-mg.jpg,archivo_local_por_sku
prod-7223,Claritromicina 500 mg 14 comprimidos (bioequivalente) Chemo Pharma,Medicamentos,/products/importadas/prod-7223-claritromicina-500-mg-14-comprimidos-bioequivalente-chemo-pharma-dr-simi.jpg,http://farmacia-andes.abc/products/importadas/prod-7223-claritromicina-500-mg-14-comprimidos-bioequivalente-chemo-pharma-dr-simi.jpg,archivo_local_por_sku
prod-49168,Claritromicina Sus 250 mg/5 ml x 60 ml Reutter,Medicamentos,/products/medicamentos/prod-49168-claritromicina-sus-250-mg-5-ml-x-60-ml-reutter.jpg,http://farmacia-andes.abc/products/medicamentos/prod-49168-claritromicina-sus-250-mg-5-ml-x-60-ml-reutter.jpg,archivo_local_por_sku
prod-31367,"Clavam Duo 400/57 mg 70 ml (Ácido Clavulanico 57 mg/5 ml, Amoxicilina 400 mg/5 ml)",Medicamentos,/products/medicamentos/prod-31367-clavam-duo-400-57-mg-70-ml-acido-clavulanico-57-mg-5-ml-amoxicilina-40.jpg,http://farmacia-andes.abc/products/medicamentos/prod-31367-clavam-duo-400-57-mg-70-ml-acido-clavulanico-57-mg-5-ml-amoxicilina-40.jpg,archivo_local_por_sku
prod-31987,"Clavam Duo 875/125 mg 14 comprimidos recubiertos (Ácido Clavulanico 125 mg, Amoxicilina 875 mg)",Medicamentos,/products/medicamentos/prod-31987-clavam-duo-875-125-mg-14-comprimidos-recubiertos-acido-clavulanico-125.jpg,http://farmacia-andes.abc/products/medicamentos/prod-31987-clavam-duo-875-125-mg-14-comprimidos-recubiertos-acido-clavulanico-125.jpg,archivo_local_por_sku
prod-50173,Clearblue ( Prueba De Embarazo ) Digital,Accesorios,/products/suero.svg,,placeholder_o_no_importable
prod-49169,Cleomycin 1% Gel Topico 30 g (Clindamicina 1%),Medicamentos,/products/importadas/prod-49169-cleomycin-1-gel-topico-30-g-clindamicina-1-dr-simi.jpg,http://farmacia-andes.abc/products/importadas/prod-49169-cleomycin-1-gel-topico-30-g-clindamicina-1-dr-simi.jpg,archivo_local_por_sku
prod-38611,"Clobetasol 0,05% 25 g crema Hospifarma",Dermocosmética,/products/crema.svg,,placeholder_o_no_importable
prod-46396,"Clobetasol crema 0,05% 25 g",Medicamentos,/products/receta.svg,,placeholder_o_no_importable
prod-802,"Clofexan 30 comprimidos (Betametasona, Dexclorfenamina Maleato 1/1)",Medicamentos,/products/medicamentos/prod-802-clofexan-30-comprimidos-betametasona-dexclorfenamina-maleato-1-1.jpg,http://farmacia-andes.abc/products/medicamentos/prod-802-clofexan-30-comprimidos-betametasona-dexclorfenamina-maleato-1-1.jpg,archivo_local_por_sku
prod-50037,Clonazepam 2 mg x 30comprimidos,Medicamentos,/products/importadas/prod-50037-clonazepam-2-mg-x-30comprimidos-dr-simi.jpg,http://farmacia-andes.abc/products/importadas/prod-50037-clonazepam-2-mg-x-30comprimidos-dr-simi.jpg,archivo_local_por_sku
prod-31066,Clonixinato Lisina 125 mg 10 comprimidos Mintlab,Medicamentos,/products/medicamentos/prod-31066-clonixinato-lisina-125-mg-10-comprimidos-mintlab.jpg,http://farmacia-andes.abc/products/medicamentos/prod-31066-clonixinato-lisina-125-mg-10-comprimidos-mintlab.jpg,archivo_local_por_sku
prod-49326,Clopidogrel 75 mg 30 comprimidos Seven Pharma,Medicamentos,/products/medicamentos/prod-49326-clopidogrel-75-mg-30-comprimidos-seven-pharma.jpg,http://farmacia-andes.abc/products/medicamentos/prod-49326-clopidogrel-75-mg-30-comprimidos-seven-pharma.jpg,archivo_local_por_sku
prod-49224,"Cloranf bioequivalente S Oft 0,5% 10M (Cloranfenicol 0,5%)",Medicamentos,/products/receta.svg,,placeholder_o_no_importable
prod-46218,Cloranf ungüento Oft 1% 5 g (Cloranfenicol 1%),Dermocosmética,/products/crema.svg,,placeholder_o_no_importable
prod-30892,Clorfenamina 4 mg 20 comprimidos (bioequivalente) Chile,Medicamentos,/products/medicamentos/prod-30892-clorfenamina-4-mg-20-comprimidos-bioequivalente-chile.jpg,http://farmacia-andes.abc/products/medicamentos/prod-30892-clorfenamina-4-mg-20-comprimidos-bioequivalente-chile.jpg,archivo_local_por_sku
prod-30955,Clorfenamina 4 mg 20 comprimidos (bioequivalente) Mintlab,Medicamentos,/products/receta.svg,,placeholder_o_no_importable
prod-49768,"Cloruro De Sodio 0,9% 1000 ml",Medicamentos,/products/receta.svg,,placeholder_o_no_importable
prod-49692,"Cloruro De Sodio 0,9% 100 ml",Medicamentos,/products/receta.svg,,placeholder_o_no_importable
prod-49767,"Cloruro De Sodio 0,9% 500 ml",Medicamentos,/products/receta.svg,,placeholder_o_no_importable
prod-30908,Clotrimazol 100 mg 6 Ov Chile,Medicamentos,/products/receta.svg,,placeholder_o_no_importable
prod-31069,Clotrimazol 500 mg 1OV Pasteur,Medicamentos,/products/receta.svg,,placeholder_o_no_importable
prod-30744,Clotrimazol crema 1%20 g Opko,Medicamentos,/products/receta.svg,,placeholder_o_no_importable
prod-49676,Clotrimazol + Betametasona crema 15 g Curaespring,Medicamentos,/products/medicamentos/prod-49676-clotrimazol-betametasona-crema-15-g-curaespring.jpg,http://farmacia-andes.abc/products/medicamentos/prod-49676-clotrimazol-betametasona-crema-15-g-curaespring.jpg,archivo_local_por_sku
prod-49226,Cloxacil bioequivalente cápsulas 500 mg 12* (Cloxacilina 500 mg),Medicamentos,/products/importadas/prod-49226-cloxacil-bioequivalente-capsulas-500-mg-12-cloxacilina-500-mg-dr-simi.jpg,http://farmacia-andes.abc/products/importadas/prod-49226-cloxacil-bioequivalente-capsulas-500-mg-12-cloxacilina-500-mg-dr-simi.jpg,archivo_local_por_sku
prod-7228,"Cobefen 30 comprimidos (Betametasona 0,25 mg, Dexclorfenamina Maleato 2 mg)",Medicamentos,/products/medicamentos/prod-7228-cobefen-30-comprimidos-betametasona-0-25-mg-dexclorfenamina-maleato-2-.jpg,http://farmacia-andes.abc/products/medicamentos/prod-7228-cobefen-30-comprimidos-betametasona-0-25-mg-dexclorfenamina-maleato-2-.jpg,archivo_local_por_sku
prod-7227,"Cobefen jarabe 120 ml (Betametasona 0,25 mg/5 ml, Dexclorfeniramina 2 mg/5 ml)",Medicamentos,/products/medicamentos/prod-7227-cobefen-jarabe-120-ml-betametasona-0-25-mg-5-ml-dexclorfeniramina-2-mg.jpg,http://farmacia-andes.abc/products/medicamentos/prod-7227-cobefen-jarabe-120-ml-betametasona-0-25-mg-5-ml-dexclorfeniramina-2-mg.jpg,archivo_local_por_sku
prod-46263,Coca Cola sin Azucar 350 ml,Cuidado familiar,/products/suero.svg,,placeholder_o_no_importable
prod-49998,Coconut Reconstruction Oil 60 ml (Ace De Coco 1/1),Dermocosmética,/products/crema.svg,,placeholder_o_no_importable
prod-49847,Colageno + Q 10,Medicamentos,/products/receta.svg,,placeholder_o_no_importable
prod-49895,Colageno Hidrolizado 60 cápsulas,Medicamentos,/products/medicamentos/prod-49895-colageno-hidrolizado-60-capsulas.jpg,http://farmacia-andes.abc/products/medicamentos/prod-49895-colageno-hidrolizado-60-capsulas.jpg,archivo_local_por_sku
prod-49227,"Colchicina comprimidos 0,5 mg 40",Medicamentos,/products/medicamentos/prod-49227-colchicina-comprimidos-0-5-mg-40.jpg,http://farmacia-andes.abc/products/medicamentos/prod-49227-colchicina-comprimidos-0-5-mg-40.jpg,archivo_local_por_sku
prod-49784,Colgate Cep Extra Suave Pro Cuida x 2,Dermocosmética,/products/crema.svg,,placeholder_o_no_importable
prod-49400,Colgate Cep Kids x 2,Dermocosmética,/products/crema.svg,,placeholder_o_no_importable
prod-49269,Colgate Cep Extra Clean Medium,Dermocosmética,/products/crema.svg,,placeholder_o_no_importable
prod-33283,Colgate Cep Slim Black Sx 2,Dermocosmética,/products/crema.svg,,placeholder_o_no_importable
prod-14088,Colgate Cep Twister 2SUA,Dermocosmética,/products/crema.svg,,placeholder_o_no_importable
prod-38043,Colgate crema Luminous White 90 g,Dermocosmética,/products/crema.svg,,placeholder_o_no_importable
prod-10240,Colgate crema Tri Accion 135 g,Dermocosmética,/products/crema.svg,,placeholder_o_no_importable
prod-37446,Colgate Kids 6 + Fresa 50 g,Dermocosmética,/products/crema.svg,,placeholder_o_no_importable
prod-44685,Colgate Lum W Carbon 90 g,Medicamentos,/products/medicamentos/prod-44685-colgate-lum-w-carbon-90-g.jpg,http://farmacia-andes.abc/products/medicamentos/prod-44685-colgate-lum-w-carbon-90-g.jpg,archivo_local_por_sku
prod-49807,Colgate Plax Odor Control 1000 ml,Dermocosmética,/products/crema.svg,,placeholder_o_no_importable
prod-4979,Colgate Plax solución Kids 250 ml,Dermocosmética,/products/crema.svg,,placeholder_o_no_importable
prod-40553,Colgate Ultr Bla 90 g 3 Un,Dermocosmética,/products/crema.svg,,placeholder_o_no_importable
prod-49542,"Collagen Up 90 cápsulas (Ácido Ascorbico 600 mg, Vitamina D 20 mcg, Vitamina K 1 120 mcg)",Medicamentos,/products/receta.svg,,placeholder_o_no_importable
prod-49750,"Collar Isabelino 7,5 Cm",Accesorios,/products/suero.svg,,placeholder_o_no_importable
prod-49300,Colmax (Clonixinato) 125 mg 10 comprimidos Androm,Medicamentos,/products/medicamentos/prod-49300-colmax-clonixinato-125-mg-10-comprimidos-androm.jpg,http://farmacia-andes.abc/products/medicamentos/prod-49300-colmax-clonixinato-125-mg-10-comprimidos-androm.jpg,archivo_local_por_sku
prod-50066,"Colon Max x 60 cápsulas (Scl Cnp) (Boldo 1/1, Cynara Sco 1/1, Manzanilla 1/1)",Medicamentos,/products/receta.svg,,placeholder_o_no_importable
prod-7920,Colonia 451 Inglesa 260 ml,Dermocosmética,/products/crema.svg,,placeholder_o_no_importable
prod-7921,Colonia 451 Inglesa 400 ml,Dermocosmética,/products/crema.svg,,placeholder_o_no_importable
prod-34971,Comodity Toa Hum Ad 45UD Aloe/Vit E,Dermocosmética,/products/crema.svg,,placeholder_o_no_importable
prod-49594,Complejo B 30 cápsulas (Vitaminas B 210 mg),Medicamentos,/products/medicamentos/prod-49594-complejo-b-30-capsulas-vitaminas-b-210-mg.jpg,http://farmacia-andes.abc/products/medicamentos/prod-49594-complejo-b-30-capsulas-vitaminas-b-210-mg.jpg,archivo_local_por_sku
prod-45854,"Compulxine comprimidos 37,5 mg 30 (Fentermina 37,5 mg)",Medicamentos,/products/receta.svg,,placeholder_o_no_importable
prod-32989,Condor Cep Cab Mojado Fluor + Peine 6802,Dermocosmética,/products/crema.svg,,placeholder_o_no_importable
prod-50205,Copos Dce Algodon,Accesorios,/products/suero.svg,,placeholder_o_no_importable
prod-50088,Coques Celecoxib 200 mg x 10cápsulas (Eurofarmas),Medicamentos,/products/receta.svg,,placeholder_o_no_importable
prod-50160,"Cordiax Am 80/5 (Amlodipino 5 mg, Telmisartan 80 mg)",Medicamentos,/products/medicamentos/prod-50160-cordiax-am-80-5-amlodipino-5-mg-telmisartan-80-mg.jpg,http://farmacia-andes.abc/products/medicamentos/prod-50160-cordiax-am-80-5-amlodipino-5-mg-telmisartan-80-mg.jpg,archivo_local_por_sku
prod-49776,Corega Tabslimpiadoras Pro Ortodoncia,Dermocosmética,/products/crema.svg,,placeholder_o_no_importable
prod-21382,Corega Tbs 3MIN Eferv 30tab,Dermocosmética,/products/crema.svg,,placeholder_o_no_importable
prod-18148,Corega U crema Adhe 20 g sin Sabor,Dermocosmética,/products/crema.svg,,placeholder_o_no_importable
prod-10522,Corega Ultra sin Menta 40 g,Dermocosmética,/products/crema.svg,,placeholder_o_no_importable
prod-45859,Coritex Forte 1 mg/ml 30 ml (Betametasona 1 mg/1 ml),Medicamentos,/products/medicamentos/prod-45859-coritex-forte-1-mg-ml-30-ml-betametasona-1-mg-1-ml.jpg,http://farmacia-andes.abc/products/medicamentos/prod-45859-coritex-forte-1-mg-ml-30-ml-betametasona-1-mg-1-ml.jpg,archivo_local_por_sku
prod-49563,"Corplus Prob 30 cápsulas (Lactobacillus 2,25ufc)",Medicamentos,/products/medicamentos/prod-49563-corplus-prob-30-capsulas-lactobacillus-2-25ufc.jpg,http://farmacia-andes.abc/products/medicamentos/prod-49563-corplus-prob-30-capsulas-lactobacillus-2-25ufc.jpg,archivo_local_por_sku
prod-49777,Cortauñas Grande 1 Un Beauty,Dermocosmética,/products/crema.svg,,placeholder_o_no_importable
prod-1594,Cortiprex 20 mg 20 comprimidos (bioequivalente) (Prednisona 20 mg),Medicamentos,/products/medicamentos/prod-1594-cortiprex-20-mg-20-comprimidos-bioequivalente-prednisona-20-mg.jpg,http://farmacia-andes.abc/products/medicamentos/prod-1594-cortiprex-20-mg-20-comprimidos-bioequivalente-prednisona-20-mg.jpg,archivo_local_por_sku
prod-34563,Cortyk 4 mg 10 comprimidos (Dexametasona 4 mg),Medicamentos,/products/medicamentos/prod-34563-cortyk-4-mg-10-comprimidos-dexametasona-4-mg.jpg,http://farmacia-andes.abc/products/medicamentos/prod-34563-cortyk-4-mg-10-comprimidos-dexametasona-4-mg.jpg,archivo_local_por_sku
prod-25961,Cotidian Apositos 20 Un U/Tall,Medicamentos,/products/receta.svg,,placeholder_o_no_importable
prod-49405,Cotidian Pants P-m Ultra 16 Un,Dermocosmética,/products/crema.svg,,placeholder_o_no_importable
prod-49775,Cotonitos Babyland 200 Un,Dermocosmética,/products/crema.svg,,placeholder_o_no_importable
prod-49564,Cotonitos Tropical 270 x 1,Dermocosmética,/products/crema.svg,,placeholder_o_no_importable
prod-31056,"Cotrimoxazol 20 comprimidos Mintlab (Sulfametoxazol 400 mg, Trimetoprim 80 mg)",Medicamentos,/products/medicamentos/prod-31056-cotrimoxazol-20-comprimidos-mintlab-sulfametoxazol-400-mg-trimetoprim-.jpg,http://farmacia-andes.abc/products/medicamentos/prod-31056-cotrimoxazol-20-comprimidos-mintlab-sulfametoxazol-400-mg-trimetoprim-.jpg,archivo_local_por_sku
prod-31058,"Cotrimoxazol jarabe 100 ml Mintlab (Sulfametoxazol 200 mg, Trimetoprim 40 mg)",Medicamentos,/products/receta.svg,,placeholder_o_no_importable
prod-49663,Coxidol 90 mg 14 comprimidos bioequivalente (Etoricoxib 90 mg),Medicamentos,/products/medicamentos/prod-49663-coxidol-90-mg-14-comprimidos-bioequivalente-etoricoxib-90-mg.jpg,http://farmacia-andes.abc/products/medicamentos/prod-49663-coxidol-90-mg-14-comprimidos-bioequivalente-etoricoxib-90-mg.jpg,archivo_local_por_sku
prod-49754,Cran Scalp Vein 21GX 3/4 x 1 Un,Accesorios,/products/suero.svg,,placeholder_o_no_importable
prod-49753,Cran Parche Curita Redondo 100 Un,Accesorios,/products/suero.svg,,placeholder_o_no_importable
prod-49752,Cran Parche Curita Redondo 1 Un,Accesorios,/products/suero.svg,,placeholder_o_no_importable
prod-49312,"Cranb Gasa No Esteril 7,5*7,5cms 4 Pl",Medicamentos,/products/receta.svg,,placeholder_o_no_importable
prod-27899,Cranb Gasa 4 Pliegues N/T 5X 5CMS x 2,Accesorios,/products/suero.svg,,placeholder_o_no_importable
prod-35429,Cranb Gasa Parafinada 10X 10CM Un,Medicamentos,/products/receta.svg,,placeholder_o_no_importable
prod-49984,Cranberry Prebitocos Y Probioticos,Medicamentos,/products/receta.svg,,placeholder_o_no_importable
prod-34077,Cranberry Vit C + E 60 cápsulas,Cuidado familiar,/products/suero.svg,,placeholder_o_no_importable
prod-49861,Cranbery Venda Gasa Elasticada 8 Cm x 4 M x 1 Un,Accesorios,/products/suero.svg,,placeholder_o_no_importable
prod-49769,Creatina Gummies 90 Gomitas,Medicamentos,/products/receta.svg,,placeholder_o_no_importable
prod-49700,Creatina Nutrapharm,Medicamentos,/products/receta.svg,,placeholder_o_no_importable
prod-35980,Crevet Light 100 mg 100 comprimidos (Ácido Ascorbico 100 mg),Medicamentos,/products/medicamentos/prod-35980-crevet-light-100-mg-100-comprimidos-acido-ascorbico-100-mg.jpg,http://farmacia-andes.abc/products/medicamentos/prod-35980-crevet-light-100-mg-100-comprimidos-acido-ascorbico-100-mg.jpg,archivo_local_por_sku
prod-49482,Curaprox Cep 5500 C Kids,Dermocosmética,/products/crema.svg,,placeholder_o_no_importable
prod-16819,Cureband Curita 4 Un,Accesorios,/products/suero.svg,,placeholder_o_no_importable
prod-23982,Curocef Sus 250 mg 100 ml (Cefuroximo 5 g),Medicamentos,/products/receta.svg,,placeholder_o_no_importable
prod-1599,"Dacam Rl Iny 3 ml (Betametasona Acetato 3 mg, Betametasona Sodio Fostato 3 mg)",Medicamentos,/products/medicamentos/prod-1599-dacam-rl-iny-3-ml-betametasona-acetato-3-mg-betametasona-sodio-fostato.jpg,http://farmacia-andes.abc/products/medicamentos/prod-1599-dacam-rl-iny-3-ml-betametasona-acetato-3-mg-betametasona-sodio-fostato.jpg,archivo_local_por_sku
prod-17379,"Daily gotas 270 ml (Ciclamato, Sacarina)",Cuidado familiar,/products/suero.svg,,placeholder_o_no_importable
prod-17971,Daily Stevia 270 ml,Cuidado familiar,/products/suero.svg,,placeholder_o_no_importable
prod-38779,"Daniele 28 comprimidos (Dienogest 2 mg, Etinilestradiol 0,03 mg)",Medicamentos,/products/medicamentos/prod-38779-daniele-28-comprimidos-dienogest-2-mg-etinilestradiol-0-03-mg.jpg,http://farmacia-andes.abc/products/medicamentos/prod-38779-daniele-28-comprimidos-dienogest-2-mg-etinilestradiol-0-03-mg.jpg,archivo_local_por_sku
prod-25443,Degraler Forte jarabe 100 ml (Levocetirizina 5 mg/5 ml),Medicamentos,/products/medicamentos/prod-25443-degraler-forte-jarabe-100-ml-levocetirizina-5-mg-5-ml.jpg,http://farmacia-andes.abc/products/medicamentos/prod-25443-degraler-forte-jarabe-100-ml-levocetirizina-5-mg-5-ml.jpg,archivo_local_por_sku
prod-13500,"Degraler jarabe 2,5 mg/5 ml 100 ml (Levocetirizina 2,5 mg/5 ml)",Medicamentos,/products/receta.svg,,placeholder_o_no_importable
prod-48627,Dentwell Hilo P/Ninos x 36,Medicamentos,/products/receta.svg,,placeholder_o_no_importable
prod-7359,"Dermabiotico ungüento 15 g (Bacitracina 500 UI/1 g, Polimixina B 10000 UI/1 g)",Dermocosmética,/products/importadas/prod-7359-dermabiotico-unguento-15-g-bacitracina-500-ui-1-g-polimixina-b-10000-ui-1-g-dr-simi.jpg,http://farmacia-andes.abc/products/importadas/prod-7359-dermabiotico-unguento-15-g-bacitracina-500-ui-1-g-polimixina-b-10000-ui-1-g-dr-simi.jpg,archivo_local_por_sku
prod-49241,Dermaglin Biotina + Aminoácidos + Zinc 60 cápsulas,Dermocosmética,/products/crema.svg,,placeholder_o_no_importable
prod-46430,Dermatop Sulf Jab Esp 150,Dermocosmética,/products/crema.svg,,placeholder_o_no_importable
prod-34658,"Dermatopic Ph 5,5 Jab Liq 250 ml",Dermocosmética,/products/crema.svg,,placeholder_o_no_importable
prod-39089,Desdol 20 comprimidos Clorzoxazona + Paracetamol,Medicamentos,/products/receta.svg,,placeholder_o_no_importable
prod-30735,"Desloratadina 2,5 mg/5 ml jarabe 60 ml Iphsa",Medicamentos,/products/receta.svg,,placeholder_o_no_importable
prod-49331,Desloratadina 5 mg 30 comprimidos Curaespring,Medicamentos,/products/receta.svg,,placeholder_o_no_importable
prod-49859,Desodorante Natural Alumbre Stick x 120 g,Higiene,/products/alcohol-gel.svg,,placeholder_o_no_importable
prod-49619,Destrel 75 mg 28 comprimidos bioequivalente (Desogestrel 75 mcg),Medicamentos,/products/medicamentos/prod-49619-destrel-75-mg-28-comprimidos-bioequivalente-desogestrel-75-mcg.jpg,http://farmacia-andes.abc/products/medicamentos/prod-49619-destrel-75-mg-28-comprimidos-bioequivalente-desogestrel-75-mcg.jpg,archivo_local_por_sku
prod-50157,Desve Desvenlafaxina 50 mg,Medicamentos,/products/medicamentos/prod-50157-desve-desvenlafaxina-50-mg.jpg,http://farmacia-andes.abc/products/medicamentos/prod-50157-desve-desvenlafaxina-50-mg.jpg,archivo_local_por_sku
prod-40155,Detrucalm 200 mg 10 comprimidos recubiertos (Flavoxato Clorhidrato 200 mg),Medicamentos,/products/medicamentos/prod-40155-detrucalm-200-mg-10-comprimidos-recubiertos-flavoxato-clorhidrato-200-.jpg,http://farmacia-andes.abc/products/medicamentos/prod-40155-detrucalm-200-mg-10-comprimidos-recubiertos-flavoxato-clorhidrato-200-.jpg,archivo_local_por_sku
prod-40475,Detrucalm 200 mg 30 comprimidos recubiertos (Flavoxato Clorhidrato 200 mg),Medicamentos,/products/medicamentos/prod-40475-detrucalm-200-mg-30-comprimidos-recubiertos-flavoxato-clorhidrato-200-.jpg,http://farmacia-andes.abc/products/medicamentos/prod-40475-detrucalm-200-mg-30-comprimidos-recubiertos-flavoxato-clorhidrato-200-.jpg,archivo_local_por_sku
prod-35958,Devellol Zonas Delicadas 40 ml,Dermocosmética,/products/crema.svg,,placeholder_o_no_importable
prod-734,"Dexagin Ov 10 (Ácido Borico, Benzalconio Cloruro, Dexametasona 0,25 mg, Iodohidroxiquinoleina 100 mg)",Medicamentos,/products/receta.svg,,placeholder_o_no_importable
prod-49971,Dha Kids Omega 3 90 cápsulas,Cuidado familiar,/products/showcase/dha-kids-omega-3-90-capsulas.jpg,http://farmacia-andes.abc/products/showcase/dha-kids-omega-3-90-capsulas.jpg,override_comun
prod-18139,Dhipoglos Pom 20 g,Medicamentos,/products/receta.svg,,placeholder_o_no_importable
prod-7363,"Diaren 20 comprimidos (Atapulgita 350 mg, Nifuroxazida 200 mg)",Medicamentos,/products/medicamentos/prod-7363-diaren-20-comprimidos-atapulgita-350-mg-nifuroxazida-200-mg.jpg,http://farmacia-andes.abc/products/medicamentos/prod-7363-diaren-20-comprimidos-atapulgita-350-mg-nifuroxazida-200-mg.jpg,archivo_local_por_sku
prod-7362,"Diaren jarabe 100 ml (Atapulgita 500 mg/5 ml, Nifuroxazida 200 mg/5 ml)",Medicamentos,/products/receta.svg,,placeholder_o_no_importable
prod-10047,Diazepam 10 mg 20 comprimidos,Medicamentos,/products/medicamentos/prod-10047-diazepam-10-mg-20-comprimidos.jpg,http://farmacia-andes.abc/products/medicamentos/prod-10047-diazepam-10-mg-20-comprimidos.jpg,archivo_local_por_sku
prod-49203,Diclofen bioequivalente comprimidos recubiertos 50 mg 10 (Diclofenaco Sodico 50 mg),Medicamentos,/products/importadas/prod-49203-diclofen-bioequivalente-comprimidos-recubiertos-50-mg-10-diclofenaco-sodico--dr-simi.png,http://farmacia-andes.abc/products/importadas/prod-49203-diclofen-bioequivalente-comprimidos-recubiertos-50-mg-10-diclofenaco-sodico--dr-simi.png,archivo_local_por_sku
prod-49310,"Diclofenaco 1,16%gel Topico 60 g Hospi",Medicamentos,/products/receta.svg,,placeholder_o_no_importable
prod-49305,Diclofenaco 100 mg 8 comprimidos recubiertos LP Curaes,Medicamentos,/products/medicamentos/diclofenaco-curaespring-100mg-8comp.jpeg,http://farmacia-andes.abc/products/medicamentos/diclofenaco-curaespring-100mg-8comp.jpeg,override_json
prod-30911,"Diclofenaco 12,5 mg 5SUP Chile",Medicamentos,/products/receta.svg,,placeholder_o_no_importable
prod-34487,"Diclofenaco gotas 1,5% 20 ml Chile",Medicamentos,/products/medicamentos/diclofenaco-lchile-gotas-15-20ml.jpg,http://farmacia-andes.abc/products/medicamentos/diclofenaco-lchile-gotas-15-20ml.jpg,override_json
prod-50129,Diclofenaco Sodico 100 mg,Medicamentos,/products/medicamentos/prod-50129-diclofenaco-sodico-100-mg.jpg,http://farmacia-andes.abc/products/medicamentos/prod-50129-diclofenaco-sodico-100-mg.jpg,archivo_local_por_sku
prod-49535,Diente De Leon Sup Alim 60 cápsulas,Medicamentos,/products/receta.svg,,placeholder_o_no_importable
prod-41380,Difemcare A Oxigenada 110 ml (Peroxido De Hidrogeno 110 ml),Medicamentos,/products/importadas/prod-41380-difemcare-a-oxigenada-110-ml-peroxido-de-hidrogeno-110-ml-dr-simi.jpg,http://farmacia-andes.abc/products/importadas/prod-41380-difemcare-a-oxigenada-110-ml-peroxido-de-hidrogeno-110-ml-dr-simi.jpg,archivo_local_por_sku
prod-10491,"Digoxina 0,25 mg 30 comprimidos",Medicamentos,/products/medicamentos/prod-10491-digoxina-0-25-mg-30-comprimidos.jpg,http://farmacia-andes.abc/products/medicamentos/prod-10491-digoxina-0-25-mg-30-comprimidos.jpg,archivo_local_por_sku
prod-36570,Dilasedan 10 mg 30 comprimidos (Clotiazepam 10 mg),Medicamentos,/products/medicamentos/prod-36570-dilasedan-10-mg-30-comprimidos-clotiazepam-10-mg.jpg,http://farmacia-andes.abc/products/medicamentos/prod-36570-dilasedan-10-mg-30-comprimidos-clotiazepam-10-mg.jpg,archivo_local_por_sku
prod-41067,"Dionela 28 comprimidos recubiertos (bioequivalente) (Etinilestradiol 0,03 mg, Levonorgestrel 0,15 mg)",Medicamentos,/products/medicamentos/prod-41067-dionela-28-comprimidos-recubiertos-bioequivalente-etinilestradiol-0-03.jpg,http://farmacia-andes.abc/products/medicamentos/prod-41067-dionela-28-comprimidos-recubiertos-bioequivalente-etinilestradiol-0-03.jpg,archivo_local_por_sku
prod-5801,"Dipatropin 10 comprimidos (Atropina Sulfato 0,5 mg, Papaverina 40 mg)",Medicamentos,/products/medicamentos/prod-5801-dipatropin-10-comprimidos-atropina-sulfato-0-5-mg-papaverina-40-mg.jpg,http://farmacia-andes.abc/products/medicamentos/prod-5801-dipatropin-10-comprimidos-atropina-sulfato-0-5-mg-papaverina-40-mg.jpg,archivo_local_por_sku
prod-4805,Disfruta 1sobre Limon,Medicamentos,/products/medicamentos/prod-4805-disfruta-1sobre-limon.jpg,http://farmacia-andes.abc/products/medicamentos/prod-4805-disfruta-1sobre-limon.jpg,archivo_local_por_sku
prod-4806,"Disfruta 1sobre Natural (Ácido Citrico 2335 mg, Bicarbonato De Sodio 2165 mg, Carbonato De Sodio 10000 mg)",Medicamentos,/products/receta.svg,,placeholder_o_no_importable
prod-76,Dislep 25 mg 20 comprimidos (Levosulpirida 25 mg),Medicamentos,/products/medicamentos/prod-76-dislep-25-mg-20-comprimidos-levosulpirida-25-mg.jpg,http://farmacia-andes.abc/products/medicamentos/prod-76-dislep-25-mg-20-comprimidos-levosulpirida-25-mg.jpg,archivo_local_por_sku
prod-13415,Docivin 10 Mgx 15 ml (Domperidona 10 mg),Medicamentos,/products/receta.svg,,placeholder_o_no_importable
prod-3763,"Doguivit Ad 30 comprimidos (Minerales 0,1%, Vitaminas 0,1%)",Veterinaria,/products/receta.svg,,placeholder_o_no_importable
prod-5103,"Dolo-neurobionta 20gra (Cianocobalamina 1 mg, Diclofenaco Sodico 50 mg, Piridoxina 50 mg, Tiamina 50 mg)",Medicamentos,/products/receta.svg,,placeholder_o_no_importable
prod-17430,Dolorub crema 45grs (Ibuprofeno 5%),Medicamentos,/products/medicamentos/prod-17430-dolorub-crema-45grs-ibuprofeno-5.jpg,http://farmacia-andes.abc/products/medicamentos/prod-17430-dolorub-crema-45grs-ibuprofeno-5.jpg,archivo_local_por_sku
prod-45584,Dolorub Gel 5% 60 g (Ibuprofeno 5 g),Medicamentos,/products/medicamentos/prod-45584-dolorub-gel-5-60-g-ibuprofeno-5-g.jpg,http://farmacia-andes.abc/products/medicamentos/prod-45584-dolorub-gel-5-60-g-ibuprofeno-5-g.jpg,archivo_local_por_sku
prod-33481,Dolorub Parche con Cobre,Medicamentos,/products/medicamentos/prod-33481-dolorub-parche-con-cobre.jpg,http://farmacia-andes.abc/products/medicamentos/prod-33481-dolorub-parche-con-cobre.jpg,archivo_local_por_sku
prod-40291,"Dolorub Parche Capsico (Capsaicina 0,6 mg)",Medicamentos,/products/receta.svg,,placeholder_o_no_importable
prod-1610,"Dolospam 15 comprimidos (Atropina Sulfato 0,5 mg, Papaverina 40 mg)",Medicamentos,/products/medicamentos/prod-1610-dolospam-15-comprimidos-atropina-sulfato-0-5-mg-papaverina-40-mg.jpg,http://farmacia-andes.abc/products/medicamentos/prod-1610-dolospam-15-comprimidos-atropina-sulfato-0-5-mg-papaverina-40-mg.jpg,archivo_local_por_sku
prod-49569,Dolostat Bi 150 mg 10 comprimidos (Ketoprofeno 150 mg),Medicamentos,/products/medicamentos/prod-49569-dolostat-bi-150-mg-10-comprimidos-ketoprofeno-150-mg.jpg,http://farmacia-andes.abc/products/medicamentos/prod-49569-dolostat-bi-150-mg-10-comprimidos-ketoprofeno-150-mg.jpg,archivo_local_por_sku
prod-39141,Doloten 30 comprimidos R E Parac + Tramadol,Medicamentos,/products/receta.svg,,placeholder_o_no_importable
prod-7365,Doloverina 200 mg 20 comprimidos (Mebeverina 200 mg),Medicamentos,/products/medicamentos/prod-7365-doloverina-200-mg-20-comprimidos-mebeverina-200-mg.jpg,http://farmacia-andes.abc/products/medicamentos/prod-7365-doloverina-200-mg-20-comprimidos-mebeverina-200-mg.jpg,archivo_local_por_sku
prod-30745,Domperidona 10 mg 20 comprimidos (bioequivalente) Opko,Medicamentos,/products/medicamentos/prod-30745-domperidona-10-mg-20-comprimidos-bioequivalente-opko.jpg,http://farmacia-andes.abc/products/medicamentos/prod-30745-domperidona-10-mg-20-comprimidos-bioequivalente-opko.jpg,archivo_local_por_sku
prod-46602,"Donabel 2/1 comprimido recubiertos 28 (Dienogest 2 mg, Estradiol Valerianato 1 mg)",Medicamentos,/products/receta.svg,,placeholder_o_no_importable
prod-49571,Donepezilo (Clor) 10 mg (Chile) (Donepecilo 10 mg),Medicamentos,/products/medicamentos/prod-49571-donepezilo-clor-10-mg-chile-donepecilo-10-mg.jpg,http://farmacia-andes.abc/products/medicamentos/prod-49571-donepezilo-clor-10-mg-chile-donepecilo-10-mg.jpg,archivo_local_por_sku
prod-49717,Donevitae 5 mg 28 comprimidos (Donepecilo 5 mg),Cuidado familiar,/products/suero.svg,,placeholder_o_no_importable
prod-1614,"Donomix crema 15 g (Betametasona 0,5 mg, Clotrimazol 10 mg)",Medicamentos,/products/medicamentos/prod-1614-donomix-crema-15-g-betametasona-0-5-mg-clotrimazol-10-mg.jpg,http://farmacia-andes.abc/products/medicamentos/prod-1614-donomix-crema-15-g-betametasona-0-5-mg-clotrimazol-10-mg.jpg,archivo_local_por_sku
prod-49715,Doraliv 400 mg (Ibuprofeno),Medicamentos,/products/importadas/prod-49715-doraliv-400-mg-ibuprofeno-dr-simi.jpg,http://farmacia-andes.abc/products/importadas/prod-49715-doraliv-400-mg-ibuprofeno-dr-simi.jpg,archivo_local_por_sku
prod-49327,Dove Des Barra Anti Manchas 45 g,Dermocosmética,/products/crema.svg,,placeholder_o_no_importable
prod-4516,Dove Des Barra Orig 50 g,Dermocosmética,/products/crema.svg,,placeholder_o_no_importable
prod-49325,Dove Des Barra Tono Uniform 50 g,Dermocosmética,/products/crema.svg,,placeholder_o_no_importable
prod-41394,Dove Jab Mandarina Liq crema 700 ml,Dermocosmética,/products/crema.svg,,placeholder_o_no_importable
prod-49285,Dove Men Des Barra Comfort Prot 45 g,Dermocosmética,/products/crema.svg,,placeholder_o_no_importable
prod-49288,Dove Men Des Barra Energy Boost 45 g,Dermocosmética,/products/crema.svg,,placeholder_o_no_importable
prod-49293,Dove Men Des Sp Extra Fresh,Dermocosmética,/products/crema.svg,,placeholder_o_no_importable
prod-49295,Dove Men Des Sp Invisible Dry 150 ml,Dermocosmética,/products/crema.svg,,placeholder_o_no_importable
prod-49292,Dove Men Des Sp Sport Fresh 150 ml,Dermocosmética,/products/crema.svg,,placeholder_o_no_importable
prod-35250,Dove Men Sh Care 400 ml,Dermocosmética,/products/crema.svg,,placeholder_o_no_importable
prod-49629,Doxazosina 4 mg 30 comprimidos,Medicamentos,/products/importadas/prod-49629-doxazosina-4-mg-30-comprimidos-dr-simi.jpg,http://farmacia-andes.abc/products/importadas/prod-49629-doxazosina-4-mg-30-comprimidos-dr-simi.jpg,archivo_local_por_sku
prod-49308,Doxiciclina 100 mg 10 comprimidos Hospifarma,Medicamentos,/products/medicamentos/prod-49308-doxiciclina-100-mg-10-comprimidos-hospifarma.jpg,http://farmacia-andes.abc/products/medicamentos/prod-49308-doxiciclina-100-mg-10-comprimidos-hospifarma.jpg,archivo_local_por_sku
prod-49170,Doxiciclina comprimidos recubiertos 100 mg x 10 Und,Medicamentos,/products/importadas/prod-49170-doxiciclina-comprimidos-recubiertos-100-mg-x-10-und-dr-simi.jpg,http://farmacia-andes.abc/products/importadas/prod-49170-doxiciclina-comprimidos-recubiertos-100-mg-x-10-und-dr-simi.jpg,archivo_local_por_sku
prod-49974,Dpur 60 cápsulas (Cardo Mariano 200 mg),Medicamentos,/products/receta.svg,,placeholder_o_no_importable
prod-50107,Duloxetina 30 mg x 30capsulsas bioequivalente,Medicamentos,/products/medicamentos/prod-50107-duloxetina-30-mg-x-30capsulsas-bioequivalente.jpg,http://farmacia-andes.abc/products/medicamentos/prod-50107-duloxetina-30-mg-x-30capsulsas-bioequivalente.jpg,archivo_local_por_sku
prod-34808,Duloxetina 30 mg 30 cápsulas (bioequivalente ) Ascend,Medicamentos,/products/medicamentos/prod-34808-duloxetina-30-mg-30-capsulas-bioequivalente-ascend.jpg,http://farmacia-andes.abc/products/medicamentos/prod-34808-duloxetina-30-mg-30-capsulas-bioequivalente-ascend.jpg,archivo_local_por_sku
prod-11706,Duo Laca Fij Normal 165 ml,Dermocosmética,/products/crema.svg,,placeholder_o_no_importable
prod-14630,Duo Mousse 160 ml,Dermocosmética,/products/crema.svg,,placeholder_o_no_importable
prod-49373,Ebatene 8 mg (Tiocolchicosido) 20 comprimidos,Medicamentos,/products/medicamentos/prod-49373-ebatene-8-mg-tiocolchicosido-20-comprimidos.jpg,http://farmacia-andes.abc/products/medicamentos/prod-49373-ebatene-8-mg-tiocolchicosido-20-comprimidos.jpg,archivo_local_por_sku
prod-49510,Eficacina 1% (Clindam) 30 g (Clindamicina 1%),Medicamentos,/products/medicamentos/prod-49510-eficacina-1-clindam-30-g-clindamicina-1.jpg,http://farmacia-andes.abc/products/medicamentos/prod-49510-eficacina-1-clindam-30-g-clindamicina-1.jpg,archivo_local_por_sku
prod-45445,Elbrus comprimidos 1 mg 30 (Rasagilina 1 mg),Medicamentos,/products/receta.svg,,placeholder_o_no_importable
prod-49618,Elcal 450 mg 30 cápsulas (Calcio 450 mg),Medicamentos,/products/importadas/prod-49618-elcal-450-mg-30-capsulas-calcio-450-mg-dr-simi.jpg,http://farmacia-andes.abc/products/importadas/prod-49618-elcal-450-mg-30-capsulas-calcio-450-mg-dr-simi.jpg,archivo_local_por_sku
prod-49811,Electrolit Naranja 625 ml,Cuidado familiar,/products/suero.svg,,placeholder_o_no_importable
prod-29600,Elite Pañuelo Aroma Ud,Medicamentos,/products/medicamentos/prod-29600-elite-panuelo-aroma-ud.jpg,http://farmacia-andes.abc/products/medicamentos/prod-29600-elite-panuelo-aroma-ud.jpg,archivo_local_por_sku
prod-27833,Elite Pañuelo Doble Hoja Caja 90 Un,Medicamentos,/products/receta.svg,,placeholder_o_no_importable
prod-8700,Elitiran-gp 100 mg x 10 cápsulas (Diclofenaco Sodico 100 mg),Medicamentos,/products/receta.svg,,placeholder_o_no_importable
prod-7369,Elixine jarabe 250 ml (Teofilina 80 mg),Medicamentos,/products/medicamentos/prod-7369-elixine-jarabe-250-ml-teofilina-80-mg.jpg,http://farmacia-andes.abc/products/medicamentos/prod-7369-elixine-jarabe-250-ml-teofilina-80-mg.jpg,archivo_local_por_sku
prod-50105,Elmex Sensitive Enjuague Bucal 0%alcohol 400 ml (Fluoruro De Sodio 1/1),Higiene,/products/alcohol-gel.svg,,placeholder_o_no_importable
prod-3480,Elvive Ácido Color Vive 370 ml,Dermocosmética,/products/crema.svg,,placeholder_o_no_importable
prod-49382,Elvive Ácido Oleo Extraord 370 ml,Dermocosmética,/products/crema.svg,,placeholder_o_no_importable
prod-14586,Elvive Sh Color Vive 370 ml,Dermocosmética,/products/crema.svg,,placeholder_o_no_importable
prod-49387,Elvive Sh Glycolic Cristal 370 ml,Dermocosmética,/products/crema.svg,,placeholder_o_no_importable
prod-49419,Elvive Sh Nutr Oleo Extr 370 ml,Dermocosmética,/products/crema.svg,,placeholder_o_no_importable
prod-38360,Emuline Aceite De Emu 20 ml,Dermocosmética,/products/crema.svg,,placeholder_o_no_importable
prod-34785,Emuwipes Aloe/Emu/Manzanilla 10UD,Medicamentos,/products/receta.svg,,placeholder_o_no_importable
prod-31950,Enalapril 10 mg 20 comprimidos (bioequivalente) Opko,Medicamentos,/products/medicamentos/prod-31950-enalapril-10-mg-20-comprimidos-bioequivalente-opko.jpg,http://farmacia-andes.abc/products/medicamentos/prod-31950-enalapril-10-mg-20-comprimidos-bioequivalente-opko.jpg,archivo_local_por_sku
prod-10469,Enalapril 10 mg 20 comprimidos (Bioequivalente)andromaco,Medicamentos,/products/medicamentos/prod-10469-enalapril-10-mg-20-comprimidos-bioequivalente-andromaco.jpg,http://farmacia-andes.abc/products/medicamentos/prod-10469-enalapril-10-mg-20-comprimidos-bioequivalente-andromaco.jpg,archivo_local_por_sku
prod-30963,Enalapril 20 mg 20 comprimidos (bioequivalente) Opko,Medicamentos,/products/medicamentos/prod-30963-enalapril-20-mg-20-comprimidos-bioequivalente-opko.jpg,http://farmacia-andes.abc/products/medicamentos/prod-30963-enalapril-20-mg-20-comprimidos-bioequivalente-opko.jpg,archivo_local_por_sku
prod-7374,Enalten 5 mg 30 comprimidos (Enalapril 5 mg),Medicamentos,/products/medicamentos/prod-7374-enalten-5-mg-30-comprimidos-enalapril-5-mg.jpg,http://farmacia-andes.abc/products/medicamentos/prod-7374-enalten-5-mg-30-comprimidos-enalapril-5-mg.jpg,archivo_local_por_sku
prod-49412,Enhora (Sildenafilo) 50 mg 20 comprimidos,Medicamentos,/products/receta.svg,,placeholder_o_no_importable
prod-49611,Enhora 100 mg 20 comprimidos Opko bioequivalente (Sildenafil 100 mg),Medicamentos,/products/receta.svg,,placeholder_o_no_importable
prod-32413,Enhora 100 mg 10 comprimidos recubiertos (bioequivalente) Sildenafil,Medicamentos,/products/importadas/prod-32413-enhora-100-mg-10-comprimidos-recubiertos-bioequivalente-sildenafil-dr-simi.jpg,http://farmacia-andes.abc/products/importadas/prod-32413-enhora-100-mg-10-comprimidos-recubiertos-bioequivalente-sildenafil-dr-simi.jpg,archivo_local_por_sku
prod-34055,Enhora 100 mg 1 comprimido (bioequivalente) Sildenafil,Medicamentos,/products/importadas/prod-34055-enhora-100-mg-1-comprimido-bioequivalente-sildenafil-dr-simi.jpg,http://farmacia-andes.abc/products/importadas/prod-34055-enhora-100-mg-1-comprimido-bioequivalente-sildenafil-dr-simi.jpg,archivo_local_por_sku
prod-32412,Enhora 100 mg 5 comprimidos recubiertos (bioequivalente) Sildenafil,Medicamentos,/products/importadas/prod-32412-enhora-100-mg-5-comprimidos-recubiertos-bioequivalente-sildenafil-dr-simi.jpg,http://farmacia-andes.abc/products/importadas/prod-32412-enhora-100-mg-5-comprimidos-recubiertos-bioequivalente-sildenafil-dr-simi.jpg,archivo_local_por_sku
prod-33041,Enhora 50 mg 10 comprimidos recubiertos (Sildenafil 50 mg),Medicamentos,/products/receta.svg,,placeholder_o_no_importable
prod-33040,Enhora 50 mg 5 comprimidos Re (Sildenafil 50 mg),Medicamentos,/products/receta.svg,,placeholder_o_no_importable
prod-8209,Eno Limon 100 g,Medicamentos,/products/receta.svg,,placeholder_o_no_importable
prod-49980,Eno Limon 2 Sobres,Medicamentos,/products/medicamentos/prod-49980-eno-limon-2-sobres.jpg,http://farmacia-andes.abc/products/medicamentos/prod-49980-eno-limon-2-sobres.jpg,archivo_local_por_sku
prod-49978,Eno Natural x 2 Sobres,Medicamentos,/products/importadas/prod-49978-eno-natural-x-2-sobres-dr-simi.jpg,http://farmacia-andes.abc/products/importadas/prod-49978-eno-natural-x-2-sobres-dr-simi.jpg,archivo_local_por_sku
prod-8211,Eno Natural 100 g,Medicamentos,/products/importadas/prod-8211-eno-natural-100-g-dr-simi.jpg,http://farmacia-andes.abc/products/importadas/prod-8211-eno-natural-100-g-dr-simi.jpg,archivo_local_por_sku
prod-29393,"Ensure Advanc polvo Vai 900 g (Minerales, Proteinas, Vitaminas)",Cuidado familiar,/products/suero.svg,,placeholder_o_no_importable
prod-83,Ensure polvo 850 g Frutilla,Cuidado familiar,/products/showcase/ensure-frutilla-850g.jpg,http://farmacia-andes.abc/products/showcase/ensure-frutilla-850g.jpg,override_comun
prod-41327,Enterex Espesante 227 g,Medicamentos,/products/medicamentos/prod-41327-enterex-espesante-227-g.jpg,http://farmacia-andes.abc/products/medicamentos/prod-41327-enterex-espesante-227-g.jpg,archivo_local_por_sku
prod-37278,"Enterol S 10 cápsulas (Lactobacillus Rhamnosus, Saccharomyces)",Medicamentos,/products/medicamentos/prod-37278-enterol-s-10-capsulas-lactobacillus-rhamnosus-saccharomyces.jpg,http://farmacia-andes.abc/products/medicamentos/prod-37278-enterol-s-10-capsulas-lactobacillus-rhamnosus-saccharomyces.jpg,archivo_local_por_sku
prod-37277,"Enterol S 10sobres (Lactobacillus Rhamnosus, Saccharomyces)",Medicamentos,/products/medicamentos/prod-37277-enterol-s-10sobres-lactobacillus-rhamnosus-saccharomyces.jpg,http://farmacia-andes.abc/products/medicamentos/prod-37277-enterol-s-10sobres-lactobacillus-rhamnosus-saccharomyces.jpg,archivo_local_por_sku
prod-9625,Eritromicina 500 mg 8 comprimidos,Medicamentos,/products/medicamentos/prod-9625-eritromicina-500-mg-8-comprimidos.jpg,http://farmacia-andes.abc/products/medicamentos/prod-9625-eritromicina-500-mg-8-comprimidos.jpg,archivo_local_por_sku
prod-49359,"Esancol 10 comprimidos Portopharma (Ftalilsulfatiazol 250 mg, Nifuroxazida 200 mg)",Medicamentos,/products/receta.svg,,placeholder_o_no_importable
prod-49504,Esc 20 mg (Escitalopram) Eurofarma,Medicamentos,/products/medicamentos/prod-49504-esc-20-mg-escitalopram-eurofarma.jpg,http://farmacia-andes.abc/products/medicamentos/prod-49504-esc-20-mg-escitalopram-eurofarma.jpg,archivo_local_por_sku
prod-31514,Escitalopram 10 mg 30 comprimidos (bioequivalente) Chile,Medicamentos,/products/medicamentos/prod-31514-escitalopram-10-mg-30-comprimidos-bioequivalente-chile.jpg,http://farmacia-andes.abc/products/medicamentos/prod-31514-escitalopram-10-mg-30-comprimidos-bioequivalente-chile.jpg,archivo_local_por_sku
prod-49328,Esomeprazol 20 mg 30 cápsulas Hetero,Medicamentos,/products/medicamentos/prod-49328-esomeprazol-20-mg-30-capsulas-hetero.jpg,http://farmacia-andes.abc/products/medicamentos/prod-49328-esomeprazol-20-mg-30-capsulas-hetero.jpg,archivo_local_por_sku
prod-39243,Esomeprazol 20 mg 30 comprimidos recubiertos (bioequivalente) Opko,Medicamentos,/products/importadas/prod-39243-esomeprazol-20-mg-30-comprimidos-recubiertos-bioequivalente-opko-dr-simi.jpg,http://farmacia-andes.abc/products/importadas/prod-39243-esomeprazol-20-mg-30-comprimidos-recubiertos-bioequivalente-opko-dr-simi.jpg,archivo_local_por_sku
prod-39161,Esomeprazol 40 mg 30 comprimidos recubiertos (Bioequivalente)opko,Medicamentos,/products/importadas/prod-39161-esomeprazol-40-mg-30-comprimidos-recubiertos-bioequivalente-opko-dr-simi.webp,http://farmacia-andes.abc/products/importadas/prod-39161-esomeprazol-40-mg-30-comprimidos-recubiertos-bioequivalente-opko-dr-simi.webp,archivo_local_por_sku
prod-50021,Espejo con Aumento,Dermocosmética,/products/crema.svg,,placeholder_o_no_importable
prod-30912,Espironolactona 25 mg 20 comprimidos Chile,Medicamentos,/products/medicamentos/prod-30912-espironolactona-25-mg-20-comprimidos-chile.jpg,http://farmacia-andes.abc/products/medicamentos/prod-30912-espironolactona-25-mg-20-comprimidos-chile.jpg,archivo_local_por_sku
prod-29309,Etiquet Dama Roll-on Floral 60 ml,Dermocosmética,/products/crema.svg,,placeholder_o_no_importable
prod-11007,Etiquet Men Roll-on 60 g,Dermocosmética,/products/crema.svg,,placeholder_o_no_importable
prod-29615,Etiquet Men Roll-on Blue Ice,Dermocosmética,/products/crema.svg,,placeholder_o_no_importable
prod-40337,Etiquet Men Roll-on Sport 60 g,Dermocosmética,/products/crema.svg,,placeholder_o_no_importable
prod-13024,Eutirox 100 mcg 100 comprimidos (Levotiroxina 100 mcg),Medicamentos,/products/medicamentos/prod-13024-eutirox-100-mcg-100-comprimidos-levotiroxina-100-mcg.jpg,http://farmacia-andes.abc/products/medicamentos/prod-13024-eutirox-100-mcg-100-comprimidos-levotiroxina-100-mcg.jpg,archivo_local_por_sku
prod-5108,Eutirox 50 mcg 50 comprimidos (Levotiroxina 50 mcg),Medicamentos,/products/medicamentos/prod-5108-eutirox-50-mcg-50-comprimidos-levotiroxina-50-mcg.jpg,http://farmacia-andes.abc/products/medicamentos/prod-5108-eutirox-50-mcg-50-comprimidos-levotiroxina-50-mcg.jpg,archivo_local_por_sku
prod-15651,"Evra Par Transdermico 3 U (Etinilestradiol 600 mcg, Norelgestromina 6 mg)",Dermocosmética,/products/crema.svg,,placeholder_o_no_importable
prod-46605,"Exelring Anill vaginal x 1 (Etinilestradiol 0,015 mg, Etonogestrel 0,12 mg)",Medicamentos,/products/importadas/prod-46605-exelring-anill-vaginal-x-1-etinilestradiol-0-015-mg-etonogestrel-0-12-mg-dr-simi.jpg,http://farmacia-andes.abc/products/importadas/prod-46605-exelring-anill-vaginal-x-1-etinilestradiol-0-015-mg-etonogestrel-0-12-mg-dr-simi.jpg,archivo_local_por_sku
prod-38368,F Set Suturas Adhesivas 9 Un,Accesorios,/products/suero.svg,,placeholder_o_no_importable
prod-31333,"F Set Cinta Pap/D Piel 2,5X 9,1 con Dis",Accesorios,/products/suero.svg,,placeholder_o_no_importable
prod-39135,F Set Cotonitos 200 Un x 2,Dermocosmética,/products/crema.svg,,placeholder_o_no_importable
prod-15334,F Set Curita 20 Un,Accesorios,/products/suero.svg,,placeholder_o_no_importable
prod-37106,F Set Curita Roce Pies 12 Un,Accesorios,/products/suero.svg,,placeholder_o_no_importable
prod-30645,F Set Curita Surtido 30 Un,Accesorios,/products/suero.svg,,placeholder_o_no_importable
prod-49845,F Set Parche Curita 100 Unidades,Accesorios,/products/suero.svg,,placeholder_o_no_importable
prod-49372,F Set Parche Curita Infantil 10 Un,Medicamentos,/products/receta.svg,,placeholder_o_no_importable
prod-37161,F Set Parche Neon 30UD,Medicamentos,/products/receta.svg,,placeholder_o_no_importable
prod-49516,F Set Parches Curitas Hidrocoloide 10 Un,Accesorios,/products/suero.svg,,placeholder_o_no_importable
prod-49392,F Set Parches Resist Al Agua 10 Un,Medicamentos,/products/receta.svg,,placeholder_o_no_importable
prod-10345,"Facimin 0,5 mg/ml 10 ml (Oximetazolina 0,5 mg/1 ml)",Medicamentos,/products/receta.svg,,placeholder_o_no_importable
prod-36123,Familand Sh Ganada Therapy 750 ml,Dermocosmética,/products/crema.svg,,placeholder_o_no_importable
prod-49261,Familand Sh Rehid 750 ml,Dermocosmética,/products/crema.svg,,placeholder_o_no_importable
prod-9628,Famotidina 40 mg 10 comprimidos Chile,Medicamentos,/products/medicamentos/prod-9628-famotidina-40-mg-10-comprimidos-chile.jpg,http://farmacia-andes.abc/products/medicamentos/prod-9628-famotidina-40-mg-10-comprimidos-chile.jpg,archivo_local_por_sku
prod-49229,Famotidina comprimidos 20 mg 20*,Medicamentos,/products/medicamentos/prod-49229-famotidina-comprimidos-20-mg-20.jpg,http://farmacia-andes.abc/products/medicamentos/prod-49229-famotidina-comprimidos-20-mg-20.jpg,archivo_local_por_sku
prod-6152,Fasarax 20 mg (Hidroxizina) 20 comprimidos (Hidroxicina 20 mg),Medicamentos,/products/medicamentos/prod-6152-fasarax-20-mg-hidroxizina-20-comprimidos-hidroxicina-20-mg.jpg,http://farmacia-andes.abc/products/medicamentos/prod-6152-fasarax-20-mg-hidroxizina-20-comprimidos-hidroxicina-20-mg.jpg,archivo_local_por_sku
prod-6153,Fasarax jarabe 120 ml (Hidroxicina 10 mg/5 ml),Medicamentos,/products/medicamentos/prod-6153-fasarax-jarabe-120-ml-hidroxicina-10-mg-5-ml.jpg,http://farmacia-andes.abc/products/medicamentos/prod-6153-fasarax-jarabe-120-ml-hidroxicina-10-mg-5-ml.jpg,archivo_local_por_sku
prod-49561,Felliny Creamy Cang/Atun 4 Un,Cuidado familiar,/products/suero.svg,,placeholder_o_no_importable
prod-12777,"Femelle 20,28 comprimidos Re (Drospirenona 3 mg, Etinilestradiol 0,02 mg)",Medicamentos,/products/receta.svg,,placeholder_o_no_importable
prod-12518,"Femelle 28 comprimidos (Drospirenona 3 mg, Etinilestradiol 0,03 mg)",Medicamentos,/products/medicamentos/prod-12518-femelle-28-comprimidos-drospirenona-3-mg-etinilestradiol-0-03-mg.jpg,http://farmacia-andes.abc/products/medicamentos/prod-12518-femelle-28-comprimidos-drospirenona-3-mg-etinilestradiol-0-03-mg.jpg,archivo_local_por_sku
prod-31610,"Femelle Fol 28 comprimidos (Drospirenona 3 mg, Etinilestradiol 0,03 mg, Levomefolato De Calcio 0,451 mg)",Medicamentos,/products/medicamentos/prod-31610-femelle-fol-28-comprimidos-drospirenona-3-mg-etinilestradiol-0-03-mg-l.jpg,http://farmacia-andes.abc/products/medicamentos/prod-31610-femelle-fol-28-comprimidos-drospirenona-3-mg-etinilestradiol-0-03-mg-l.jpg,archivo_local_por_sku
prod-39112,"Femiplus 20CD 28 comprimidos (Drospirenona 3 mg, Etinilestradiol 0,03 mg)",Medicamentos,/products/medicamentos/prod-39112-femiplus-20cd-28-comprimidos-drospirenona-3-mg-etinilestradiol-0-03-mg.jpg,http://farmacia-andes.abc/products/medicamentos/prod-39112-femiplus-20cd-28-comprimidos-drospirenona-3-mg-etinilestradiol-0-03-mg.jpg,archivo_local_por_sku
prod-14803,"Femiplus Cd 28 comprimidos Re (Drospirenona 3 mg, Etinilestradiol 0,03 mg)",Medicamentos,/products/medicamentos/prod-14803-femiplus-cd-28-comprimidos-re-drospirenona-3-mg-etinilestradiol-0-03-m.jpg,http://farmacia-andes.abc/products/medicamentos/prod-14803-femiplus-cd-28-comprimidos-re-drospirenona-3-mg-etinilestradiol-0-03-m.jpg,archivo_local_por_sku
prod-9630,Fenitoina Sod Prompt 100 mg 30 comprimidos Chile,Medicamentos,/products/medicamentos/prod-9630-fenitoina-sod-prompt-100-mg-30-comprimidos-chile.jpg,http://farmacia-andes.abc/products/medicamentos/prod-9630-fenitoina-sod-prompt-100-mg-30-comprimidos-chile.jpg,archivo_local_por_sku
prod-45675,Ferbex cápsulas 200 mg 30 (Fenofibrato 200 mg),Medicamentos,/products/medicamentos/prod-45675-ferbex-capsulas-200-mg-30-fenofibrato-200-mg.jpg,http://farmacia-andes.abc/products/medicamentos/prod-45675-ferbex-capsulas-200-mg-30-fenofibrato-200-mg.jpg,archivo_local_por_sku
prod-7239,"Ferranem 30 cápsulas (Ácido Ascorbico 100 mg, Ácido Folico 2 mg, Cianocobalamina 1 mg, Fumarato Ferroso 330 mg)",Medicamentos,/products/receta.svg,,placeholder_o_no_importable
prod-49612,Fesanil jarabe 30 mg/5 ml 120 ml bioequivalente (Levodropropizina 30 mg),Medicamentos,/products/medicamentos/prod-49612-fesanil-jarabe-30-mg-5-ml-120-ml-bioequivalente-levodropropizina-30-mg.jpg,http://farmacia-andes.abc/products/medicamentos/prod-49612-fesanil-jarabe-30-mg-5-ml-120-ml-bioequivalente-levodropropizina-30-mg.jpg,archivo_local_por_sku
prod-2772,Fesema Lf Inh 200 Ds (Salbutamol 100 mcg),Medicamentos,/products/medicamentos/prod-2772-fesema-lf-inh-200-ds-salbutamol-100-mcg.jpg,http://farmacia-andes.abc/products/medicamentos/prod-2772-fesema-lf-inh-200-ds-salbutamol-100-mcg.jpg,archivo_local_por_sku
prod-4815,Fibrasol 18sobres (Psyllium),Medicamentos,/products/receta.svg,,placeholder_o_no_importable
prod-28936,Fibrasol polvo Pote 200 g (Psyllium 68 g),Medicamentos,/products/receta.svg,,placeholder_o_no_importable
prod-46532,Finaflux comprimidos 1 mg 90 (Finasteride 1 mg),Medicamentos,/products/importadas/prod-46532-finaflux-comprimidos-1-mg-90-finasteride-1-mg-dr-simi.png,http://farmacia-andes.abc/products/importadas/prod-46532-finaflux-comprimidos-1-mg-90-finasteride-1-mg-dr-simi.png,archivo_local_por_sku
prod-36008,"Finagrip 10 comprimidos (Clorfenamina 4 mg, Ibuprofeno 400 mg, Pseudoefedrina 60 mg)",Medicamentos,/products/medicamentos/finagrip-10comp-iphsa.webp,http://farmacia-andes.abc/products/medicamentos/finagrip-10comp-iphsa.webp,override_json
prod-29355,"Finagrip Sus oral 100 ml (Clorfenamina 2 mg, Ibuprofeno 200 mg, Pseudoefedrina 30 mg)",Medicamentos,/products/importadas/prod-29355-finagrip-sus-oral-100-ml-clorfenamina-2-mg-ibuprofeno-200-mg-pseudoefedrina--dr-simi.jpg,http://farmacia-andes.abc/products/importadas/prod-29355-finagrip-sus-oral-100-ml-clorfenamina-2-mg-ibuprofeno-200-mg-pseudoefedrina--dr-simi.jpg,archivo_local_por_sku
prod-4905,Findaler jarabe 5 mg/5 ml 100 ml Cetirizina,Medicamentos,/products/medicamentos/prod-4905-findaler-jarabe-5-mg-5-ml-100-ml-cetirizina.jpg,http://farmacia-andes.abc/products/medicamentos/prod-4905-findaler-jarabe-5-mg-5-ml-100-ml-cetirizina.jpg,archivo_local_por_sku
prod-49650,Finder Sh Ketoconazol 2% 100 ml,Medicamentos,/products/medicamentos/prod-49650-finder-sh-ketoconazol-2-100-ml.jpg,http://farmacia-andes.abc/products/medicamentos/prod-49650-finder-sh-ketoconazol-2-100-ml.jpg,archivo_local_por_sku
prod-50170,Fiprodrag ( Perros ) (Fipronil 10%),Veterinaria,/products/receta.svg,,placeholder_o_no_importable
prod-23209,"Fiprokill Pipeta 0,67 ml (Fipronil 10%)",Veterinaria,/products/receta.svg,,placeholder_o_no_importable
prod-24258,"Fiprokill Pipeta 2,68 ml",Veterinaria,/products/receta.svg,,placeholder_o_no_importable
prod-50139,Fish Oil 1000 mg 60 cápsulas (Omega 3 1/1),Medicamentos,/products/receta.svg,,placeholder_o_no_importable
prod-3673,Fisiofer 15 ml 10 Amp Bebibles (Proteinsuccinilato De Hierro),Medicamentos,/products/medicamentos/prod-3673-fisiofer-15-ml-10-amp-bebibles-proteinsuccinilato-de-hierro.jpg,http://farmacia-andes.abc/products/medicamentos/prod-3673-fisiofer-15-ml-10-amp-bebibles-proteinsuccinilato-de-hierro.jpg,archivo_local_por_sku
prod-5814,"Fisiolimp solución Nasal 0,9% 30 ml (Cloruro De Sodio 0,9%)",Medicamentos,/products/receta.svg,,placeholder_o_no_importable
prod-50178,"Fisiorub Arinica 90 ml (Arnica 1/1, Mentol 1/1)",Medicamentos,/products/medicamentos/prod-50178-fisiorub-arinica-90-ml-arnica-1-1-mentol-1-1.jpg,http://farmacia-andes.abc/products/medicamentos/prod-50178-fisiorub-arinica-90-ml-arnica-1-1-mentol-1-1.jpg,archivo_local_por_sku
prod-49214,"Fit Galleta x 400 g (Proteinas 7,5%)",Veterinaria,/products/receta.svg,,placeholder_o_no_importable
prod-40220,Fittig Cobre Sp 100 g,Medicamentos,/products/medicamentos/prod-40220-fittig-cobre-sp-100-g.jpg,http://farmacia-andes.abc/products/medicamentos/prod-40220-fittig-cobre-sp-100-g.jpg,archivo_local_por_sku
prod-10840,Fittig Talco Des 200 g,Medicamentos,/products/receta.svg,,placeholder_o_no_importable
prod-7751,"Flapex E 20 cápsulas (Bilis De Buey 25 mg, Diastasa 25 mg, Pancreatina 100 mg, Pepsina 50 mg, Simeticona 60 mg)",Medicamentos,/products/medicamentos/prod-7751-flapex-e-20-capsulas-bilis-de-buey-25-mg-diastasa-25-mg-pancreatina-10.jpg,http://farmacia-andes.abc/products/medicamentos/prod-7751-flapex-e-20-capsulas-bilis-de-buey-25-mg-diastasa-25-mg-pancreatina-10.jpg,archivo_local_por_sku
prod-50015,Flapex Simeticona 15 ml,Medicamentos,/products/medicamentos/prod-50015-flapex-simeticona-15-ml.jpg,http://farmacia-andes.abc/products/medicamentos/prod-50015-flapex-simeticona-15-ml.jpg,archivo_local_por_sku
prod-48601,"Flector Gel 1,29% 60 g (Diclofenaco Epolamina 1,293 g)",Medicamentos,/products/receta.svg,,placeholder_o_no_importable
prod-49937,Flovovermic comprimidos (Flubendazol 220 mg),Veterinaria,/products/receta.svg,,placeholder_o_no_importable
prod-10510,Flucloxacilina 250 mg/5 ml 60 ml,Medicamentos,/products/medicamentos/prod-10510-flucloxacilina-250-mg-5-ml-60-ml.jpg,http://farmacia-andes.abc/products/medicamentos/prod-10510-flucloxacilina-250-mg-5-ml-60-ml.jpg,archivo_local_por_sku
prod-41526,Flucloxacilina 500 mg 12 cápsulas,Medicamentos,/products/importadas/prod-41526-flucloxacilina-500-mg-12-capsulas-dr-simi.jpg,http://farmacia-andes.abc/products/importadas/prod-41526-flucloxacilina-500-mg-12-capsulas-dr-simi.jpg,archivo_local_por_sku
prod-50136,Fluconazol 150 mg,Medicamentos,/products/medicamentos/prod-50136-fluconazol-150-mg.jpg,http://farmacia-andes.abc/products/medicamentos/prod-50136-fluconazol-150-mg.jpg,archivo_local_por_sku
prod-36490,Fluconazol 150 mg 2 cápsulas Chile,Medicamentos,/products/medicamentos/fluconazol-lchile-150mg-2caps.webp,http://farmacia-andes.abc/products/medicamentos/fluconazol-lchile-150mg-2caps.webp,override_json
prod-15417,Fluconazol 150 mg 4 cápsulas Iphsa,Medicamentos,/products/medicamentos/fluconazol-iphsa-150mg-4caps.jpg,http://farmacia-andes.abc/products/medicamentos/fluconazol-iphsa-150mg-4caps.jpg,override_json
prod-31174,Flunarizina 10 mg 30 comprimidos Pasteur,Medicamentos,/products/medicamentos/prod-31174-flunarizina-10-mg-30-comprimidos-pasteur.jpg,http://farmacia-andes.abc/products/medicamentos/prod-31174-flunarizina-10-mg-30-comprimidos-pasteur.jpg,archivo_local_por_sku
prod-31101,Flunarizina 5 mg 30 comprimidos Pasteur,Medicamentos,/products/medicamentos/prod-31101-flunarizina-5-mg-30-comprimidos-pasteur.jpg,http://farmacia-andes.abc/products/medicamentos/prod-31101-flunarizina-5-mg-30-comprimidos-pasteur.jpg,archivo_local_por_sku
prod-39646,Fluoxetina 20 mg 20 comprimidos (Bioequivalente)sanitas,Medicamentos,/products/medicamentos/prod-39646-fluoxetina-20-mg-20-comprimidos-bioequivalente-sanitas.jpg,http://farmacia-andes.abc/products/medicamentos/prod-39646-fluoxetina-20-mg-20-comprimidos-bioequivalente-sanitas.jpg,archivo_local_por_sku
prod-49517,"Flures-d Sus Oft 5 ml (Dexametasona 0,1%, Tobramicina 0,3%)",Medicamentos,/products/medicamentos/prod-49517-flures-d-sus-oft-5-ml-dexametasona-0-1-tobramicina-0-3.jpg,http://farmacia-andes.abc/products/medicamentos/prod-49517-flures-d-sus-oft-5-ml-dexametasona-0-1-tobramicina-0-3.jpg,archivo_local_por_sku
prod-49640,Fluticasona/Salmeterol 250/25,Medicamentos,/products/medicamentos/prod-49640-fluticasona-salmeterol-250-25.jpg,http://farmacia-andes.abc/products/medicamentos/prod-49640-fluticasona-salmeterol-250-25.jpg,archivo_local_por_sku
prod-49723,"Fluticasynt Hfa 250/25 120 Dosis (Fluticasona Propionato 250 mcg, Salmeterol 25 mcg)",Medicamentos,/products/medicamentos/prod-49723-fluticasynt-hfa-250-25-120-dosis-fluticasona-propionato-250-mcg-salmet.jpg,http://farmacia-andes.abc/products/medicamentos/prod-49723-fluticasynt-hfa-250-25-120-dosis-fluticasona-propionato-250-mcg-salmet.jpg,archivo_local_por_sku
prod-45466,Fluticort Inh 125 mcg 120D (Fluticasona Propionato 125 mcg),Medicamentos,/products/medicamentos/prod-45466-fluticort-inh-125-mcg-120d-fluticasona-propionato-125-mcg.jpg,http://farmacia-andes.abc/products/medicamentos/prod-45466-fluticort-inh-125-mcg-120d-fluticasona-propionato-125-mcg.jpg,archivo_local_por_sku
prod-26053,"Fluxamol 250/25 mg Inh 150 Ds (Fluticasona Propionato 250 mcg, Salmeterol 25 mcg)",Medicamentos,/products/receta.svg,,placeholder_o_no_importable
prod-4095,"Foille ungüento 28 g (Alcohol Bencilico 4 g, Benzocaina 2 g)",Dermocosmética,/products/importadas/prod-4095-foille-unguento-28-g-alcohol-bencilico-4-g-benzocaina-2-g-dr-simi.jpg,http://farmacia-andes.abc/products/importadas/prod-4095-foille-unguento-28-g-alcohol-bencilico-4-g-benzocaina-2-g-dr-simi.jpg,archivo_local_por_sku
prod-3675,Folacid 5 mg 30 comprimidos (Ácido Folico 5 mg),Medicamentos,/products/medicamentos/prod-3675-folacid-5-mg-30-comprimidos-acido-folico-5-mg.jpg,http://farmacia-andes.abc/products/medicamentos/prod-3675-folacid-5-mg-30-comprimidos-acido-folico-5-mg.jpg,archivo_local_por_sku
prod-7248,Folisanin 1 mg 30 comprimidos (Ácido Folico 1 mg),Medicamentos,/products/medicamentos/prod-7248-folisanin-1-mg-30-comprimidos-acido-folico-1-mg.jpg,http://farmacia-andes.abc/products/medicamentos/prod-7248-folisanin-1-mg-30-comprimidos-acido-folico-1-mg.jpg,archivo_local_por_sku
prod-7247,Folisanin 5 mg 30 comprimidos (Ácido Folico 5 mg),Medicamentos,/products/medicamentos/prod-7247-folisanin-5-mg-30-comprimidos-acido-folico-5-mg.jpg,http://farmacia-andes.abc/products/medicamentos/prod-7247-folisanin-5-mg-30-comprimidos-acido-folico-5-mg.jpg,archivo_local_por_sku
prod-50079,"For Memory x 40 cápsulas (Scl Cnp) (Ginseng 1/1, Vitamina E 1/1, Zinc 1/1)",Medicamentos,/products/receta.svg,,placeholder_o_no_importable
prod-32430,"Forflow solución Enema 133 ml (Bifosfato Sodico 10,8 g, Fosfato Sodico 24,4 g)",Medicamentos,/products/medicamentos/prod-32430-forflow-solucion-enema-133-ml-bifosfato-sodico-10-8-g-fosfato-sodico-2.jpg,http://farmacia-andes.abc/products/medicamentos/prod-32430-forflow-solucion-enema-133-ml-bifosfato-sodico-10-8-g-fosfato-sodico-2.jpg,archivo_local_por_sku
prod-46534,Forlip comprimidos recubiertos 10 mg 30 (Rosuvastatina 10 mg),Medicamentos,/products/medicamentos/prod-46534-forlip-comprimidos-recubiertos-10-mg-30-rosuvastatina-10-mg.jpg,http://farmacia-andes.abc/products/medicamentos/prod-46534-forlip-comprimidos-recubiertos-10-mg-30-rosuvastatina-10-mg.jpg,archivo_local_por_sku
prod-30598,"Fortotal Active 30 cápsulas (Calcio, Minerales, Vitaminas)",Medicamentos,/products/medicamentos/prod-30598-fortotal-active-30-capsulas-calcio-minerales-vitaminas.jpg,http://farmacia-andes.abc/products/medicamentos/prod-30598-fortotal-active-30-capsulas-calcio-minerales-vitaminas.jpg,archivo_local_por_sku
prod-4092,"Fosfosoda oral 45 ml Casen (Fosfato Sodico 10,8 g)",Medicamentos,/products/medicamentos/prod-4092-fosfosoda-oral-45-ml-casen-fosfato-sodico-10-8-g.jpg,http://farmacia-andes.abc/products/medicamentos/prod-4092-fosfosoda-oral-45-ml-casen-fosfato-sodico-10-8-g.jpg,archivo_local_por_sku
prod-49554,Frasco Muestra Orina 120 ml,Accesorios,/products/suero.svg,,placeholder_o_no_importable
prod-1642,"Frenaler-d jarabe 100 ml (Loratadina 2,5 mg/5 ml, Pseudoefedrina 15 mg/5 ml)",Medicamentos,/products/medicamentos/prod-1642-frenaler-d-jarabe-100-ml-loratadina-2-5-mg-5-ml-pseudoefedrina-15-mg-5.jpg,http://farmacia-andes.abc/products/medicamentos/prod-1642-frenaler-d-jarabe-100-ml-loratadina-2-5-mg-5-ml-pseudoefedrina-15-mg-5.jpg,archivo_local_por_sku
prod-49434,"Fresh Up Cep Interd 0,6",Dermocosmética,/products/crema.svg,,placeholder_o_no_importable
prod-49436,"Fresh Up Cepillo Interd 0,8",Higiene,/products/alcohol-gel.svg,,placeholder_o_no_importable
prod-49671,Freshmel 5 mg 12 comprimidos (Clorhexidina 5 mg),Medicamentos,/products/receta.svg,,placeholder_o_no_importable
prod-39110,"Frontline Plus Gato 0,5 ml 1pipeta",Veterinaria,/products/receta.svg,,placeholder_o_no_importable
prod-37415,Fructis Gel Slyle E Fuerte 600 g,Dermocosmética,/products/crema.svg,,placeholder_o_no_importable
prod-37416,Fructis Gel Style Hard 600 g,Dermocosmética,/products/crema.svg,,placeholder_o_no_importable
prod-30915,Furosemida 40 mg 12 comprimidos (Bioequivalente)lchile,Medicamentos,/products/receta.svg,,placeholder_o_no_importable
prod-43887,Garni Agua Mic Ace/Ol 400,Medicamentos,/products/medicamentos/prod-43887-garni-agua-mic-ace-ol-400.jpg,http://farmacia-andes.abc/products/medicamentos/prod-43887-garni-agua-mic-ace-ol-400.jpg,archivo_local_por_sku
prod-44688,Garni Agua Mic T/1 400 ml,Medicamentos,/products/medicamentos/prod-44688-garni-agua-mic-t-1-400-ml.jpg,http://farmacia-andes.abc/products/medicamentos/prod-44688-garni-agua-mic-t-1-400-ml.jpg,archivo_local_por_sku
prod-40276,Garnier Agua Micelar Oleo 100 ml,Dermocosmética,/products/crema.svg,,placeholder_o_no_importable
prod-40420,"Garnier Agua Micelar T/P 100 ml (Ácido Citrico, Ácido Salicilico, Agua, L-arginina, Limon)",Dermocosmética,/products/crema.svg,,placeholder_o_no_importable
prod-50200,Gasa No Tejida 10X 10CM 50X 2 Unidades,Medicamentos,/products/receta.svg,,placeholder_o_no_importable
prod-34696,Gasa Parafinada 10X 10CM Cja 10 Un,Medicamentos,/products/medicamentos/prod-34696-gasa-parafinada-10x-10cm-cja-10-un.jpg,http://farmacia-andes.abc/products/medicamentos/prod-34696-gasa-parafinada-10x-10cm-cja-10-un.jpg,archivo_local_por_sku
prod-49644,"Gastroaliv 240 ml (Subsalicilato Bismuto 262,5 mg/15 ml)",Medicamentos,/products/medicamentos/prod-49644-gastroaliv-240-ml-subsalicilato-bismuto-262-5-mg-15-ml.jpg,http://farmacia-andes.abc/products/medicamentos/prod-49644-gastroaliv-240-ml-subsalicilato-bismuto-262-5-mg-15-ml.jpg,archivo_local_por_sku
prod-49376,Gastroaliv Menta/Cherry 10 comprimidos Mast (Subsalicilato Bismuto 262 mg),Medicamentos,/products/receta.svg,,placeholder_o_no_importable
prod-7253,"Gastrolen 30 comprimidos R E (Bromuro Clidinio 2,5 mg, Clordiazepoxido 5 mg)",Medicamentos,/products/medicamentos/prod-7253-gastrolen-30-comprimidos-r-e-bromuro-clidinio-2-5-mg-clordiazepoxido-5.jpg,http://farmacia-andes.abc/products/medicamentos/prod-7253-gastrolen-30-comprimidos-r-e-bromuro-clidinio-2-5-mg-clordiazepoxido-5.jpg,archivo_local_por_sku
prod-30124,Gatorade Cool Blue 750 ml (Imidacloprida 8%),Cuidado familiar,/products/suero.svg,,placeholder_o_no_importable
prod-30125,Gatorade Frutas Trop 750 ml,Cuidado familiar,/products/suero.svg,,placeholder_o_no_importable
prod-7630,"Gaviscon 250 mg 16 comprimidos (Alginato 250 mg, Bicarbonato De Sodio 133,5 mg, Carbonato De Calcio 80 mg)",Medicamentos,/products/receta.svg,,placeholder_o_no_importable
prod-38214,"Gaviscon Doble Acción Sachet 10 ml (Alginato 250 mg, Bicarbonato De Sodio 106,5 mg)",Medicamentos,/products/receta.svg,,placeholder_o_no_importable
prod-50142,"Gaviscon Menta 1 Sachet 10 ml (Alginato 500 mg, Bicarbonato De Sodio 267 mg, Carbonato De Calcio 160 mg)",Medicamentos,/products/receta.svg,,placeholder_o_no_importable
prod-18030,"Gaviscon Menta 8 comprimidos Mast (Alginato 250 mg, Bicarbonato De Sodio 133,5 mg, Carbonato De Calcio 80 mg)",Medicamentos,/products/receta.svg,,placeholder_o_no_importable
prod-45470,"Gelacne Gel Topico 30 g (Adapaleno 0,1 g, Peroxido De Benzoilo 2,5 g)",Medicamentos,/products/medicamentos/prod-45470-gelacne-gel-topico-30-g-adapaleno-0-1-g-peroxido-de-benzoilo-2-5-g.jpg,http://farmacia-andes.abc/products/medicamentos/prod-45470-gelacne-gel-topico-30-g-adapaleno-0-1-g-peroxido-de-benzoilo-2-5-g.jpg,archivo_local_por_sku
prod-39307,Gemfibrozilo 300 mg 30 comprimidos Mintlab,Medicamentos,/products/medicamentos/prod-39307-gemfibrozilo-300-mg-30-comprimidos-mintlab.jpg,http://farmacia-andes.abc/products/medicamentos/prod-39307-gemfibrozilo-300-mg-30-comprimidos-mintlab.jpg,archivo_local_por_sku
prod-13509,Gemfibrozilo 600 mg 30 comprimidos (bioequivalente) Pasteur,Medicamentos,/products/medicamentos/prod-13509-gemfibrozilo-600-mg-30-comprimidos-bioequivalente-pasteur.jpg,http://farmacia-andes.abc/products/medicamentos/prod-13509-gemfibrozilo-600-mg-30-comprimidos-bioequivalente-pasteur.jpg,archivo_local_por_sku
prod-49371,Gengigel Ácido Hialuron 20 ml,Medicamentos,/products/importadas/prod-49371-gengigel-acido-hialuron-20-ml-dr-simi.png,http://farmacia-andes.abc/products/importadas/prod-49371-gengigel-acido-hialuron-20-ml-dr-simi.png,archivo_local_por_sku
prod-31115,"Geniol Flu jarabe 100 ml (Clorfenamina 2 mg/5 ml, Paracetamol 125 mg/5 ml, Pseudoefedrina 30 mg/5 ml)",Medicamentos,/products/medicamentos/geniol-flu-jarabe-100ml-mintlab.jpg,http://farmacia-andes.abc/products/medicamentos/geniol-flu-jarabe-100ml-mintlab.jpg,override_json
prod-13821,"Geniol P Flu Dn 20 comprimidos (Clorfenamina 4 mg, Paracetamol 500 mg, Pseudoefedrina 60 mg)",Medicamentos,/products/medicamentos/geniol-flu-dn-20comp-mintlab.jpg,http://farmacia-andes.abc/products/medicamentos/geniol-flu-dn-20comp-mintlab.jpg,override_json
prod-12805,"Geniol Sobre Dia 5 g (Ácido Ascorbico 50 mg, Cafeina 33 mg, Clorfenamina 4 mg, Noscapina 10 mg, Paracetamol 400 mg)",Medicamentos,/products/medicamentos/prod-12805-geniol-sobre-dia-5-g-acido-ascorbico-50-mg-cafeina-33-mg-clorfenamina-.jpg,http://farmacia-andes.abc/products/medicamentos/prod-12805-geniol-sobre-dia-5-g-acido-ascorbico-50-mg-cafeina-33-mg-clorfenamina-.jpg,archivo_local_por_sku
prod-12804,"Geniol Sobre Noche 5 g (Cafeina 33 mg, Noscapina 10 mg, Paracetamol 400 mg)",Medicamentos,/products/medicamentos/prod-12804-geniol-sobre-noche-5-g-cafeina-33-mg-noscapina-10-mg-paracetamol-400-m.jpg,http://farmacia-andes.abc/products/medicamentos/prod-12804-geniol-sobre-noche-5-g-cafeina-33-mg-noscapina-10-mg-paracetamol-400-m.jpg,archivo_local_por_sku
prod-39714,"Gentamicina 0,3% solución oftálmica 5 ml Ascend",Medicamentos,/products/receta.svg,,placeholder_o_no_importable
prod-36770,"Gentamicina 0,3% solución oftálmica 5 ml Hospifarma",Medicamentos,/products/receta.svg,,placeholder_o_no_importable
prod-36044,"Gentamicina 0,3% ungüento Oft 3,5 g Ethon",Dermocosmética,/products/crema.svg,,placeholder_o_no_importable
prod-14405,Gentamicina crema Dermica,Dermocosmética,/products/crema.svg,,placeholder_o_no_importable
prod-39902,Gesidol 120 mg/5 ml jarabe 100 ml (Paracetamol 120 mg/5 ml),Medicamentos,/products/medicamentos/prod-39902-gesidol-120-mg-5-ml-jarabe-100-ml-paracetamol-120-mg-5-ml.jpg,http://farmacia-andes.abc/products/medicamentos/prod-39902-gesidol-120-mg-5-ml-jarabe-100-ml-paracetamol-120-mg-5-ml.jpg,archivo_local_por_sku
prod-34956,"Gesiproct crema Rectal 30 g (Lidocaina 2%, Tribenosido 5%)",Medicamentos,/products/medicamentos/prod-34956-gesiproct-crema-rectal-30-g-lidocaina-2-tribenosido-5.jpg,http://farmacia-andes.abc/products/medicamentos/prod-34956-gesiproct-crema-rectal-30-g-lidocaina-2-tribenosido-5.jpg,archivo_local_por_sku
prod-44635,Gille Prestob 3 Sencarex 4,Dermocosmética,/products/crema.svg,,placeholder_o_no_importable
prod-49289,Gillette Des Gel A/P Training Guard 82 g,Dermocosmética,/products/crema.svg,,placeholder_o_no_importable
prod-14476,Gillette Prestobarba 3hojas,Dermocosmética,/products/crema.svg,,placeholder_o_no_importable
prod-14135,Gillette Prestobarba 3MUJ 2 Un,Dermocosmética,/products/crema.svg,,placeholder_o_no_importable
prod-39840,Gillette Venus Trop 3LAM,Dermocosmética,/products/crema.svg,,placeholder_o_no_importable
prod-5816,"Ginecopast 10OV (Miconazol 100 mg, Tinidazol 150 mg)",Medicamentos,/products/receta.svg,,placeholder_o_no_importable
prod-22906,"Ginecopast Dual Ov + crema (Miconazol 100 mg, Tinidazol 150 mg)",Medicamentos,/products/receta.svg,,placeholder_o_no_importable
prod-3852,Ginemaxim 40 mg 60 comprimidos (Cimicifuga Racemosa 40 mg),Homeopatía,/products/suero.svg,,placeholder_o_no_importable
prod-46301,Ginkomax cápsulas 80 mg 30 cápsulas (Ginkgo Biloba 80 mg),Medicamentos,/products/medicamentos/prod-46301-ginkomax-capsulas-80-mg-30-capsulas-ginkgo-biloba-80-mg.jpg,http://farmacia-andes.abc/products/medicamentos/prod-46301-ginkomax-capsulas-80-mg-30-capsulas-ginkgo-biloba-80-mg.jpg,archivo_local_por_sku
prod-41212,"Ginodiest 28 comprimidos (bioequivalente) (Dienogest 2 mg, Etinilestradiol 0,03 mg)",Medicamentos,/products/medicamentos/prod-41212-ginodiest-28-comprimidos-bioequivalente-dienogest-2-mg-etinilestradiol.jpg,http://farmacia-andes.abc/products/medicamentos/prod-41212-ginodiest-28-comprimidos-bioequivalente-dienogest-2-mg-etinilestradiol.jpg,archivo_local_por_sku
prod-16255,Glafornil XR 1000 mg 30 comprimidos (Metformina 1000 mg),Medicamentos,/products/medicamentos/prod-16255-glafornil-xr-1000-mg-30-comprimidos-metformina-1000-mg.jpg,http://farmacia-andes.abc/products/medicamentos/prod-16255-glafornil-xr-1000-mg-30-comprimidos-metformina-1000-mg.jpg,archivo_local_por_sku
prod-36848,Glaupax XR 1000 mg 30 comprimidos Metformina,Medicamentos,/products/medicamentos/prod-36848-glaupax-xr-1000-mg-30-comprimidos-metformina.jpg,http://farmacia-andes.abc/products/medicamentos/prod-36848-glaupax-xr-1000-mg-30-comprimidos-metformina.jpg,archivo_local_por_sku
prod-9641,Glibenclamida 5 mg 60 comprimidos (Bioequivalente)chile,Medicamentos,/products/medicamentos/prod-9641-glibenclamida-5-mg-60-comprimidos-bioequivalente-chile.jpg,http://farmacia-andes.abc/products/medicamentos/prod-9641-glibenclamida-5-mg-60-comprimidos-bioequivalente-chile.jpg,archivo_local_por_sku
prod-45856,Glicenex Sr comprimidos 1000 mg 30 (Metformina 1000 mg),Medicamentos,/products/medicamentos/prod-45856-glicenex-sr-comprimidos-1000-mg-30-metformina-1000-mg.jpg,http://farmacia-andes.abc/products/medicamentos/prod-45856-glicenex-sr-comprimidos-1000-mg-30-metformina-1000-mg.jpg,archivo_local_por_sku
prod-50138,Glicerina 60 ml,Medicamentos,/products/receta.svg,,placeholder_o_no_importable
prod-49560,Glicopan Pet 125 ml,Veterinaria,/products/receta.svg,,placeholder_o_no_importable
prod-49558,Glicopan Pet 30 ml,Veterinaria,/products/receta.svg,,placeholder_o_no_importable
prod-46530,Glimefor XR comprimidos 750 mg 30 (Metformina 750 mg),Medicamentos,/products/receta.svg,,placeholder_o_no_importable
prod-16654,"Glucerna Sr polvo Vaini 850 g (Minerales, Proteinas, Vitaminas)",Cuidado familiar,/products/showcase/glucerna-vainilla-850g.jpg,http://farmacia-andes.abc/products/showcase/glucerna-vainilla-850g.jpg,override_comun
prod-49251,Glucosan XR 1000 mg (Metformina 1000 mg),Medicamentos,/products/medicamentos/prod-49251-glucosan-xr-1000-mg-metformina-1000-mg.jpg,http://farmacia-andes.abc/products/medicamentos/prod-49251-glucosan-xr-1000-mg-metformina-1000-mg.jpg,archivo_local_por_sku
prod-49955,Glucosan XR 500 mg (Metformina 500 mg),Medicamentos,/products/receta.svg,,placeholder_o_no_importable
prod-49250,Glucosan XR 750 mg (Metformina 750 mg),Medicamentos,/products/medicamentos/prod-49250-glucosan-xr-750-mg-metformina-750-mg.jpg,http://farmacia-andes.abc/products/medicamentos/prod-49250-glucosan-xr-750-mg-metformina-750-mg.jpg,archivo_local_por_sku
prod-38357,Mg Ginseng Rojo 100 cápsulas,Homeopatía,/products/suero.svg,,placeholder_o_no_importable
prod-36609,Goicoechea crema Arnica/Manz 400 ml,Dermocosmética,/products/crema.svg,,placeholder_o_no_importable
prod-1686,"Grifoparkin 30 comprimidos (Carbidopa 25 mg, Levodopa 250 mg)",Medicamentos,/products/medicamentos/prod-1686-grifoparkin-30-comprimidos-carbidopa-25-mg-levodopa-250-mg.jpg,http://farmacia-andes.abc/products/medicamentos/prod-1686-grifoparkin-30-comprimidos-carbidopa-25-mg-levodopa-250-mg.jpg,archivo_local_por_sku
prod-49530,Guante Latex M Top Glove 100guantes,Accesorios,/products/suero.svg,,placeholder_o_no_importable
prod-27888,Guantes Examen Tresor l Latex Cja 100 Un,Accesorios,/products/importadas/prod-27888-guantes-examen-tresor-l-latex-cja-100-un-dr-simi.png,http://farmacia-andes.abc/products/importadas/prod-27888-guantes-examen-tresor-l-latex-cja-100-un-dr-simi.png,archivo_local_por_sku
prod-27887,Guantes Examen Tresor S Latex Cja 100 Un,Accesorios,/products/suero.svg,,placeholder_o_no_importable
prod-50068,Guarana 500 mg x 60 cápsulas (Scl Cnp),Medicamentos,/products/receta.svg,,placeholder_o_no_importable
prod-7768,"Gutron 2,5 mg 20 comprimidos (Midodrina 2,5 mg)",Medicamentos,/products/receta.svg,,placeholder_o_no_importable
prod-39410,H&s Sh F/Men Old Spice 400 ml,Dermocosmética,/products/crema.svg,,placeholder_o_no_importable
prod-38998,H&s Sh Limp Renov 400 ml,Dermocosmética,/products/crema.svg,,placeholder_o_no_importable
prod-39212,H&s Sh Manzana Fresh 400 ml,Dermocosmética,/products/crema.svg,,placeholder_o_no_importable
prod-39253,H&s Sh Men 3EN 1 375 ml,Dermocosmética,/products/crema.svg,,placeholder_o_no_importable
prod-4099,Haloperidol 1 mg 30 comprimidos Synthon,Medicamentos,/products/medicamentos/prod-4099-haloperidol-1-mg-30-comprimidos-synthon.jpg,http://farmacia-andes.abc/products/medicamentos/prod-4099-haloperidol-1-mg-30-comprimidos-synthon.jpg,archivo_local_por_sku
prod-4100,Haloperidol 5 mg 20 comprimidos Synthon,Medicamentos,/products/medicamentos/prod-4100-haloperidol-5-mg-20-comprimidos-synthon.jpg,http://farmacia-andes.abc/products/medicamentos/prod-4100-haloperidol-5-mg-20-comprimidos-synthon.jpg,archivo_local_por_sku
prod-36865,Hawaiian Trop Bronc Ace P Tann 240 ml,Dermocosmética,/products/crema.svg,,placeholder_o_no_importable
prod-40189,Hawaiian Trop Silk Hydra Co/Pa 180 ml,Dermocosmética,/products/crema.svg,,placeholder_o_no_importable
prod-49270,Head Sh 200 ml Antiresequedad 375 ml,Dermocosmética,/products/crema.svg,,placeholder_o_no_importable
prod-25406,Heel Engystol 50 comprimidos Subling,Homeopatía,/products/suero.svg,,placeholder_o_no_importable
prod-27080,Heel Lymphomyosot gotas 30 ml,Homeopatía,/products/suero.svg,,placeholder_o_no_importable
prod-23971,Heel Nervoheel 50 comprimidos sublingual,Homeopatía,/products/suero.svg,,placeholder_o_no_importable
prod-30315,"Heel Neurexan 50 comprimidos Sl (Pasiflora 0,6 mg)",Homeopatía,/products/suero.svg,,placeholder_o_no_importable
prod-34622,"Heel Traumeel gotas 30 ml (Arnica, Calendula, Hamamelis)",Homeopatía,/products/suero.svg,,placeholder_o_no_importable
prod-26819,"Heel Traumeel-s 50 comprimidos sublingual (Arnica 15 mg, Calendula 15 mg, Hamamelis 15 mg)",Homeopatía,/products/suero.svg,,placeholder_o_no_importable
prod-49795,Herbal Es Acon Rosa Mosq 240 ml,Dermocosmética,/products/crema.svg,,placeholder_o_no_importable
prod-49794,Herbal Es Sh Rosa Mosq 240 ml,Dermocosmética,/products/crema.svg,,placeholder_o_no_importable
prod-49389,Herbal Essences Hidrata Ácido 400 ml,Dermocosmética,/products/crema.svg,,placeholder_o_no_importable
prod-49219,Herbal Essences Sha Classic Agua De Coco x,Dermocosmética,/products/crema.svg,,placeholder_o_no_importable
prod-49557,Herplex (Lisina 400 mg),Veterinaria,/products/receta.svg,,placeholder_o_no_importable
prod-50183,Hialovis (Colageno Hidrolizado 10000 mg )600 ml,Medicamentos,/products/medicamentos/prod-50183-hialovis-colageno-hidrolizado-10000-mg-600-ml.jpg,http://farmacia-andes.abc/products/medicamentos/prod-50183-hialovis-colageno-hidrolizado-10000-mg-600-ml.jpg,archivo_local_por_sku
prod-49206,Hidralazin bioequivalente comprimidos 50 mg 30 (Hidralazina 50 mg),Medicamentos,/products/medicamentos/prod-49206-hidralazin-bioequivalente-comprimidos-50-mg-30-hidralazina-50-mg.jpg,http://farmacia-andes.abc/products/medicamentos/prod-49206-hidralazin-bioequivalente-comprimidos-50-mg-30-hidralazina-50-mg.jpg,archivo_local_por_sku
prod-38178,Hidrasec 100 mg cápsulas (Racecadotrilo 100 mg),Medicamentos,/products/medicamentos/prod-38178-hidrasec-100-mg-capsulas-racecadotrilo-100-mg.jpg,http://farmacia-andes.abc/products/medicamentos/prod-38178-hidrasec-100-mg-capsulas-racecadotrilo-100-mg.jpg,archivo_local_por_sku
prod-30918,Hidroclorotiazida 50 mg 20 comprimidos (bioequivalente) Lchile,Medicamentos,/products/medicamentos/prod-30918-hidroclorotiazida-50-mg-20-comprimidos-bioequivalente-lchile.jpg,http://farmacia-andes.abc/products/medicamentos/prod-30918-hidroclorotiazida-50-mg-20-comprimidos-bioequivalente-lchile.jpg,archivo_local_por_sku
prod-41128,Hidroclorotiazida 50 mg 20 comprimidos (Bioequivalente)opko,Medicamentos,/products/medicamentos/prod-41128-hidroclorotiazida-50-mg-20-comprimidos-bioequivalente-opko.jpg,http://farmacia-andes.abc/products/medicamentos/prod-41128-hidroclorotiazida-50-mg-20-comprimidos-bioequivalente-opko.jpg,archivo_local_por_sku
prod-49375,Hidrocortisona 20 mg 20 comprimidos,Medicamentos,/products/medicamentos/prod-49375-hidrocortisona-20-mg-20-comprimidos.jpg,http://farmacia-andes.abc/products/medicamentos/prod-49375-hidrocortisona-20-mg-20-comprimidos.jpg,archivo_local_por_sku
prod-49742,Hidrocortisona crema Top 1% Ascend 15 g,Dermocosmética,/products/importadas/prod-49742-hidrocortisona-crema-top-1-ascend-15-g-dr-simi.jpg,http://farmacia-andes.abc/products/importadas/prod-49742-hidrocortisona-crema-top-1-ascend-15-g-dr-simi.jpg,archivo_local_por_sku
prod-49577,"Hidroferol 0,266 mg 3 cápsulas Blandas (Calcifediol 0,266 mg)",Medicamentos,/products/medicamentos/prod-49577-hidroferol-0-266-mg-3-capsulas-blandas-calcifediol-0-266-mg.jpg,http://farmacia-andes.abc/products/medicamentos/prod-49577-hidroferol-0-266-mg-3-capsulas-blandas-calcifediol-0-266-mg.jpg,archivo_local_por_sku
prod-41909,Hidrofugal Stk D Prot 40M,Medicamentos,/products/receta.svg,,placeholder_o_no_importable
prod-3681,"Hidroronol-t 24 comprimidos (Hidroclorotiazida 25 mg, Triamtereno 50 mg)",Medicamentos,/products/medicamentos/prod-3681-hidroronol-t-24-comprimidos-hidroclorotiazida-25-mg-triamtereno-50-mg.jpg,http://farmacia-andes.abc/products/medicamentos/prod-3681-hidroronol-t-24-comprimidos-hidroclorotiazida-25-mg-triamtereno-50-mg.jpg,archivo_local_por_sku
prod-49726,Hidroxicloroquina 200 mg 60 comprimidos,Medicamentos,/products/receta.svg,,placeholder_o_no_importable
prod-50018,Hidroxicloroquina 200 mg,Medicamentos,/products/importadas/prod-50018-hidroxicloroquina-200-mg-dr-simi.jpg,http://farmacia-andes.abc/products/importadas/prod-50018-hidroxicloroquina-200-mg-dr-simi.jpg,archivo_local_por_sku
prod-14109,Hiedrix 35 mg/5 ml 100 ml (Extracto Hedera Helix 35 mg/5 ml),Medicamentos,/products/medicamentos/prod-14109-hiedrix-35-mg-5-ml-100-ml-extracto-hedera-helix-35-mg-5-ml.jpg,http://farmacia-andes.abc/products/medicamentos/prod-14109-hiedrix-35-mg-5-ml-100-ml-extracto-hedera-helix-35-mg-5-ml.jpg,archivo_local_por_sku
prod-4170,Hipoge U crema 15 g (Hidrocortisona 1%),Medicamentos,/products/medicamentos/prod-4170-hipoge-u-crema-15-g-hidrocortisona-1.jpg,http://farmacia-andes.abc/products/medicamentos/prod-4170-hipoge-u-crema-15-g-hidrocortisona-1.jpg,archivo_local_por_sku
prod-4171,Hipoge ungüento Dermico 10 g (Hidrocortisona 1 g),Dermocosmética,/products/importadas/prod-4171-hipoge-unguento-dermico-10-g-hidrocortisona-1-g-dr-simi.jpg,http://farmacia-andes.abc/products/importadas/prod-4171-hipoge-unguento-dermico-10-g-hidrocortisona-1-g-dr-simi.jpg,archivo_local_por_sku
prod-26121,Hipoglucin-lp 1000 mg 30 comprimidos (Metformina 1000 mg),Medicamentos,/products/medicamentos/prod-26121-hipoglucin-lp-1000-mg-30-comprimidos-metformina-1000-mg.jpg,http://farmacia-andes.abc/products/medicamentos/prod-26121-hipoglucin-lp-1000-mg-30-comprimidos-metformina-1000-mg.jpg,archivo_local_por_sku
prod-49551,Hoja Bisturi N 22 1 Un,Accesorios,/products/suero.svg,,placeholder_o_no_importable
prod-50092,Hokkairo Parche Termico para La Ropa 12hrs De Duracion,Medicamentos,/products/receta.svg,,placeholder_o_no_importable
prod-48007,"Hub Ven Autoad 7,5cmx 4,5M",Accesorios,/products/suero.svg,,placeholder_o_no_importable
prod-49171,Ibucalm cápsulas Blandas 400 mg x 10 ( bioequivalente ) (Ibuprofeno 400 mg),Medicamentos,/products/medicamentos/prod-49171-ibucalm-capsulas-blandas-400-mg-x-10-bioequivalente-ibuprofeno-400-mg.jpg,http://farmacia-andes.abc/products/medicamentos/prod-49171-ibucalm-capsulas-blandas-400-mg-x-10-bioequivalente-ibuprofeno-400-mg.jpg,archivo_local_por_sku
prod-49172,Ibucalm cápsulas Blandas 600 mg x 10 ( bioequivalente ) (Ibuprofeno 600 mg),Medicamentos,/products/medicamentos/ibucalm-600mg-10caps.jpg,http://farmacia-andes.abc/products/medicamentos/ibucalm-600mg-10caps.jpg,override_json
prod-31901,Ibufren Forte suspensión 200 mg/5 ml (Ibuprofeno),Medicamentos,/products/medicamentos/prod-31901-ibufren-forte-suspension-200-mg-5-ml-ibuprofeno.jpg,http://farmacia-andes.abc/products/medicamentos/prod-31901-ibufren-forte-suspension-200-mg-5-ml-ibuprofeno.jpg,archivo_local_por_sku
prod-40211,Ibupirac Lc 400 mg 10 cápsulas (bioequivalente) (Ibuprofeno 400 mg),Medicamentos,/products/medicamentos/ibupirac-lc-400mg-10caps.jpg,http://farmacia-andes.abc/products/medicamentos/ibupirac-lc-400mg-10caps.jpg,override_json
prod-40197,Ibuprofeno 200 mg 20 comprimidos recubiertos (Bioequivalente)ascend,Medicamentos,/products/medicamentos/ibuprofeno-ascend-200mg-20comp.jpg,http://farmacia-andes.abc/products/medicamentos/ibuprofeno-ascend-200mg-20comp.jpg,override_json
prod-31332,Ibuprofeno 200 mg/5 ml 100 ml Opko,Medicamentos,/products/medicamentos/ibuprofeno-opko-200mg-100ml.jpg,http://farmacia-andes.abc/products/medicamentos/ibuprofeno-opko-200mg-100ml.jpg,override_json
prod-30896,Ibuprofeno 400 mg 20 comprimidos Lchile,Medicamentos,/products/medicamentos/prod-30896-ibuprofeno-400-mg-20-comprimidos-lchile.jpg,http://farmacia-andes.abc/products/medicamentos/prod-30896-ibuprofeno-400-mg-20-comprimidos-lchile.jpg,archivo_local_por_sku
prod-30890,Ibuprofeno 600 mg 20 comprimidos Lchile,Medicamentos,/products/medicamentos/prod-30890-ibuprofeno-600-mg-20-comprimidos-lchile.jpg,http://farmacia-andes.abc/products/medicamentos/prod-30890-ibuprofeno-600-mg-20-comprimidos-lchile.jpg,archivo_local_por_sku
prod-49231,Ibuprofeno Sus 100 mg 100 +,Medicamentos,/products/medicamentos/prod-49231-ibuprofeno-sus-100-mg-100.jpg,http://farmacia-andes.abc/products/medicamentos/prod-49231-ibuprofeno-sus-100-mg-100.jpg,archivo_local_por_sku
prod-49840,Ignatia D 6 90 comprimidos (Knop),Medicamentos,/products/receta.svg,,placeholder_o_no_importable
prod-30919,Imipramina 25 mg 40 comprimidos Chile,Medicamentos,/products/medicamentos/prod-30919-imipramina-25-mg-40-comprimidos-chile.jpg,http://farmacia-andes.abc/products/medicamentos/prod-30919-imipramina-25-mg-40-comprimidos-chile.jpg,archivo_local_por_sku
prod-49501,"Infor Forte Prokids 30 comprimidos (Calcio 200 mg, Vitamina D 2,5 mg, Zinc 10 mg)",Medicamentos,/products/importadas/prod-49501-infor-forte-prokids-30-comprimidos-calcio-200-mg-vitamina-d-2-5-mg-zinc-10-m-dr-simi.jpg,http://farmacia-andes.abc/products/importadas/prod-49501-infor-forte-prokids-30-comprimidos-calcio-200-mg-vitamina-d-2-5-mg-zinc-10-m-dr-simi.jpg,archivo_local_por_sku
prod-49880,Infusion Flores Pectorales,Homeopatía,/products/suero.svg,,placeholder_o_no_importable
prod-16793,Insulatard Hm 100 UI 10 ml (Insulina Isofanica Humana 100 UI/1 ml),Medicamentos,/products/medicamentos/prod-16793-insulatard-hm-100-ui-10-ml-insulina-isofanica-humana-100-ui-1-ml.jpg,http://farmacia-andes.abc/products/medicamentos/prod-16793-insulatard-hm-100-ui-10-ml-insulina-isofanica-humana-100-ui-1-ml.jpg,archivo_local_por_sku
prod-16984,Iphsaflex 5 mg 20 comprimidos Re (Ciclobenzaprina 5 mg),Medicamentos,/products/medicamentos/prod-16984-iphsaflex-5-mg-20-comprimidos-re-ciclobenzaprina-5-mg.jpg,http://farmacia-andes.abc/products/medicamentos/prod-16984-iphsaflex-5-mg-20-comprimidos-re-ciclobenzaprina-5-mg.jpg,archivo_local_por_sku
prod-37226,Irbevitae 150 mg 28 comprimidos recubiertos (bioequivalente) (Irbesartan 150 mg),Cuidado familiar,/products/importadas/prod-37226-irbevitae-150-mg-28-comprimidos-recubiertos-bioequivalente-irbesartan-150-mg-dr-simi.jpg,http://farmacia-andes.abc/products/importadas/prod-37226-irbevitae-150-mg-28-comprimidos-recubiertos-bioequivalente-irbesartan-150-mg-dr-simi.jpg,archivo_local_por_sku
prod-37227,Irbevitae 300 mg 28 comprimidos recubiertos (bioequivalente) (Irbesartan 300 mg),Cuidado familiar,/products/suero.svg,,placeholder_o_no_importable
prod-7781,Isosorbida Dinit 10 mg 60 comprimidos Mint (Isosorbide Dinitrato 10 mg),Medicamentos,/products/medicamentos/prod-7781-isosorbida-dinit-10-mg-60-comprimidos-mint-isosorbide-dinitrato-10-mg.jpg,http://farmacia-andes.abc/products/medicamentos/prod-7781-isosorbida-dinit-10-mg-60-comprimidos-mint-isosorbide-dinitrato-10-mg.jpg,archivo_local_por_sku
prod-49733,Isotretinoina 10 mg 30 cápsulas Chile,Medicamentos,/products/receta.svg,,placeholder_o_no_importable
prod-39845,Isquelium 4 mg 30 comprimidos (bioequivalente) Synthon (Acenocumarol 4 mg),Medicamentos,/products/medicamentos/prod-39845-isquelium-4-mg-30-comprimidos-bioequivalente-synthon-acenocumarol-4-mg.jpg,http://farmacia-andes.abc/products/medicamentos/prod-39845-isquelium-4-mg-30-comprimidos-bioequivalente-synthon-acenocumarol-4-mg.jpg,archivo_local_por_sku
prod-4104,"Ivarest crema 35 g (Calamina 14000 mg, Difenhidramina 2000 mg)",Medicamentos,/products/medicamentos/prod-4104-ivarest-crema-35-g-calamina-14000-mg-difenhidramina-2000-mg.jpg,http://farmacia-andes.abc/products/medicamentos/prod-4104-ivarest-crema-35-g-calamina-14000-mg-difenhidramina-2000-mg.jpg,archivo_local_por_sku
prod-49891,Jabon Barra 90 g Azufre,Higiene,/products/alcohol-gel.svg,,placeholder_o_no_importable
prod-49838,Jabon Glicerina Q-nat 90 g,Higiene,/products/alcohol-gel.svg,,placeholder_o_no_importable
prod-49642,Jardiance 10 mg (Empagliflozina 10 mg),Medicamentos,/products/medicamentos/prod-49642-jardiance-10-mg-empagliflozina-10-mg.jpg,http://farmacia-andes.abc/products/medicamentos/prod-49642-jardiance-10-mg-empagliflozina-10-mg.jpg,archivo_local_por_sku
prod-39042,Jeringa Des 50 ml sin Aguja,Medicamentos,/products/importadas/prod-39042-jeringa-des-50-ml-sin-aguja-dr-simi.webp,http://farmacia-andes.abc/products/importadas/prod-39042-jeringa-des-50-ml-sin-aguja-dr-simi.webp,archivo_local_por_sku
prod-49757,Jeringa Insulina 30 g 1/2 1 ml,Accesorios,/products/suero.svg,,placeholder_o_no_importable
prod-49531,Jeringa Luer Lock 3 ml 21GX 1 1/2 1 Un,Accesorios,/products/suero.svg,,placeholder_o_no_importable
prod-49477,Jeringa Luer Slip 10 ml 21GX 1 1/2,Accesorios,/products/suero.svg,,placeholder_o_no_importable
prod-49685,Jeringa Luer Slip 21GX 1 1/2 20 ml,Medicamentos,/products/receta.svg,,placeholder_o_no_importable
prod-49761,Jeringa sin Aguja 5 ml 21GX 1 1/2,Accesorios,/products/suero.svg,,placeholder_o_no_importable
prod-49682,Jeringa Tuberculina Aguja Hipoderm 1 ml 26GX 5/8,Dermocosmética,/products/crema.svg,,placeholder_o_no_importable
prod-44946,Johns Sh Baby 400 ml,Medicamentos,/products/receta.svg,,placeholder_o_no_importable
prod-39742,"Jolian 28 comprimidos recubiertos (bioequivalente) (Drospirenona 3 mg, Etinilestradiol 0,02 mg)",Medicamentos,/products/receta.svg,,placeholder_o_no_importable
prod-50055,"K-lam Flex x 60 Capuslas (Scl Vitalab) (Calcio 1/1, Magnesio 1/1, Potasio 1/1, Tiamina 1/1, Vitamina E 1/1, Zinc 1/1)",Cuidado familiar,/products/suero.svg,,placeholder_o_no_importable
prod-49634,Kaditur 40 mg 40 comprimidos (Otilonio Bromuro 40 mg),Medicamentos,/products/medicamentos/prod-49634-kaditur-40-mg-40-comprimidos-otilonio-bromuro-40-mg.jpg,http://farmacia-andes.abc/products/medicamentos/prod-49634-kaditur-40-mg-40-comprimidos-otilonio-bromuro-40-mg.jpg,archivo_local_por_sku
prod-41399,Kadus Agua Oxig crema 55 ml 20vol,Dermocosmética,/products/crema.svg,,placeholder_o_no_importable
prod-49260,Kadus Agua Oxig crema 55 ml 30vol,Dermocosmética,/products/crema.svg,,placeholder_o_no_importable
prod-49208,Kalitium comprimidos 300 mg 50 (Carbonato De Litio 300 mg),Medicamentos,/products/medicamentos/prod-49208-kalitium-comprimidos-300-mg-50-carbonato-de-litio-300-mg.jpg,http://farmacia-andes.abc/products/medicamentos/prod-49208-kalitium-comprimidos-300-mg-50-carbonato-de-litio-300-mg.jpg,archivo_local_por_sku
prod-49655,"Kalmafta Gel 20 g (Benzocaina 5 g, Cetilpiridinio 0,5 g)",Medicamentos,/products/medicamentos/prod-49655-kalmafta-gel-20-g-benzocaina-5-g-cetilpiridinio-0-5-g.jpg,http://farmacia-andes.abc/products/medicamentos/prod-49655-kalmafta-gel-20-g-benzocaina-5-g-cetilpiridinio-0-5-g.jpg,archivo_local_por_sku
prod-49678,"Kenatrum 37,5/325 (Paracetamol 325 mg, Tramadol 37,5 mg)",Medicamentos,/products/receta.svg,,placeholder_o_no_importable
prod-29243,Ketanor 30 mg 4 comprimidos S l (Ketorolaco 30 mg),Medicamentos,/products/medicamentos/prod-29243-ketanor-30-mg-4-comprimidos-s-l-ketorolaco-30-mg.jpg,http://farmacia-andes.abc/products/medicamentos/prod-29243-ketanor-30-mg-4-comprimidos-s-l-ketorolaco-30-mg.jpg,archivo_local_por_sku
prod-48611,Ketanor Amp 30 mg/1 ml 3 (Ketorolaco 30 mg/1 ml),Medicamentos,/products/medicamentos/prod-48611-ketanor-amp-30-mg-1-ml-3-ketorolaco-30-mg-1-ml.jpg,http://farmacia-andes.abc/products/medicamentos/prod-48611-ketanor-amp-30-mg-1-ml-3-ketorolaco-30-mg-1-ml.jpg,archivo_local_por_sku
prod-9655,Ketoconazol 200 mg 10 comprimidos,Medicamentos,/products/medicamentos/prod-9655-ketoconazol-200-mg-10-comprimidos.jpg,http://farmacia-andes.abc/products/medicamentos/prod-9655-ketoconazol-200-mg-10-comprimidos.jpg,archivo_local_por_sku
prod-31439,Ketoconazol crema 2% 20 g Chile,Medicamentos,/products/medicamentos/prod-31439-ketoconazol-crema-2-20-g-chile.jpg,http://farmacia-andes.abc/products/medicamentos/prod-31439-ketoconazol-crema-2-20-g-chile.jpg,archivo_local_por_sku
prod-31735,Ketoprofeno 50 mg 20 cápsulas (bioequivalente) Mintlab,Medicamentos,/products/medicamentos/prod-31735-ketoprofeno-50-mg-20-capsulas-bioequivalente-mintlab.jpg,http://farmacia-andes.abc/products/medicamentos/prod-31735-ketoprofeno-50-mg-20-capsulas-bioequivalente-mintlab.jpg,archivo_local_por_sku
prod-41094,"Ketoprofeno Gel 2,5% 60 g Ascend",Medicamentos,/products/receta.svg,,placeholder_o_no_importable
prod-30806,Ketoprofeno T U 200 mg 10 comprimidos Mintlab,Medicamentos,/products/medicamentos/prod-30806-ketoprofeno-t-u-200-mg-10-comprimidos-mintlab.jpg,http://farmacia-andes.abc/products/medicamentos/prod-30806-ketoprofeno-t-u-200-mg-10-comprimidos-mintlab.jpg,archivo_local_por_sku
prod-50103,Ketorolaco 10 mg x 10 comprimidos,Medicamentos,/products/medicamentos/prod-50103-ketorolaco-10-mg-x-10-comprimidos.jpg,http://farmacia-andes.abc/products/medicamentos/prod-50103-ketorolaco-10-mg-x-10-comprimidos.jpg,archivo_local_por_sku
prod-46105,Keval comprimidos 40 mg 2 (Eletriptan 40 mg),Medicamentos,/products/medicamentos/prod-46105-keval-comprimidos-40-mg-2-eletriptan-40-mg.jpg,http://farmacia-andes.abc/products/medicamentos/prod-46105-keval-comprimidos-40-mg-2-eletriptan-40-mg.jpg,archivo_local_por_sku
prod-1726,Kitadol 500 mg 24 comprimidos (bioequivalente) Paracetamol,Medicamentos,/products/medicamentos/kitadol-500mg-24comp.jpg,http://farmacia-andes.abc/products/medicamentos/kitadol-500mg-24comp.jpg,override_json
prod-1730,Kitadol gotas 100 mg/ml 15 ml (Paracetamol 100 mg/1 ml),Medicamentos,/products/medicamentos/kitadol-gotas-100mg-15ml.jpg,http://farmacia-andes.abc/products/medicamentos/kitadol-gotas-100mg-15ml.jpg,override_json
prod-14830,Kitadol Inf 160 mg 16 comprimidos Mas (Paracetamol 160 mg),Medicamentos,/products/receta.svg,,placeholder_o_no_importable
prod-1733,Kitadol jarabe Inf 60 ml (Paracetamol 120 mg/5 ml),Medicamentos,/products/receta.svg,,placeholder_o_no_importable
prod-29315,Knop Echinacea + Vitc 20 comprimidos Knop,Homeopatía,/products/suero.svg,,placeholder_o_no_importable
prod-3850,"Knop Fenokomp 39,90 comprimidos (Belladona 0,02 mg, Fenoftaleina 50 mg, Nux Vomica 0,02 mg)",Homeopatía,/products/suero.svg,,placeholder_o_no_importable
prod-46294,Knop Fucus Espec comprimidos 50,Medicamentos,/products/receta.svg,,placeholder_o_no_importable
prod-17176,Knop Hamamelis ungüento 35 g,Homeopatía,/products/suero.svg,,placeholder_o_no_importable
prod-5311,"Knop Matikomp ungüento 35 g (Arnica 2,89%, Calendula 2,89%, Matico 2,89%)",Homeopatía,/products/suero.svg,,placeholder_o_no_importable
prod-3894,"Knop Matikomp ungüento 25 g (Arnica 2,89 g, Calendula 2,89 g, Matico 2,89 g)",Homeopatía,/products/suero.svg,,placeholder_o_no_importable
prod-3865,Knop Palto Miel Ad 200 ml,Homeopatía,/products/importadas/prod-3865-knop-palto-miel-ad-200-ml-dr-simi.jpg,http://farmacia-andes.abc/products/importadas/prod-3865-knop-palto-miel-ad-200-ml-dr-simi.jpg,archivo_local_por_sku
prod-3866,Knop Palto Miel Inf 125 ml,Homeopatía,/products/importadas/prod-3866-knop-palto-miel-inf-125-ml-dr-simi.jpg,http://farmacia-andes.abc/products/importadas/prod-3866-knop-palto-miel-inf-125-ml-dr-simi.jpg,archivo_local_por_sku
prod-50048,L-arginine x 60 Cápsulas (Scl) (L-arginina 1000 mg),Medicamentos,/products/receta.svg,,placeholder_o_no_importable
prod-49702,L-triptofano + mg + Zinc + Vitb 6 60 Gom,Homeopatía,/products/suero.svg,,placeholder_o_no_importable
prod-39140,Lactafem 75 mcg 28 comprimidos (Desogestrel 75 mcg),Medicamentos,/products/medicamentos/prod-39140-lactafem-75-mcg-28-comprimidos-desogestrel-75-mcg.jpg,http://farmacia-andes.abc/products/medicamentos/prod-39140-lactafem-75-mcg-28-comprimidos-desogestrel-75-mcg.jpg,archivo_local_por_sku
prod-49240,Lactobasan (Lactasa) 9000 Fcc Vta Fco x 60 comprimidos,Medicamentos,/products/medicamentos/prod-49240-lactobasan-lactasa-9000-fcc-vta-fco-x-60-comprimidos.jpg,http://farmacia-andes.abc/products/medicamentos/prod-49240-lactobasan-lactasa-9000-fcc-vta-fco-x-60-comprimidos.jpg,archivo_local_por_sku
prod-49525,Lactovit Urea Mousse crema 400 ml,Dermocosmética,/products/crema.svg,,placeholder_o_no_importable
prod-31361,"Lactulosa 0,65% 200 ml Mintlab",Medicamentos,/products/medicamentos/lactulosa-mintlab-65-200ml.webp,http://farmacia-andes.abc/products/medicamentos/lactulosa-mintlab-65-200ml.webp,override_json
prod-49247,"Lactulosa solución oral, Rectal 66,7 %",Medicamentos,/products/medicamentos/lactulosa-chile-667-200ml.webp,http://farmacia-andes.abc/products/medicamentos/lactulosa-chile-667-200ml.webp,override_json
prod-5007,Lady Speed Stick Inv O Blossom 45 g,Dermocosmética,/products/crema.svg,,placeholder_o_no_importable
prod-34747,Lady Speed Stk Barra Power Fresh 45 g,Dermocosmética,/products/crema.svg,,placeholder_o_no_importable
prod-50112,Ladysoft Nocturna 7 Toall,Dermocosmética,/products/crema.svg,,placeholder_o_no_importable
prod-6374,Ladysoft U/F con A x 8 T/Ultraseca,Medicamentos,/products/medicamentos/prod-6374-ladysoft-u-f-con-a-x-8-t-ultraseca.jpg,http://farmacia-andes.abc/products/medicamentos/prod-6374-ladysoft-u-f-con-a-x-8-t-ultraseca.jpg,archivo_local_por_sku
prod-49598,"Lagrifull (Hialuronato De Sodio 0,4%)",Medicamentos,/products/medicamentos/prod-49598-lagrifull-hialuronato-de-sodio-0-4.jpg,http://farmacia-andes.abc/products/medicamentos/prod-49598-lagrifull-hialuronato-de-sodio-0-4.jpg,archivo_local_por_sku
prod-49195,"Lagrimas Arti solución oftálmica 0,3 % x 15 ml Et ( Dm ) (Hipromelosa 3 mg)",Medicamentos,/products/receta.svg,,placeholder_o_no_importable
prod-40691,Lalergic 5 mg/ml 20 ml (bioequivalente) (Levocetirizina 5 mg),Medicamentos,/products/medicamentos/prod-40691-lalergic-5-mg-ml-20-ml-bioequivalente-levocetirizina-5-mg.jpg,http://farmacia-andes.abc/products/medicamentos/prod-40691-lalergic-5-mg-ml-20-ml-bioequivalente-levocetirizina-5-mg.jpg,archivo_local_por_sku
prod-35455,Lamotrigina 100 mg 30 comprimidos Dis Chile,Medicamentos,/products/medicamentos/prod-35455-lamotrigina-100-mg-30-comprimidos-dis-chile.jpg,http://farmacia-andes.abc/products/medicamentos/prod-35455-lamotrigina-100-mg-30-comprimidos-dis-chile.jpg,archivo_local_por_sku
prod-35453,Lamotrigina 25 mg 30 comprimidos Dis Chile,Medicamentos,/products/medicamentos/prod-35453-lamotrigina-25-mg-30-comprimidos-dis-chile.jpg,http://farmacia-andes.abc/products/medicamentos/prod-35453-lamotrigina-25-mg-30-comprimidos-dis-chile.jpg,archivo_local_por_sku
prod-49409,Lancetas Esteriles 28 g 50 Un,Medicamentos,/products/receta.svg,,placeholder_o_no_importable
prod-50165,Lancetas Esteriles 30 Gi 50 Un,Medicamentos,/products/importadas/prod-50165-lancetas-esteriles-30-gi-50-un-dr-simi.jpg,http://farmacia-andes.abc/products/importadas/prod-50165-lancetas-esteriles-30-gi-50-un-dr-simi.jpg,archivo_local_por_sku
prod-38884,Lansoprazol 30 mg 30 cápsulas Chile,Medicamentos,/products/medicamentos/prod-38884-lansoprazol-30-mg-30-capsulas-chile.jpg,http://farmacia-andes.abc/products/medicamentos/prod-38884-lansoprazol-30-mg-30-capsulas-chile.jpg,archivo_local_por_sku
prod-28558,"Latanoprost solución oftálmica 50 mcg/ml 2,5 ml Opko",Medicamentos,/products/receta.svg,,placeholder_o_no_importable
prod-2902,"Lavasept Jabon 90 g (Triclosan 0,3%)",Higiene,/products/alcohol-gel.svg,,placeholder_o_no_importable
prod-49499,Lax 3350 Andromaco 7 Sob (Macrogol 3350 1/1),Medicamentos,/products/importadas/prod-49499-lax-3350-andromaco-7-sob-macrogol-3350-1-1-dr-simi.jpg,http://farmacia-andes.abc/products/importadas/prod-49499-lax-3350-andromaco-7-sob-macrogol-3350-1-1-dr-simi.jpg,archivo_local_por_sku
prod-23176,Le Sancy Ácido Alm 150 g,Dermocosmética,/products/crema.svg,,placeholder_o_no_importable
prod-23992,Leblon Antiox FPS 50 + 190 g,Protección solar,/products/solar-kids.svg,,placeholder_o_no_importable
prod-40931,Leblon Baby&kids FPS 50 + 190 ml,Protección solar,/products/solar-kids.svg,,placeholder_o_no_importable
prod-580,Lechuga crema 60 ml,Dermocosmética,/products/crema.svg,,placeholder_o_no_importable
prod-40402,Lechuga crema Soft 110 ml + 55 ml,Dermocosmética,/products/crema.svg,,placeholder_o_no_importable
prod-11489,"Lefkaflam Emulsion 50 g (Arnica 15 g, Esencia Romero 2 g, Eucalipto 1 g, Mentol 1,5 g, Trietanolamina 100 g)",Homeopatía,/products/importadas/prod-11489-lefkaflam-emulsion-50-g-arnica-15-g-esencia-romero-2-g-eucalipto-1-g-mentol--dr-simi.png,http://farmacia-andes.abc/products/importadas/prod-11489-lefkaflam-emulsion-50-g-arnica-15-g-esencia-romero-2-g-eucalipto-1-g-mentol--dr-simi.png,archivo_local_por_sku
prod-46299,Lefkur cápsulas 1000 mg 30,Medicamentos,/products/receta.svg,,placeholder_o_no_importable
prod-49727,Leritac 1000 mg 30 comprimidos (Levetiracetam 1000 mg),Medicamentos,/products/importadas/prod-49727-leritac-1000-mg-30-comprimidos-levetiracetam-1000-mg-dr-simi.jpg,http://farmacia-andes.abc/products/importadas/prod-49727-leritac-1000-mg-30-comprimidos-levetiracetam-1000-mg-dr-simi.jpg,archivo_local_por_sku
prod-49724,Leritac 500 mg 30 comprimidos Opko (Levetiracetam 500 mg),Medicamentos,/products/importadas/prod-49724-leritac-500-mg-30-comprimidos-opko-levetiracetam-500-mg-dr-simi.jpg,http://farmacia-andes.abc/products/importadas/prod-49724-leritac-500-mg-30-comprimidos-opko-levetiracetam-500-mg-dr-simi.jpg,archivo_local_por_sku
prod-33455,"Leukoplast 2,5cmx 5M",Dermocosmética,/products/crema.svg,,placeholder_o_no_importable
prod-32303,Levocetirizina 5 mg 30 comprimidos,Medicamentos,/products/medicamentos/levocetirizina-seven-5mg-30comp.jpg,http://farmacia-andes.abc/products/medicamentos/levocetirizina-seven-5mg-30comp.jpg,override_json
prod-40283,Levofloxacino 500 mg 7 comprimidos recubiertos (Bioequivalente)pasteur,Medicamentos,/products/importadas/prod-40283-levofloxacino-500-mg-7-comprimidos-recubiertos-bioequivalente-pasteur-dr-simi.jpg,http://farmacia-andes.abc/products/importadas/prod-40283-levofloxacino-500-mg-7-comprimidos-recubiertos-bioequivalente-pasteur-dr-simi.jpg,archivo_local_por_sku
prod-49173,Levofloxacino comprimidos 500 mg x 7 Ascend,Medicamentos,/products/importadas/prod-49173-levofloxacino-comprimidos-500-mg-x-7-ascend-dr-simi.jpg,http://farmacia-andes.abc/products/importadas/prod-49173-levofloxacino-comprimidos-500-mg-x-7-ascend-dr-simi.jpg,archivo_local_por_sku
prod-38235,Levogastrol 25 mg 30 comprimidos (Levosulpirida 25 mg),Medicamentos,/products/medicamentos/prod-38235-levogastrol-25-mg-30-comprimidos-levosulpirida-25-mg.jpg,http://farmacia-andes.abc/products/medicamentos/prod-38235-levogastrol-25-mg-30-comprimidos-levosulpirida-25-mg.jpg,archivo_local_por_sku
prod-10444,Levonorgestrel + Etinil 28 comprimidos Mintlab,Medicamentos,/products/receta.svg,,placeholder_o_no_importable
prod-16100,Levorigotax 5 mg 30 comprimidos Re Levocetirizina,Medicamentos,/products/medicamentos/prod-16100-levorigotax-5-mg-30-comprimidos-re-levocetirizina.jpg,http://farmacia-andes.abc/products/medicamentos/prod-16100-levorigotax-5-mg-30-comprimidos-re-levocetirizina.jpg,archivo_local_por_sku
prod-32060,Levorigotax Forte 5 mg/5 ml 120 ml (Levocetirizina 5 mg/5 ml),Medicamentos,/products/medicamentos/prod-32060-levorigotax-forte-5-mg-5-ml-120-ml-levocetirizina-5-mg-5-ml.jpg,http://farmacia-andes.abc/products/medicamentos/prod-32060-levorigotax-forte-5-mg-5-ml-120-ml-levocetirizina-5-mg-5-ml.jpg,archivo_local_por_sku
prod-17639,Levorigotax gotas 5 mg/ml 20 ml (Levocetirizina 5 mg/1 ml),Medicamentos,/products/importadas/prod-17639-levorigotax-gotas-5-mg-ml-20-ml-levocetirizina-5-mg-1-ml-dr-simi.jpg,http://farmacia-andes.abc/products/importadas/prod-17639-levorigotax-gotas-5-mg-ml-20-ml-levocetirizina-5-mg-1-ml-dr-simi.jpg,archivo_local_por_sku
prod-38887,Levotiroxina 75 mcg 56 comprimidos Chile,Medicamentos,/products/importadas/prod-38887-levotiroxina-75-mcg-56-comprimidos-chile-dr-simi.jpg,http://farmacia-andes.abc/products/importadas/prod-38887-levotiroxina-75-mcg-56-comprimidos-chile-dr-simi.jpg,archivo_local_por_sku
prod-49176,Levotiroxina Sodica 100 Mc x 100 comprimidos Alembic ( bioequivalente ),Medicamentos,/products/receta.svg,,placeholder_o_no_importable
prod-49177,Levotiroxina Sodica 50 mcg,Medicamentos,/products/importadas/prod-49177-levotiroxina-sodica-50-mcg-dr-simi.jpg,http://farmacia-andes.abc/products/importadas/prod-49177-levotiroxina-sodica-50-mcg-dr-simi.jpg,archivo_local_por_sku
prod-49820,Liberat Orlist 120 mg 30 cápsulas (Orlistat 120 mg),Medicamentos,/products/medicamentos/prod-49820-liberat-orlist-120-mg-30-capsulas-orlistat-120-mg.jpg,http://farmacia-andes.abc/products/medicamentos/prod-49820-liberat-orlist-120-mg-30-capsulas-orlistat-120-mg.jpg,archivo_local_por_sku
prod-49819,Liberat Orlistat 120 mg 90 cápsulas,Medicamentos,/products/medicamentos/prod-49819-liberat-orlistat-120-mg-90-capsulas.jpg,http://farmacia-andes.abc/products/medicamentos/prod-49819-liberat-orlistat-120-mg-90-capsulas.jpg,archivo_local_por_sku
prod-39000,"Libraxin 30 comprimidos (Bromuro Clidinio 2,5 mg, Clordiazepoxido 5 mg)",Medicamentos,/products/medicamentos/prod-39000-libraxin-30-comprimidos-bromuro-clidinio-2-5-mg-clordiazepoxido-5-mg.jpg,http://farmacia-andes.abc/products/medicamentos/prod-39000-libraxin-30-comprimidos-bromuro-clidinio-2-5-mg-clordiazepoxido-5-mg.jpg,archivo_local_por_sku
prod-33203,Lifestyle Skin Premium 6,Medicamentos,/products/receta.svg,,placeholder_o_no_importable
prod-33152,Lifestyle Skyn Largo 3,Medicamentos,/products/medicamentos/prod-33152-lifestyle-skyn-largo-3.jpg,http://farmacia-andes.abc/products/medicamentos/prod-33152-lifestyle-skyn-largo-3.jpg,archivo_local_por_sku
prod-49579,Lifestyles Climax Control 12 Un,Medicamentos,/products/receta.svg,,placeholder_o_no_importable
prod-49620,Lifestyles Flavours 12U,Medicamentos,/products/receta.svg,,placeholder_o_no_importable
prod-10707,Lifestyles Large con Esp 3 Un,Medicamentos,/products/medicamentos/prod-10707-lifestyles-large-con-esp-3-un.jpg,http://farmacia-andes.abc/products/medicamentos/prod-10707-lifestyles-large-con-esp-3-un.jpg,archivo_local_por_sku
prod-24293,Lifestyles Large 12 Un (Nonoxinol 25 mg),Medicamentos,/products/receta.svg,,placeholder_o_no_importable
prod-10705,Lifestyles Nuda 12 Un,Medicamentos,/products/importadas/prod-10705-lifestyles-nuda-12-un-dr-simi.jpg,http://farmacia-andes.abc/products/importadas/prod-10705-lifestyles-nuda-12-un-dr-simi.jpg,archivo_local_por_sku
prod-47370,"Lifestyles Orgazmax 3 (Benzocaina 4,5%)",Medicamentos,/products/medicamentos/prod-47370-lifestyles-orgazmax-3-benzocaina-4-5.jpg,http://farmacia-andes.abc/products/medicamentos/prod-47370-lifestyles-orgazmax-3-benzocaina-4-5.jpg,archivo_local_por_sku
prod-6162,Lifestyles Sabor 3 Un,Medicamentos,/products/medicamentos/prod-6162-lifestyles-sabor-3-un.jpg,http://farmacia-andes.abc/products/medicamentos/prod-6162-lifestyles-sabor-3-un.jpg,archivo_local_por_sku
prod-9475,Lifestyles Studded Ruogh Rider 3 Un,Medicamentos,/products/medicamentos/prod-9475-lifestyles-studded-ruogh-rider-3-un.jpg,http://farmacia-andes.abc/products/medicamentos/prod-9475-lifestyles-studded-ruogh-rider-3-un.jpg,archivo_local_por_sku
prod-9476,Lifestyles Ultra Sensible Nuda 3 Un,Medicamentos,/products/medicamentos/prod-9476-lifestyles-ultra-sensible-nuda-3-un.jpg,http://farmacia-andes.abc/products/medicamentos/prod-9476-lifestyles-ultra-sensible-nuda-3-un.jpg,archivo_local_por_sku
prod-49781,Lima Animal Print x 2 Un,Dermocosmética,/products/crema.svg,,placeholder_o_no_importable
prod-49780,Lima Profesional Color Beauty 1 Un,Dermocosmética,/products/crema.svg,,placeholder_o_no_importable
prod-49475,"Linovera 30 ml (Aloe Vera 1/1, Centella Asiatica 1/1)",Dermocosmética,/products/crema.svg,,placeholder_o_no_importable
prod-50085,"Lip Vaseline 4,8 g Aloe Vera (Balsamo Labial) (Vaselina 4,8 g)",Dermocosmética,/products/crema.svg,,placeholder_o_no_importable
prod-50086,"Lip Vaseline Original (Balsamo Labial) (Vaselina 4,8 g)",Dermocosmética,/products/crema.svg,,placeholder_o_no_importable
prod-29403,Listerine C Sarro 180 ml,Dermocosmética,/products/crema.svg,,placeholder_o_no_importable
prod-5725,Listerine Cool Mint 180 ml,Dermocosmética,/products/crema.svg,,placeholder_o_no_importable
prod-38775,Listerine Enj Anticaries 0ALC 250 ml,Dermocosmética,/products/crema.svg,,placeholder_o_no_importable
prod-45691,Lodux comprimidos 100 mg 30 (Clozapina 100 mg),Medicamentos,/products/medicamentos/prod-45691-lodux-comprimidos-100-mg-30-clozapina-100-mg.jpg,http://farmacia-andes.abc/products/medicamentos/prod-45691-lodux-comprimidos-100-mg-30-clozapina-100-mg.jpg,archivo_local_por_sku
prod-30920,Loperamida 6 comprimidos Chile,Medicamentos,/products/medicamentos/prod-30920-loperamida-6-comprimidos-chile.jpg,http://farmacia-andes.abc/products/medicamentos/prod-30920-loperamida-6-comprimidos-chile.jpg,archivo_local_por_sku
prod-9661,Loperamida 6 comprimidos Mintlab,Medicamentos,/products/importadas/prod-9661-loperamida-6-comprimidos-mintlab-dr-simi.jpg,http://farmacia-andes.abc/products/importadas/prod-9661-loperamida-6-comprimidos-mintlab-dr-simi.jpg,archivo_local_por_sku
prod-30921,Loratadina 10 mg 30 comprimidos Chile,Medicamentos,/products/medicamentos/prod-30921-loratadina-10-mg-30-comprimidos-chile.jpg,http://farmacia-andes.abc/products/medicamentos/prod-30921-loratadina-10-mg-30-comprimidos-chile.jpg,archivo_local_por_sku
prod-29881,Loratadina 5 mg/5 ml jarabe 90 ml,Medicamentos,/products/importadas/prod-29881-loratadina-5-mg-5-ml-jarabe-90-ml-dr-simi.jpg,http://farmacia-andes.abc/products/importadas/prod-29881-loratadina-5-mg-5-ml-jarabe-90-ml-dr-simi.jpg,archivo_local_por_sku
prod-14412,Lorazepam 2 mg 30 comprimidos,Medicamentos,/products/medicamentos/prod-14412-lorazepam-2-mg-30-comprimidos.jpg,http://farmacia-andes.abc/products/medicamentos/prod-14412-lorazepam-2-mg-30-comprimidos.jpg,archivo_local_por_sku
prod-49509,Losartan 100 mg 20 comprimidos (Hetero),Medicamentos,/products/receta.svg,,placeholder_o_no_importable
prod-49604,"Losartan Pot/Hidroclotiazida 50/12,5 30 comprimidos bioequivalente",Medicamentos,/products/receta.svg,,placeholder_o_no_importable
prod-30922,Losartan Pot 50 mg 30 comprimidos recubiertos (bioequivalente) Lchile,Medicamentos,/products/medicamentos/losartan-lchile-50mg-30comp.jpg,http://farmacia-andes.abc/products/medicamentos/losartan-lchile-50mg-30comp.jpg,override_json
prod-49363,Lotadin 5 mg 30 comprimidos Opko (Desloratadina 5 mg),Medicamentos,/products/receta.svg,,placeholder_o_no_importable
prod-50070,Lowfast x 60 cápsulas (Scl Cnp) (Vinagre De Manzana 1/1),Medicamentos,/products/receta.svg,,placeholder_o_no_importable
prod-49815,Lubriderm crema 946 ml Extra Humectante,Dermocosmética,/products/crema.svg,,placeholder_o_no_importable
prod-49804,Lubriderm Humec Diaria 750 ml,Dermocosmética,/products/crema.svg,,placeholder_o_no_importable
prod-49256,Lux Jab Barra Flaw Less Glow 100 g,Dermocosmética,/products/crema.svg,,placeholder_o_no_importable
prod-49255,Lux Jab Barra Radiant Glow 100 g,Dermocosmética,/products/crema.svg,,placeholder_o_no_importable
prod-49529,"Maamvit Sup Alimentario 30 cápsulas (Ácido Folico 0,5 mg, Colecalciferol 0,02 mg, Dha 27,56 mg, Hierro 25 mg, Yodo 0,15 mg)",Cuidado familiar,/products/suero.svg,,placeholder_o_no_importable
prod-7266,Macrosan 100 mg 15 cápsulas (bioequivalente) (Nitrofurantoina 100 mg),Medicamentos,/products/medicamentos/prod-7266-macrosan-100-mg-15-capsulas-bioequivalente-nitrofurantoina-100-mg.jpg,http://farmacia-andes.abc/products/medicamentos/prod-7266-macrosan-100-mg-15-capsulas-bioequivalente-nitrofurantoina-100-mg.jpg,archivo_local_por_sku
prod-13873,Macrosan 100 mg 30 cápsulas (bioequivalente) (Nitrofurantoina 100 mg),Medicamentos,/products/medicamentos/prod-13873-macrosan-100-mg-30-capsulas-bioequivalente-nitrofurantoina-100-mg.jpg,http://farmacia-andes.abc/products/medicamentos/prod-13873-macrosan-100-mg-30-capsulas-bioequivalente-nitrofurantoina-100-mg.jpg,archivo_local_por_sku
prod-7268,Macrosan 50 mg 20 cápsulas (bioequivalente) (Nitrofurantoina 50 mg),Medicamentos,/products/importadas/prod-7268-macrosan-50-mg-20-capsulas-bioequivalente-nitrofurantoina-50-mg-dr-simi.jpg,http://farmacia-andes.abc/products/importadas/prod-7268-macrosan-50-mg-20-capsulas-bioequivalente-nitrofurantoina-50-mg-dr-simi.jpg,archivo_local_por_sku
prod-49699,Magnesio + Complejo B 20tab,Cuidado familiar,/products/showcase/magnesio-vitaday-400mg.jpg,http://farmacia-andes.abc/products/showcase/magnesio-vitaday-400mg.jpg,override_comun
prod-49698,Magnesio + Zinc 20 Tab Efer,Cuidado familiar,/products/showcase/magnesio-vitaday-400mg.jpg,http://farmacia-andes.abc/products/showcase/magnesio-vitaday-400mg.jpg,override_comun
prod-50075,Magnesio 400 mg x 60 cápsulas (Scl Cnp),Cuidado familiar,/products/showcase/magnesio-citrato-400mg.jpg,http://farmacia-andes.abc/products/showcase/magnesio-citrato-400mg.jpg,override_comun
prod-49585,Magnesio Quelado 60 cápsulas,Cuidado familiar,/products/suero.svg,,placeholder_o_no_importable
prod-390,"Maltofer 30 comprimidos Mast (Hierro, Hierro Maltosado)",Medicamentos,/products/medicamentos/prod-390-maltofer-30-comprimidos-mast-hierro-hierro-maltosado.jpg,http://farmacia-andes.abc/products/medicamentos/prod-390-maltofer-30-comprimidos-mast-hierro-hierro-maltosado.jpg,archivo_local_por_sku
prod-50069,Maqui 500 mg x 60 cápsulas (Scl Cnp) (Maqui 500 mg),Medicamentos,/products/receta.svg,,placeholder_o_no_importable
prod-15616,Mareamin 100 mg 20 comprimidos (Dimenhidrinato 100 mg),Medicamentos,/products/medicamentos/prod-15616-mareamin-100-mg-20-comprimidos-dimenhidrinato-100-mg.jpg,http://farmacia-andes.abc/products/medicamentos/prod-15616-mareamin-100-mg-20-comprimidos-dimenhidrinato-100-mg.jpg,archivo_local_por_sku
prod-11161,Mascarilla 3 Dpliegues Blanca Cja 50uds,Medicamentos,/products/receta.svg,,placeholder_o_no_importable
prod-49989,Masticable Kegol Frutilla Unidad,Cuidado familiar,/products/suero.svg,,placeholder_o_no_importable
prod-49990,Masticable Kegol Uva Unidad,Cuidado familiar,/products/suero.svg,,placeholder_o_no_importable
prod-41895,Maybe Del Ojo M Ink Wp 00,Medicamentos,/products/medicamentos/prod-41895-maybe-del-ojo-m-ink-wp-00.jpg,http://farmacia-andes.abc/products/medicamentos/prod-41895-maybe-del-ojo-m-ink-wp-00.jpg,archivo_local_por_sku
prod-31055,Mebendazol 100 mg 6 comprimidos Mintl,Medicamentos,/products/importadas/prod-31055-mebendazol-100-mg-6-comprimidos-mintl-dr-simi.jpg,http://farmacia-andes.abc/products/importadas/prod-31055-mebendazol-100-mg-6-comprimidos-mintl-dr-simi.jpg,archivo_local_por_sku
prod-46216,Mebendazol Sus 100 mg 35M*,Medicamentos,/products/importadas/prod-46216-mebendazol-sus-100-mg-35m-dr-simi.jpg,http://farmacia-andes.abc/products/importadas/prod-46216-mebendazol-sus-100-mg-35m-dr-simi.jpg,archivo_local_por_sku
prod-49917,"Medazol Gel Topico (Metronidazol 0,75%)",Medicamentos,/products/medicamentos/prod-49917-medazol-gel-topico-metronidazol-0-75.jpg,http://farmacia-andes.abc/products/medicamentos/prod-49917-medazol-gel-topico-metronidazol-0-75.jpg,archivo_local_por_sku
prod-40392,Medicasp Sh 1%130 ml (Ketoconazol 1%),Medicamentos,/products/receta.svg,,placeholder_o_no_importable
prod-49360,Melatonina 3 mg 30 comprimidos Momenta,Medicamentos,/products/receta.svg,,placeholder_o_no_importable
prod-50154,Melena De Leon 30 cápsulas,Medicamentos,/products/medicamentos/prod-50154-melena-de-leon-30-capsulas.jpg,http://farmacia-andes.abc/products/medicamentos/prod-50154-melena-de-leon-30-capsulas.jpg,archivo_local_por_sku
prod-13579,"Melipass 24 cápsulas (Melisa 127,5 mg, Pasiflora 127,5 mg)",Homeopatía,/products/suero.svg,,placeholder_o_no_importable
prod-13580,"Melipass 60 cápsulas (Melisa 127,5 mg, Pasiflora 127,5 mg)",Homeopatía,/products/importadas/prod-13580-melipass-60-capsulas-melisa-127-5-mg-pasiflora-127-5-mg-dr-simi.jpg,http://farmacia-andes.abc/products/importadas/prod-13580-melipass-60-capsulas-melisa-127-5-mg-pasiflora-127-5-mg-dr-simi.jpg,archivo_local_por_sku
prod-50073,Melissa Te x 20 Bolsitas (Scl Cnp) (Melisa 2 g),Medicamentos,/products/receta.svg,,placeholder_o_no_importable
prod-32871,Meloxicam 15 mg 10 comprimidos Pasteur,Medicamentos,/products/receta.svg,,placeholder_o_no_importable
prod-39692,"Meloxicam 7,5 mg 15 comprimidos (bioequivalente) Mintlab",Medicamentos,/products/medicamentos/prod-39692-meloxicam-7-5-mg-15-comprimidos-bioequivalente-mintlab.jpg,http://farmacia-andes.abc/products/medicamentos/prod-39692-meloxicam-7-5-mg-15-comprimidos-bioequivalente-mintlab.jpg,archivo_local_por_sku
prod-49719,Memantina Clorhidrato 20 mg 30 comprimidos Pharmatech,Medicamentos,/products/receta.svg,,placeholder_o_no_importable
prod-39490,Memanvitae 10 mg 56 comprimidos Recubiertos(bioequivalente) (Memantina 10 mg),Cuidado familiar,/products/suero.svg,,placeholder_o_no_importable
prod-40233,Memikare 10 mg 30 comprimidos (bioequivalente) (Memantina 10 mg),Medicamentos,/products/medicamentos/prod-40233-memikare-10-mg-30-comprimidos-bioequivalente-memantina-10-mg.jpg,http://farmacia-andes.abc/products/medicamentos/prod-40233-memikare-10-mg-30-comprimidos-bioequivalente-memantina-10-mg.jpg,archivo_local_por_sku
prod-5074,Mentholatum Inh Nasal,Medicamentos,/products/medicamentos/prod-5074-mentholatum-inh-nasal.jpg,http://farmacia-andes.abc/products/medicamentos/prod-5074-mentholatum-inh-nasal.jpg,archivo_local_por_sku
prod-5076,"Mentholatum Lata 12 g (Alcanfor 9 g, Mentol 1,35 g)",Medicamentos,/products/receta.svg,,placeholder_o_no_importable
prod-5075,"Mentholatum Lata 36 g (Alcanfor 9 g, Mentol 1,35 g)",Medicamentos,/products/receta.svg,,placeholder_o_no_importable
prod-32037,Mentholatum Pote 30 g,Medicamentos,/products/receta.svg,,placeholder_o_no_importable
prod-6166,Merpal gotas 15 mg/20 ml (Diclofenaco Potasico 15 mg/1 ml),Medicamentos,/products/importadas/prod-6166-merpal-gotas-15-mg-20-ml-diclofenaco-potasico-15-mg-1-ml-dr-simi.jpg,http://farmacia-andes.abc/products/importadas/prod-6166-merpal-gotas-15-mg-20-ml-diclofenaco-potasico-15-mg-1-ml-dr-simi.jpg,archivo_local_por_sku
prod-22460,"Merpal Sp 1,16% 110 ml (Diclofenaco Dietilamina 1,16%)",Medicamentos,/products/receta.svg,,placeholder_o_no_importable
prod-9618,Metamizol 250 mg 5 Sup,Medicamentos,/products/importadas/prod-9618-metamizol-250-mg-5-sup-dr-simi.jpg,http://farmacia-andes.abc/products/importadas/prod-9618-metamizol-250-mg-5-sup-dr-simi.jpg,archivo_local_por_sku
prod-39356,Metamizol Sod 300 mg 20 comprimidos (Bioequivalente)mintlab,Medicamentos,/products/receta.svg,,placeholder_o_no_importable
prod-36250,Metformina 850 mg 30 comprimidos (bioequivalente) Andromaco,Medicamentos,/products/medicamentos/metformina-andromaco-850mg-30comp.jpg,http://farmacia-andes.abc/products/medicamentos/metformina-andromaco-850mg-30comp.jpg,override_json
prod-30751,Metformina 850 mg 30 comprimidos (Bioequivalente)opko,Medicamentos,/products/medicamentos/metformina-opko-850mg-30comp.webp,http://farmacia-andes.abc/products/medicamentos/metformina-opko-850mg-30comp.webp,override_json
prod-39314,Metformina 850 mg 60 comprimidos (bioequivalente) l Chile,Medicamentos,/products/medicamentos/metformina-lchile-850mg-60comp.jpg,http://farmacia-andes.abc/products/medicamentos/metformina-lchile-850mg-60comp.jpg,override_json
prod-49647,Metformina Clorhidrato 850 mg 60 comprimidos,Medicamentos,/products/importadas/prod-49647-metformina-clorhidrato-850-mg-60-comprimidos-dr-simi.png,http://farmacia-andes.abc/products/importadas/prod-49647-metformina-clorhidrato-850-mg-60-comprimidos-dr-simi.png,archivo_local_por_sku
prod-39829,Metformina LP 500 mg 30 Comprimidos(bioequivalente)ascend,Medicamentos,/products/importadas/prod-39829-metformina-lp-500-mg-30-comprimidos-bioequivalente-ascend-dr-simi.jpg,http://farmacia-andes.abc/products/importadas/prod-39829-metformina-lp-500-mg-30-comprimidos-bioequivalente-ascend-dr-simi.jpg,archivo_local_por_sku
prod-9672,Metildopa 250 mg 20 comprimidos Lchile,Medicamentos,/products/medicamentos/prod-9672-metildopa-250-mg-20-comprimidos-lchile.jpg,http://farmacia-andes.abc/products/medicamentos/prod-9672-metildopa-250-mg-20-comprimidos-lchile.jpg,archivo_local_por_sku
prod-49835,Metoclopramida 10 mg 24 comprimidos,Medicamentos,/products/medicamentos/prod-49835-metoclopramida-10-mg-24-comprimidos.jpg,http://farmacia-andes.abc/products/medicamentos/prod-49835-metoclopramida-10-mg-24-comprimidos.jpg,archivo_local_por_sku
prod-33359,"Metotrexato 2,5 mg 100 comprimidos bioequivalente Mintlab",Medicamentos,/products/receta.svg,,placeholder_o_no_importable
prod-10516,Metronidazol 500 mg 10 Ovu Lchile,Medicamentos,/products/receta.svg,,placeholder_o_no_importable
prod-1264,Microser 8 mg 30 comprimidos (Betahistina 8 mg),Medicamentos,/products/medicamentos/prod-1264-microser-8-mg-30-comprimidos-betahistina-8-mg.jpg,http://farmacia-andes.abc/products/medicamentos/prod-1264-microser-8-mg-30-comprimidos-betahistina-8-mg.jpg,archivo_local_por_sku
prod-49439,Millefiori Bandas Depilat Facial,Dermocosmética,/products/crema.svg,,placeholder_o_no_importable
prod-47463,Millefiori crema Dep P/Sen 20 g Facial,Dermocosmética,/products/crema.svg,,placeholder_o_no_importable
prod-49455,Mini Wild Protein 30 g,Cuidado familiar,/products/showcase/wild-protein-chocolate-bitter-45g.jpg,http://farmacia-andes.abc/products/showcase/wild-protein-chocolate-bitter-45g.jpg,override_comun
prod-26344,"Mintalub crema Pomo 35 g (Mentol 5,91 g, Salicilato De Metilo 12,8 g)",Dermocosmética,/products/crema.svg,,placeholder_o_no_importable
prod-8717,Mintamox Adulto 30 mg 100 ml (Ambroxol 30 mg/5 ml),Medicamentos,/products/medicamentos/prod-8717-mintamox-adulto-30-mg-100-ml-ambroxol-30-mg-5-ml.jpg,http://farmacia-andes.abc/products/medicamentos/prod-8717-mintamox-adulto-30-mg-100-ml-ambroxol-30-mg-5-ml.jpg,archivo_local_por_sku
prod-8718,Mintamox Inf 15 mg 5 ml (Ambroxol 15 mg/5 ml),Medicamentos,/products/receta.svg,,placeholder_o_no_importable
prod-49648,Mio Relax Ciclobenzaprina 10 mg 20 comprimidos Re (Euro),Medicamentos,/products/medicamentos/prod-49648-mio-relax-ciclobenzaprina-10-mg-20-comprimidos-re-euro.jpg,http://farmacia-andes.abc/products/medicamentos/prod-49648-mio-relax-ciclobenzaprina-10-mg-20-comprimidos-re-euro.jpg,archivo_local_por_sku
prod-49513,"Miragran 2,5 mg (Naratriptan) 10 comprimidos",Medicamentos,/products/medicamentos/prod-49513-miragran-2-5-mg-naratriptan-10-comprimidos.jpg,http://farmacia-andes.abc/products/medicamentos/prod-49513-miragran-2-5-mg-naratriptan-10-comprimidos.jpg,archivo_local_por_sku
prod-49720,Mirtavitae 30 mg 30 comprimidos (Mirtazapina 30 mg),Cuidado familiar,/products/suero.svg,,placeholder_o_no_importable
prod-49637,Mirtazapina 15 mg 30 comprimidos bioequivalente,Medicamentos,/products/importadas/prod-49637-mirtazapina-15-mg-30-comprimidos-bioequivalente-dr-simi.jpg,http://farmacia-andes.abc/products/importadas/prod-49637-mirtazapina-15-mg-30-comprimidos-bioequivalente-dr-simi.jpg,archivo_local_por_sku
prod-49706,Mirtazapina 30 mg 30 comprimidos (Chile),Medicamentos,/products/receta.svg,,placeholder_o_no_importable
prod-49638,Modavitae 200 mg 30 comprimidos (Modafinilo 200 mg),Cuidado familiar,/products/importadas/prod-49638-modavitae-200-mg-30-comprimidos-modafinilo-200-mg-dr-simi.jpg,http://farmacia-andes.abc/products/importadas/prod-49638-modavitae-200-mg-30-comprimidos-modafinilo-200-mg-dr-simi.jpg,archivo_local_por_sku
prod-50013,"Mokit - Off Kids (Cloruro De Sodio 0,9%)",Medicamentos,/products/medicamentos/prod-50013-mokit-off-kids-cloruro-de-sodio-0-9.jpg,http://farmacia-andes.abc/products/medicamentos/prod-50013-mokit-off-kids-cloruro-de-sodio-0-9.jpg,archivo_local_por_sku
prod-50016,"Mokit-off 50 ml (Cloruro De Sodio 0,9%)",Medicamentos,/products/medicamentos/prod-50016-mokit-off-50-ml-cloruro-de-sodio-0-9.jpg,http://farmacia-andes.abc/products/medicamentos/prod-50016-mokit-off-50-ml-cloruro-de-sodio-0-9.jpg,archivo_local_por_sku
prod-38570,Montelukast 10 mg 30 comprimidos Rec,Medicamentos,/products/medicamentos/prod-38570-montelukast-10-mg-30-comprimidos-rec.jpg,http://farmacia-andes.abc/products/medicamentos/prod-38570-montelukast-10-mg-30-comprimidos-rec.jpg,archivo_local_por_sku
prod-49843,Moringa 520 mg Aura Vit 90 cápsulas,Cuidado familiar,/products/suero.svg,,placeholder_o_no_importable
prod-38227,Movidol 200 mg 30 cápsulas (Mebeverina 200 mg),Medicamentos,/products/medicamentos/prod-38227-movidol-200-mg-30-capsulas-mebeverina-200-mg.jpg,http://farmacia-andes.abc/products/medicamentos/prod-38227-movidol-200-mg-30-capsulas-mebeverina-200-mg.jpg,archivo_local_por_sku
prod-16992,Moviplus 30 comprimidos (Difenidol Clorhidrato 25 mg),Medicamentos,/products/medicamentos/prod-16992-moviplus-30-comprimidos-difenidol-clorhidrato-25-mg.jpg,http://farmacia-andes.abc/products/medicamentos/prod-16992-moviplus-30-comprimidos-difenidol-clorhidrato-25-mg.jpg,archivo_local_por_sku
prod-38137,Mucivil crema 1% 20 g (Terbinafina 1%),Medicamentos,/products/medicamentos/prod-38137-mucivil-crema-1-20-g-terbinafina-1.jpg,http://farmacia-andes.abc/products/medicamentos/prod-38137-mucivil-crema-1-20-g-terbinafina-1.jpg,archivo_local_por_sku
prod-23319,Mucivil solución Top 1% 15 ml (Terbinafina 1%),Medicamentos,/products/medicamentos/prod-23319-mucivil-solucion-top-1-15-ml-terbinafina-1.jpg,http://farmacia-andes.abc/products/medicamentos/prod-23319-mucivil-solucion-top-1-15-ml-terbinafina-1.jpg,archivo_local_por_sku
prod-34633,Mucivil solución Top Sp 1% 20 ml (Terbinafina 1%),Medicamentos,/products/receta.svg,,placeholder_o_no_importable
prod-4825,Mulcatel jarabe 10% 200 ml (Sucralfato 10 g),Medicamentos,/products/medicamentos/prod-4825-mulcatel-jarabe-10-200-ml-sucralfato-10-g.jpg,http://farmacia-andes.abc/products/medicamentos/prod-4825-mulcatel-jarabe-10-200-ml-sucralfato-10-g.jpg,archivo_local_por_sku
prod-50124,"Multi 3 Vitamina 30 comprimidos (Minerales 1/1, Probioticos 1/1, Vitaminas 1/1)",Cuidado familiar,/products/importadas/prod-50124-multi-3-vitamina-30-comprimidos-minerales-1-1-probioticos-1-1-vitaminas-1-1-dr-simi.jpg,http://farmacia-andes.abc/products/importadas/prod-50124-multi-3-vitamina-30-comprimidos-minerales-1-1-probioticos-1-1-vitaminas-1-1-dr-simi.jpg,archivo_local_por_sku
prod-50191,Multi Vitaminas + Minerales,Cuidado familiar,/products/suero.svg,,placeholder_o_no_importable
prod-29166,"Multiflora Plus 30 cápsulas (Lactobacillus Ácidophilus 1 mg, Lactobacillus Casei 1 mg, Lactobacillus Reuteri 1 mg, Lactobacillus Rhamnosus 1 mg)",Medicamentos,/products/importadas/prod-29166-multiflora-plus-30-capsulas-lactobacillus-acidophilus-1-mg-lactobacillus-cas-dr-simi.jpg,http://farmacia-andes.abc/products/importadas/prod-29166-multiflora-plus-30-capsulas-lactobacillus-acidophilus-1-mg-lactobacillus-cas-dr-simi.jpg,archivo_local_por_sku
prod-49892,"Multivitaminico Forte 30 cápsulas (Minerales 1/1, Probioticos 1/1, Vitaminas 1/1)",Cuidado familiar,/products/suero.svg,,placeholder_o_no_importable
prod-49696,"Muno 400 UI 30 comprimidos (Probioticos 1/1, Vitaminas 1/1)",Medicamentos,/products/receta.svg,,placeholder_o_no_importable
prod-50011,"Muno 5 30 cápsulas (Minerales 1/1, Omega 3 1/1, Probioticos 1/1, Q 10 1/1, Vitaminas 1/1)",Medicamentos,/products/medicamentos/prod-50011-muno-5-30-capsulas-minerales-1-1-omega-3-1-1-probioticos-1-1-q-10-1-1-.jpg,http://farmacia-andes.abc/products/medicamentos/prod-50011-muno-5-30-capsulas-minerales-1-1-omega-3-1-1-probioticos-1-1-q-10-1-1-.jpg,archivo_local_por_sku
prod-50104,"Muno Start 400 UI x 30sobres (Ácido Ascorbico 1/1, Bifidobacterium Lactis Blíster-04 1/1, Lactobacillus Rhamnosus 1/1, Vitamina D 1/1)",Medicamentos,/products/receta.svg,,placeholder_o_no_importable
prod-35726,"Mupax ungüento 2% 7,5 g (Mupirocina 1 mg)",Dermocosmética,/products/crema.svg,,placeholder_o_no_importable
prod-7441,Muxol jarabe Ad 30 mg 100 ml (Ambroxol 30 mg/5 ml),Medicamentos,/products/medicamentos/prod-7441-muxol-jarabe-ad-30-mg-100-ml-ambroxol-30-mg-5-ml.jpg,http://farmacia-andes.abc/products/medicamentos/prod-7441-muxol-jarabe-ad-30-mg-100-ml-ambroxol-30-mg-5-ml.jpg,archivo_local_por_sku
prod-7442,Muxol jarabe Inf 15 mg 100 ml (Ambroxol 15 mg),Medicamentos,/products/receta.svg,,placeholder_o_no_importable
prod-49932,"Nanormen Puppy Suspencion oral (Pirantel 14,4 mg)",Veterinaria,/products/receta.svg,,placeholder_o_no_importable
prod-49933,"Nanormen Suspencion oral (Pirantel 144,13 mg)",Veterinaria,/products/receta.svg,,placeholder_o_no_importable
prod-30929,Naproxeno 550 mg 10 comprimidos Re Chile,Medicamentos,/products/medicamentos/prod-30929-naproxeno-550-mg-10-comprimidos-re-chile.jpg,http://farmacia-andes.abc/products/medicamentos/prod-30929-naproxeno-550-mg-10-comprimidos-re-chile.jpg,archivo_local_por_sku
prod-46147,Naproxeno Sod bioequivalente comprimidos 550 mg 10,Medicamentos,/products/medicamentos/prod-46147-naproxeno-sod-bioequivalente-comprimidos-550-mg-10.jpg,http://farmacia-andes.abc/products/medicamentos/prod-46147-naproxeno-sod-bioequivalente-comprimidos-550-mg-10.jpg,archivo_local_por_sku
prod-31687,"Nartan 2,5 mg 10 comprimidos (Naratriptan 2,5 mg)",Medicamentos,/products/receta.svg,,placeholder_o_no_importable
prod-13823,"Nasolver jarabe 100 ml (Clorfenamina 2 mg/5 ml, Codeina 10 mg/5 ml, Pseudoefedrina 30 mg/5 ml)",Medicamentos,/products/receta.svg,,placeholder_o_no_importable
prod-841,"Nastizol 14 comprimidos (Clorfenamina 4 mg, Pseudoefedrina 60 mg)",Medicamentos,/products/medicamentos/prod-841-nastizol-14-comprimidos-clorfenamina-4-mg-pseudoefedrina-60-mg.jpg,http://farmacia-andes.abc/products/medicamentos/prod-841-nastizol-14-comprimidos-clorfenamina-4-mg-pseudoefedrina-60-mg.jpg,archivo_local_por_sku
prod-836,"Nastizol comprimidos jarabe 100 ml (Clorfenamina 2 mg/5 ml, Paracetamol 125 mg/5 ml, Pseudoefedrina 30 mg/5 ml)",Medicamentos,/products/receta.svg,,placeholder_o_no_importable
prod-14944,"Nastizol D/N 18 comprimidos (Clorfenamina 4 mg, Paracetamol 500 mg, Pseudoefedrina 60 mg)",Medicamentos,/products/receta.svg,,placeholder_o_no_importable
prod-838,"Nastizol gotas 15 ml (Clorfenamina 1 mg/1 ml, Pseudoefedrina 30 mg/1 ml)",Medicamentos,/products/medicamentos/prod-838-nastizol-gotas-15-ml-clorfenamina-1-mg-1-ml-pseudoefedrina-30-mg-1-ml.jpg,http://farmacia-andes.abc/products/medicamentos/prod-838-nastizol-gotas-15-ml-clorfenamina-1-mg-1-ml-pseudoefedrina-30-mg-1-ml.jpg,archivo_local_por_sku
prod-840,"Nastizol jarabe 120 ml (Clorfenamina 2 mg, Pseudoefedrina Sulfato 30 mg)",Medicamentos,/products/medicamentos/prod-840-nastizol-jarabe-120-ml-clorfenamina-2-mg-pseudoefedrina-sulfato-30-mg.jpg,http://farmacia-andes.abc/products/medicamentos/prod-840-nastizol-jarabe-120-ml-clorfenamina-2-mg-pseudoefedrina-sulfato-30-mg.jpg,archivo_local_por_sku
prod-1478,"Nastul comprimidos 10 comprimidos recubiertos (Clorfenamina 4 mg, Paracetamol 500 mg, Pseudoefedrina 60 mg)",Medicamentos,/products/receta.svg,,placeholder_o_no_importable
prod-1479,"Nastul comprimidos jarabe 100 ml (Clorfenamina 2 mg/5 ml, Paracetamol 125 mg/5 ml, Pseudoefedrina 30 mg/5 ml)",Medicamentos,/products/importadas/prod-1479-nastul-comprimidos-jarabe-100-ml-clorfenamina-2-mg-5-ml-paracetamol-125-mg-5-dr-simi.jpg,http://farmacia-andes.abc/products/importadas/prod-1479-nastul-comprimidos-jarabe-100-ml-clorfenamina-2-mg-5-ml-paracetamol-125-mg-5-dr-simi.jpg,archivo_local_por_sku
prod-1480,"Nastul gotas 15 ml (Clorfenamina 1 mg, Pseudoefedrina 30 mg)",Medicamentos,/products/importadas/prod-1480-nastul-gotas-15-ml-clorfenamina-1-mg-pseudoefedrina-30-mg-dr-simi.jpg,http://farmacia-andes.abc/products/importadas/prod-1480-nastul-gotas-15-ml-clorfenamina-1-mg-pseudoefedrina-30-mg-dr-simi.jpg,archivo_local_por_sku
prod-40296,"Naticare Supra 30 cápsulas (Biotina, Hierro, Minerales, Selenio, Vitaminas, Vitaminas B, Yodo)",Medicamentos,/products/receta.svg,,placeholder_o_no_importable
prod-46702,Naturaloe Aco Hidr 350 ml,Dermocosmética,/products/crema.svg,,placeholder_o_no_importable
prod-46698,Naturaloe Gel 150 ml,Dermocosmética,/products/crema.svg,,placeholder_o_no_importable
prod-46695,Naturaloe Sh Hidr 350 ml,Dermocosmética,/products/crema.svg,,placeholder_o_no_importable
prod-23615,Naxpet 10 mg 10 comprimidos (Ketoprofeno 10 mg),Veterinaria,/products/receta.svg,,placeholder_o_no_importable
prod-24646,Naxpet 30 mg 10 comprimidos (Ketoprofeno 30 mg),Veterinaria,/products/receta.svg,,placeholder_o_no_importable
prod-28673,"Naxpet suspensión oral 0,4% 20 ml (Ketoprofeno 0,4%)",Veterinaria,/products/receta.svg,,placeholder_o_no_importable
prod-40808,Nebivitae 5 mg 28 comprimidos (bioequivalente) (Nebivolol 5 mg),Cuidado familiar,/products/suero.svg,,placeholder_o_no_importable
prod-5979,Nefersil 125 mg 10 comprimidos (Clonixinato De Lisina 125 mg),Medicamentos,/products/medicamentos/prod-5979-nefersil-125-mg-10-comprimidos-clonixinato-de-lisina-125-mg.jpg,http://farmacia-andes.abc/products/medicamentos/prod-5979-nefersil-125-mg-10-comprimidos-clonixinato-de-lisina-125-mg.jpg,archivo_local_por_sku
prod-40574,"Nefex Duo 0,5/0,4 mg 30 cápsulas LP (Dutasterida 0,5 mg, Tamsulosina 0,4 mg)",Medicamentos,/products/receta.svg,,placeholder_o_no_importable
prod-30425,Neneglos Advance 20 g (Ox Zinc),Medicamentos,/products/receta.svg,,placeholder_o_no_importable
prod-31173,Neneglos Advanced 40 g (Ox Zinc 40%),Medicamentos,/products/receta.svg,,placeholder_o_no_importable
prod-12429,Neomicina 500 mg 12 comprimidos Chile,Medicamentos,/products/medicamentos/prod-12429-neomicina-500-mg-12-comprimidos-chile.jpg,http://farmacia-andes.abc/products/medicamentos/prod-12429-neomicina-500-mg-12-comprimidos-chile.jpg,archivo_local_por_sku
prod-2906,"Nervoton jarabe 120 ml (Cianocobalamina, Nicotinamida 0,1 mg, Piridoxina 0,003 g, Riboflavina 0,025 g, Tiamina 0,012 g)",Medicamentos,/products/receta.svg,,placeholder_o_no_importable
prod-49916,Neurobionta Advance 30 comprimidos (Vitaminas B 100 mg),Medicamentos,/products/medicamentos/prod-49916-neurobionta-advance-30-comprimidos-vitaminas-b-100-mg.jpg,http://farmacia-andes.abc/products/medicamentos/prod-49916-neurobionta-advance-30-comprimidos-vitaminas-b-100-mg.jpg,archivo_local_por_sku
prod-38523,Neuroval Cd comprimidos 10 mg (Clotiazepam 10 mg),Medicamentos,/products/medicamentos/prod-38523-neuroval-cd-comprimidos-10-mg-clotiazepam-10-mg.jpg,http://farmacia-andes.abc/products/medicamentos/prod-38523-neuroval-cd-comprimidos-10-mg-clotiazepam-10-mg.jpg,archivo_local_por_sku
prod-49402,Neutrogena crema Anti Edad 100 g,Dermocosmética,/products/crema.svg,,placeholder_o_no_importable
prod-49,Nexcare Cold Hot Compresas Frio/Calor,Medicamentos,/products/receta.svg,,placeholder_o_no_importable
prod-38941,Nexcare Opticlude Ad 5 Un,Medicamentos,/products/medicamentos/prod-38941-nexcare-opticlude-ad-5-un.jpg,http://farmacia-andes.abc/products/medicamentos/prod-38941-nexcare-opticlude-ad-5-un.jpg,archivo_local_por_sku
prod-49511,Nexcare Parche Ocular Adulto 14 Un,Accesorios,/products/suero.svg,,placeholder_o_no_importable
prod-49968,"Next Gl Plus 6 comprimidos (Ácido Ascorbico 50 mg, Cafeina 33 mg, Clorfenamina 4 mg, Noscapina 10 mg, Paracetamol 400 mg)",Medicamentos,/products/importadas/prod-49968-next-gl-plus-6-comprimidos-acido-ascorbico-50-mg-cafeina-33-mg-clorfenamina--dr-simi.jpg,http://farmacia-andes.abc/products/importadas/prod-49968-next-gl-plus-6-comprimidos-acido-ascorbico-50-mg-cafeina-33-mg-clorfenamina--dr-simi.jpg,archivo_local_por_sku
prod-49652,"Next Gl 12 comprimidos Re (Ácido Ascorbico 50 mg, Cafeina 33 mg, Noscapina 10 mg, Paracetamol 400 mg)",Medicamentos,/products/receta.svg,,placeholder_o_no_importable
prod-7446,"Nicotears Gel 140apli (Carbomero 974P 0,15%, Manitol 4,6%)",Medicamentos,/products/receta.svg,,placeholder_o_no_importable
prod-10526,Nistatina 12OV Lchile,Medicamentos,/products/receta.svg,,placeholder_o_no_importable
prod-29181,"Nistatina suspensión oral 100,000 UI/ml 24 ml",Medicamentos,/products/medicamentos/prod-29181-nistatina-suspension-oral-100-000-ui-ml-24-ml.jpg,http://farmacia-andes.abc/products/medicamentos/prod-29181-nistatina-suspension-oral-100-000-ui-ml-24-ml.jpg,archivo_local_por_sku
prod-11079,Nistatina-metronid Ov 10 Lchile,Medicamentos,/products/receta.svg,,placeholder_o_no_importable
prod-39040,Nitrofurantoina Macro 100 mg 10 cápsulas (bioequivalente) Mintlab,Medicamentos,/products/medicamentos/prod-39040-nitrofurantoina-macro-100-mg-10-capsulas-bioequivalente-mintlab.jpg,http://farmacia-andes.abc/products/medicamentos/prod-39040-nitrofurantoina-macro-100-mg-10-capsulas-bioequivalente-mintlab.jpg,archivo_local_por_sku
prod-44025,Nivea B Lotion Hid Express Norm 400,Dermocosmética,/products/crema.svg,,placeholder_o_no_importable
prod-16744,Nivea Body Milk Hidrat Express 250 ml,Dermocosmética,/products/crema.svg,,placeholder_o_no_importable
prod-1049,Nivea Body Milk P/Ex Seca 250 ml,Dermocosmética,/products/crema.svg,,placeholder_o_no_importable
prod-1055,Nivea Body Milk P/Seca 250 ml,Dermocosmética,/products/crema.svg,,placeholder_o_no_importable
prod-17153,Nivea Body Q 10 Plus Reaf P/Normal 250 ml,Dermocosmética,/products/crema.svg,,placeholder_o_no_importable
prod-39686,"Nivea crema Ant Arr Reaf 50 g 45 + (Paracetamol, Tramadol)",Dermocosmética,/products/crema.svg,,placeholder_o_no_importable
prod-39687,Nivea crema Ant Arr Rev 50 g 55 +,Dermocosmética,/products/crema.svg,,placeholder_o_no_importable
prod-44036,Nivea crema Corp Exp Hyd 1000,Medicamentos,/products/medicamentos/prod-44036-nivea-crema-corp-exp-hyd-1000.jpg,http://farmacia-andes.abc/products/medicamentos/prod-44036-nivea-crema-corp-exp-hyd-1000.jpg,archivo_local_por_sku
prod-39681,Nivea crema Men 75 ml,Dermocosmética,/products/crema.svg,,placeholder_o_no_importable
prod-44032,Nivea crema Milk Nut Prom 400,Medicamentos,/products/receta.svg,,placeholder_o_no_importable
prod-44034,Nivea crema Sof Milk Prom 400,Medicamentos,/products/medicamentos/prod-44034-nivea-crema-sof-milk-prom-400.jpg,http://farmacia-andes.abc/products/medicamentos/prod-44034-nivea-crema-sof-milk-prom-400.jpg,archivo_local_por_sku
prod-1057,Nivea Creme 30 ml,Dermocosmética,/products/crema.svg,,placeholder_o_no_importable
prod-1058,Nivea Creme 60 ml,Dermocosmética,/products/crema.svg,,placeholder_o_no_importable
prod-26752,Nivea Des F/Men Roll-on Inv B/White Power 50 ml,Dermocosmética,/products/crema.svg,,placeholder_o_no_importable
prod-39683,Nivea Des F/Men Sp Fresh Ocean 150 ml,Dermocosmética,/products/crema.svg,,placeholder_o_no_importable
prod-13832,Nivea Des F/W Roll-on P Beauty 50 ml,Dermocosmética,/products/crema.svg,,placeholder_o_no_importable
prod-14251,Nivea Des F/W Sp Pearl Beauty 150 ml,Dermocosmética,/products/crema.svg,,placeholder_o_no_importable
prod-31942,Nivea Des F/W Sp Protect&care 150 ml,Dermocosmética,/products/crema.svg,,placeholder_o_no_importable
prod-29329,Nivea Des F/W Sp S Protect 150 ml,Dermocosmética,/products/crema.svg,,placeholder_o_no_importable
prod-49281,Nivea Des Tono Natural 50 ml,Dermocosmética,/products/crema.svg,,placeholder_o_no_importable
prod-45378,Nivea Essent Car Prot Lab (Karite 1 mg),Medicamentos,/products/receta.svg,,placeholder_o_no_importable
prod-45380,Nivea Fruity Cherry Shine F 10 Prot Lab,Dermocosmética,/products/crema.svg,,placeholder_o_no_importable
prod-49440,Nivea Jabon Barra Crem Care 3 x 125 g con U,Higiene,/products/alcohol-gel.svg,,placeholder_o_no_importable
prod-10606,Nivea Men Esp Af Sensit 200 ml,Dermocosmética,/products/crema.svg,,placeholder_o_no_importable
prod-48935,Nivea Men Esp Afei P&c 200,Medicamentos,/products/medicamentos/prod-48935-nivea-men-esp-afei-p-c-200.jpg,http://farmacia-andes.abc/products/medicamentos/prod-48935-nivea-men-esp-afei-p-c-200.jpg,archivo_local_por_sku
prod-49803,Nivea Reg Intensiva 72 H 400 ml,Dermocosmética,/products/crema.svg,,placeholder_o_no_importable
prod-12535,Nogesta 75MC 28 comprimidos (Desogestrel 75 mcg),Medicamentos,/products/importadas/prod-12535-nogesta-75mc-28-comprimidos-desogestrel-75-mcg-dr-simi.jpg,http://farmacia-andes.abc/products/importadas/prod-12535-nogesta-75mc-28-comprimidos-desogestrel-75-mcg-dr-simi.jpg,archivo_local_por_sku
prod-39365,"Norah 28 comprimidos (Dienogest 2 mg, Etinilestradiol 0,03 mg)",Medicamentos,/products/medicamentos/prod-39365-norah-28-comprimidos-dienogest-2-mg-etinilestradiol-0-03-mg.jpg,http://farmacia-andes.abc/products/medicamentos/prod-39365-norah-28-comprimidos-dienogest-2-mg-etinilestradiol-0-03-mg.jpg,archivo_local_por_sku
prod-45730,Normix comprimidos recubiertos 200 mg 12 (Rifaximina 200 mg),Medicamentos,/products/medicamentos/prod-45730-normix-comprimidos-recubiertos-200-mg-12-rifaximina-200-mg.jpg,http://farmacia-andes.abc/products/medicamentos/prod-45730-normix-comprimidos-recubiertos-200-mg-12-rifaximina-200-mg.jpg,archivo_local_por_sku
prod-46541,Nortium XR comprimidos 50 mg 30 (Quetiapina 50 mg),Medicamentos,/products/medicamentos/prod-46541-nortium-xr-comprimidos-50-mg-30-quetiapina-50-mg.jpg,http://farmacia-andes.abc/products/medicamentos/prod-46541-nortium-xr-comprimidos-50-mg-30-quetiapina-50-mg.jpg,archivo_local_por_sku
prod-9686,Noscapina 20 mg 20 comprimidos,Medicamentos,/products/medicamentos/prod-9686-noscapina-20-mg-20-comprimidos.jpg,http://farmacia-andes.abc/products/medicamentos/prod-9686-noscapina-20-mg-20-comprimidos.jpg,archivo_local_por_sku
prod-9687,Noscapina jarabe 100 ml Mintlab,Medicamentos,/products/medicamentos/prod-9687-noscapina-jarabe-100-ml-mintlab.jpg,http://farmacia-andes.abc/products/medicamentos/prod-9687-noscapina-jarabe-100-ml-mintlab.jpg,archivo_local_por_sku
prod-44923,Nosot Jab Int Nat Sen 150M,Dermocosmética,/products/crema.svg,,placeholder_o_no_importable
prod-39065,Nosotras B Noc con A T/Suave 8 Un,Dermocosmética,/products/crema.svg,,placeholder_o_no_importable
prod-17654,Nosotras Prot Diario 100 Un,Dermocosmética,/products/crema.svg,,placeholder_o_no_importable
prod-9374,Nosotras Prot Diario Largos 30 Un,Dermocosmética,/products/crema.svg,,placeholder_o_no_importable
prod-23973,Nosotras T/Mater Suave 10 Un,Dermocosmética,/products/crema.svg,,placeholder_o_no_importable
prod-14473,Nosotras Tampon con Apl Reg 8 Un,Dermocosmética,/products/crema.svg,,placeholder_o_no_importable
prod-14474,Nosotras Tampon con Apl Super 8 Un,Dermocosmética,/products/crema.svg,,placeholder_o_no_importable
prod-37033,Nosotras Tampon Super Plus 8UD,Dermocosmética,/products/crema.svg,,placeholder_o_no_importable
prod-44920,Nosotras Toahig Nor Su con A 30,Dermocosmética,/products/crema.svg,,placeholder_o_no_importable
prod-49521,"Novalif Sup Alim 60 cápsulas (Ácido Eicosapentanoico 140 mg, Colina 300 mg, Dha 1000 mg)",Medicamentos,/products/medicamentos/prod-49521-novalif-sup-alim-60-capsulas-acido-eicosapentanoico-140-mg-colina-300-.jpg,http://farmacia-andes.abc/products/medicamentos/prod-49521-novalif-sup-alim-60-capsulas-acido-eicosapentanoico-140-mg-colina-300-.jpg,archivo_local_por_sku
prod-7448,"Novotears solución oftálmica 10 ml (Dextran 1 mg/1 ml, Hipromelosa 3 mg/1 ml, Nafazolina 0,12 mg/1 ml)",Medicamentos,/products/importadas/prod-7448-novotears-solucion-oftalmica-10-ml-dextran-1-mg-1-ml-hipromelosa-3-mg-1-ml-n-dr-simi.jpg,http://farmacia-andes.abc/products/importadas/prod-7448-novotears-solucion-oftalmica-10-ml-dextran-1-mg-1-ml-hipromelosa-3-mg-1-ml-n-dr-simi.jpg,archivo_local_por_sku
prod-752,"Np 27 30 ml (Ácido Undecilenico 8,71 g/100 ml, Alcohol Isopropilico 62,14 g/100 ml)",Medicamentos,/products/importadas/prod-752-np-27-30-ml-acido-undecilenico-8-71-g-100-ml-alcohol-isopropilico-62-14-g-10-dr-simi.jpg,http://farmacia-andes.abc/products/importadas/prod-752-np-27-30-ml-acido-undecilenico-8-71-g-100-ml-alcohol-isopropilico-62-14-g-10-dr-simi.jpg,archivo_local_por_sku
prod-753,"Np 27 Sp 60 ml (Ácido Undecilenico 8,71 g)",Medicamentos,/products/receta.svg,,placeholder_o_no_importable
prod-4837,"Obleas Chinas 5 Un (Ácido Acetilsalicilico 400 mg, Cafeina 15 mg)",Medicamentos,/products/importadas/prod-4837-obleas-chinas-5-un-acido-acetilsalicilico-400-mg-cafeina-15-mg-dr-simi.jpg,http://farmacia-andes.abc/products/importadas/prod-4837-obleas-chinas-5-un-acido-acetilsalicilico-400-mg-cafeina-15-mg-dr-simi.jpg,archivo_local_por_sku
prod-40488,Oftafilm Sp solución oftálmica 10 ml,Medicamentos,/products/importadas/prod-40488-oftafilm-sp-solucion-oftalmica-10-ml-dr-simi.jpg,http://farmacia-andes.abc/products/importadas/prod-40488-oftafilm-sp-solucion-oftalmica-10-ml-dr-simi.jpg,archivo_local_por_sku
prod-7455,"Oftagen Cpto solución oftálmica 5 ml (Betametasona 0,1%, Gentamicina 0,3%)",Medicamentos,/products/medicamentos/prod-7455-oftagen-cpto-solucion-oftalmica-5-ml-betametasona-0-1-gentamicina-0-3.jpg,http://farmacia-andes.abc/products/medicamentos/prod-7455-oftagen-cpto-solucion-oftalmica-5-ml-betametasona-0-1-gentamicina-0-3.jpg,archivo_local_por_sku
prod-49635,Oftalpred 1% 5 ml (Prednisolona Acetato 10 mg),Medicamentos,/products/importadas/prod-49635-oftalpred-1-5-ml-prednisolona-acetato-10-mg-dr-simi.png,http://farmacia-andes.abc/products/importadas/prod-49635-oftalpred-1-5-ml-prednisolona-acetato-10-mg-dr-simi.png,archivo_local_por_sku
prod-7462,"Oftasona P solución oftálmica 10 ml (Betametasona 0,1%)",Medicamentos,/products/medicamentos/prod-7462-oftasona-p-solucion-oftalmica-10-ml-betametasona-0-1.jpg,http://farmacia-andes.abc/products/medicamentos/prod-7462-oftasona-p-solucion-oftalmica-10-ml-betametasona-0-1.jpg,archivo_local_por_sku
prod-7463,"Oftavir ungüento Oft 3,5 g (Aciclovir 3%)",Dermocosmética,/products/crema.svg,,placeholder_o_no_importable
prod-14929,"Oftol Sus Oft 0,2% x 5 ml (Loteprednol Etabonato 0,2%)",Medicamentos,/products/receta.svg,,placeholder_o_no_importable
prod-35680,Olanvitae 5 mg 28 comprimidos recubiertos (bioequivalente) (Olanzapina 5 mg),Cuidado familiar,/products/importadas/prod-35680-olanvitae-5-mg-28-comprimidos-recubiertos-bioequivalente-olanzapina-5-mg-dr-simi.jpg,http://farmacia-andes.abc/products/importadas/prod-35680-olanvitae-5-mg-28-comprimidos-recubiertos-bioequivalente-olanzapina-5-mg-dr-simi.jpg,archivo_local_por_sku
prod-49716,Olanzapina 5 mg 30 comprimidos,Medicamentos,/products/medicamentos/prod-49716-olanzapina-5-mg-30-comprimidos.jpg,http://farmacia-andes.abc/products/medicamentos/prod-49716-olanzapina-5-mg-30-comprimidos.jpg,archivo_local_por_sku
prod-49639,Olanzyl 10 mg 28 comprimidos (Olanzapina 10 mg),Medicamentos,/products/receta.svg,,placeholder_o_no_importable
prod-44643,Old Spice Des Sp Lena 150 ml,Dermocosmética,/products/crema.svg,,placeholder_o_no_importable
prod-30600,Old Spice Des Sp A/P Imagen Vip 150 ml,Dermocosmética,/products/crema.svg,,placeholder_o_no_importable
prod-15961,Old Spice Des Sp Fresh 150 ml,Dermocosmética,/products/crema.svg,,placeholder_o_no_importable
prod-10383,Old Spice Des Sp Pure Sport 150 ml,Dermocosmética,/products/crema.svg,,placeholder_o_no_importable
prod-29735,Old Spice Des Sp Wolf 152 ml,Dermocosmética,/products/crema.svg,,placeholder_o_no_importable
prod-46509,Olmepress comprimidos recubiertos 20 mg 30 (Olmesartan 20 mg),Medicamentos,/products/medicamentos/prod-46509-olmepress-comprimidos-recubiertos-20-mg-30-olmesartan-20-mg.jpg,http://farmacia-andes.abc/products/medicamentos/prod-46509-olmepress-comprimidos-recubiertos-20-mg-30-olmesartan-20-mg.jpg,archivo_local_por_sku
prod-50147,"Olmepress-d 20/12,5 Olmesartan",Medicamentos,/products/receta.svg,,placeholder_o_no_importable
prod-49366,"Olmepress-d 40/12,5 30 comprimidos (Hidroclorotiazida 12,5 mg, Olmesartan 40 mg)",Medicamentos,/products/receta.svg,,placeholder_o_no_importable
prod-49770,Olmesartan 40 mg 30 comprimidos Alembic,Medicamentos,/products/receta.svg,,placeholder_o_no_importable
prod-49669,Olmesartan Medoxomilo 20 mg 30 comprimidos,Medicamentos,/products/medicamentos/prod-49669-olmesartan-medoxomilo-20-mg-30-comprimidos.jpg,http://farmacia-andes.abc/products/medicamentos/prod-49669-olmesartan-medoxomilo-20-mg-30-comprimidos.jpg,archivo_local_por_sku
prod-49721,"Olmesartan/Hidroclorot 20/12,5 mg 30 comprimidos",Medicamentos,/products/receta.svg,,placeholder_o_no_importable
prod-49728,"Olmesartan/Hidroclorot 40/12,5 mg 30 comprimidos",Medicamentos,/products/receta.svg,,placeholder_o_no_importable
prod-34743,"Oltan Amlo 40/5 mg 30 comprimidos (Amlodipino 5 mg, Olmesartan 40 mg)",Medicamentos,/products/medicamentos/prod-34743-oltan-amlo-40-5-mg-30-comprimidos-amlodipino-5-mg-olmesartan-40-mg.jpg,http://farmacia-andes.abc/products/medicamentos/prod-34743-oltan-amlo-40-5-mg-30-comprimidos-amlodipino-5-mg-olmesartan-40-mg.jpg,archivo_local_por_sku
prod-49623,"Oltan D 40/12,5 30 comprimidos (Hidroclorotiazida 12,5 mg, Olmesartan 40 mg)",Medicamentos,/products/medicamentos/prod-49623-oltan-d-40-12-5-30-comprimidos-hidroclorotiazida-12-5-mg-olmesartan-40.jpg,http://farmacia-andes.abc/products/medicamentos/prod-49623-oltan-d-40-12-5-30-comprimidos-hidroclorotiazida-12-5-mg-olmesartan-40.jpg,archivo_local_por_sku
prod-49897,Omega 3 30 cápsulas,Cuidado familiar,/products/suero.svg,,placeholder_o_no_importable
prod-49588,Omega 3 60 cápsulas,Cuidado familiar,/products/suero.svg,,placeholder_o_no_importable
prod-49970,Omega 3 60 cápsulas,Cuidado familiar,/products/suero.svg,,placeholder_o_no_importable
prod-50140,Omega 3 Ultra Puro 120 cápsulas,Cuidado familiar,/products/suero.svg,,placeholder_o_no_importable
prod-49232,Omeprazol bioequivalente cápsulas 20 mg 30,Medicamentos,/products/medicamentos/omeprazol-curaespring-20mg-30caps.webp,http://farmacia-andes.abc/products/medicamentos/omeprazol-curaespring-20mg-30caps.webp,override_json
prod-49479,Ondansentron 8 mg (Ondansetron 8 mg),Medicamentos,/products/receta.svg,,placeholder_o_no_importable
prod-50131,Ondansetron 4 mg,Medicamentos,/products/importadas/prod-50131-ondansetron-4-mg-dr-simi.jpg,http://farmacia-andes.abc/products/importadas/prod-50131-ondansetron-4-mg-dr-simi.jpg,archivo_local_por_sku
prod-38176,Opti-free Express 355 ml,Medicamentos,/products/medicamentos/prod-38176-opti-free-express-355-ml.jpg,http://farmacia-andes.abc/products/medicamentos/prod-38176-opti-free-express-355-ml.jpg,archivo_local_por_sku
prod-42477,Opti-free Puremoist 300 ml (Desinfeccion Lentes De Contacto 1/1),Medicamentos,/products/receta.svg,,placeholder_o_no_importable
prod-36849,Oradiet 120 mg 30 cápsulas (Orlistat 120 mg),Medicamentos,/products/medicamentos/prod-36849-oradiet-120-mg-30-capsulas-orlistat-120-mg.jpg,http://farmacia-andes.abc/products/medicamentos/prod-36849-oradiet-120-mg-30-capsulas-orlistat-120-mg.jpg,archivo_local_por_sku
prod-49271,Oral B Cep Complete Clean Medium,Dermocosmética,/products/crema.svg,,placeholder_o_no_importable
prod-49481,Oral B Cepillo Elec Charcoal 1 Un,Higiene,/products/alcohol-gel.svg,,placeholder_o_no_importable
prod-49802,Oral B Indicator Extra Soft 2 Un,Dermocosmética,/products/crema.svg,,placeholder_o_no_importable
prod-44401,Oral-b Cep Ind P/Anualx 4,Dermocosmética,/products/crema.svg,,placeholder_o_no_importable
prod-32016,Oral-b Cepillo Kids Mickey,Higiene,/products/alcohol-gel.svg,,placeholder_o_no_importable
prod-44435,Oral-bioequivalente Floss Hil 25MT 2,Dermocosmética,/products/crema.svg,,placeholder_o_no_importable
prod-36137,Oralfresh Enj Kids 250 ml,Medicamentos,/products/medicamentos/prod-36137-oralfresh-enj-kids-250-ml.jpg,http://farmacia-andes.abc/products/medicamentos/prod-36137-oralfresh-enj-kids-250-ml.jpg,archivo_local_por_sku
prod-4845,"Oralgene 0,12% 120 ml (Clorhexidina 0,12%)",Medicamentos,/products/receta.svg,,placeholder_o_no_importable
prod-46424,Oralne bioequivalente cápsulas 10 mg 30 (Isotretinoina 10 mg),Medicamentos,/products/medicamentos/prod-46424-oralne-bioequivalente-capsulas-10-mg-30-isotretinoina-10-mg.jpg,http://farmacia-andes.abc/products/medicamentos/prod-46424-oralne-bioequivalente-capsulas-10-mg-30-isotretinoina-10-mg.jpg,archivo_local_por_sku
prod-49743,Osteodyn (Colecalciferol) 100000 UI/2 ml,Medicamentos,/products/medicamentos/prod-49743-osteodyn-colecalciferol-100000-ui-2-ml.jpg,http://farmacia-andes.abc/products/medicamentos/prod-49743-osteodyn-colecalciferol-100000-ui-2-ml.jpg,archivo_local_por_sku
prod-46554,"Otipax solución gotas Oti 13 ml (Lidocaina 1,2 g/100 ml, Propifenazona 4,8 g/100 ml)",Medicamentos,/products/receta.svg,,placeholder_o_no_importable
prod-49975,Oxido De Zinc,Cuidado familiar,/products/suero.svg,,placeholder_o_no_importable
prod-22445,"Oxilin Sp Nasal 15 ml (Oximetazolina 0,05%)",Medicamentos,/products/medicamentos/prod-22445-oxilin-sp-nasal-15-ml-oximetazolina-0-05.jpg,http://farmacia-andes.abc/products/medicamentos/prod-22445-oxilin-sp-nasal-15-ml-oximetazolina-0-05.jpg,archivo_local_por_sku
prod-49410,Oximetro De Pulso Oht 60,Medicamentos,/products/receta.svg,,placeholder_o_no_importable
prod-31312,Oxolamina 28 mg/5 ml 100 ml Mintlab,Medicamentos,/products/receta.svg,,placeholder_o_no_importable
prod-50093,Pack Familiar x 3 Elite Doble Hoja x 50 Pañuelos Desechables,Medicamentos,/products/receta.svg,,placeholder_o_no_importable
prod-36579,Pampers Conf Sec Xg 16,Dermocosmética,/products/crema.svg,,placeholder_o_no_importable
prod-44446,Pampers R Nac P Car P x 36,Medicamentos,/products/medicamentos/prod-44446-pampers-r-nac-p-car-p-x-36.jpg,http://farmacia-andes.abc/products/medicamentos/prod-44446-pampers-r-nac-p-car-p-x-36.jpg,archivo_local_por_sku
prod-17296,"Panadol Adv 500 mg 12 comprimidos (Cafeina 65 mg, Paracetamol 500 mg)",Medicamentos,/products/medicamentos/panadol-advance-500mg-12comp.jpg,http://farmacia-andes.abc/products/medicamentos/panadol-advance-500mg-12comp.jpg,override_json
prod-50180,"Panadol Extra Advance 500 mg (Cafeina 65 mg, Paracetamol 500 mg)",Medicamentos,/products/medicamentos/panadol-extra-advance-500-65mg-12comp.jpg,http://farmacia-andes.abc/products/medicamentos/panadol-extra-advance-500-65mg-12comp.jpg,override_json
prod-8230,Panadol gotas 100 mg (Paracetamol 100 mg),Medicamentos,/products/medicamentos/prod-8230-panadol-gotas-100-mg-paracetamol-100-mg.jpg,http://farmacia-andes.abc/products/medicamentos/prod-8230-panadol-gotas-100-mg-paracetamol-100-mg.jpg,archivo_local_por_sku
prod-41193,Panadol Inf 80 mg 20 comprimidos Mast (Paracetamol 80 mg),Medicamentos,/products/medicamentos/prod-41193-panadol-inf-80-mg-20-comprimidos-mast-paracetamol-80-mg.jpg,http://farmacia-andes.abc/products/medicamentos/prod-41193-panadol-inf-80-mg-20-comprimidos-mast-paracetamol-80-mg.jpg,archivo_local_por_sku
prod-1487,Panagesic 500 mg 30 comprimidos (Paracetamol 500 mg),Medicamentos,/products/receta.svg,,placeholder_o_no_importable
prod-12490,Pantene Ácido Control Caida 400 ml,Dermocosmética,/products/crema.svg,,placeholder_o_no_importable
prod-41234,Pantene Ácido Fza/Reconst 400 ml,Dermocosmética,/products/crema.svg,,placeholder_o_no_importable
prod-29171,Pantene Ácido Hidr Extrema 400 ml,Dermocosmética,/products/crema.svg,,placeholder_o_no_importable
prod-16263,Pantene Ácido Restauracion 400 ml,Dermocosmética,/products/crema.svg,,placeholder_o_no_importable
prod-11583,Pantene Sh Control Caida 400 ml,Dermocosmética,/products/crema.svg,,placeholder_o_no_importable
prod-6325,Pantene Sh Cuidado Clasico 400 ml,Dermocosmética,/products/crema.svg,,placeholder_o_no_importable
prod-39869,Pantene Sh Fuerza/Rep 400 ml,Dermocosmética,/products/crema.svg,,placeholder_o_no_importable
prod-29170,Pantene Sh Hidr Extrema 400 ml,Dermocosmética,/products/crema.svg,,placeholder_o_no_importable
prod-16410,Pantene Sh Restauracion 400 ml,Dermocosmética,/products/crema.svg,,placeholder_o_no_importable
prod-10924,Pantene Sh Rizos Definidos 400 ml,Dermocosmética,/products/crema.svg,,placeholder_o_no_importable
prod-50168,Pantocal ( Pantoprazol 40 mg ),Medicamentos,/products/medicamentos/prod-50168-pantocal-pantoprazol-40-mg.jpg,http://farmacia-andes.abc/products/medicamentos/prod-50168-pantocal-pantoprazol-40-mg.jpg,archivo_local_por_sku
prod-9693,Paracetamol 125 mg 6SUP l Chile,Medicamentos,/products/receta.svg,,placeholder_o_no_importable
prod-32852,Paracetamol 500 mg 16 comprimidos (Bioequivalente)andromaco,Medicamentos,/products/medicamentos/paracetamol-andromaco-500mg-16comp.jpg,http://farmacia-andes.abc/products/medicamentos/paracetamol-andromaco-500mg-16comp.jpg,override_json
prod-30895,Paracetamol 500 mg 16 comprimidos (Bioequivalente)chile,Medicamentos,/products/medicamentos/paracetamol-chile-500mg-16comp.jpg,http://farmacia-andes.abc/products/medicamentos/paracetamol-chile-500mg-16comp.jpg,override_json
prod-9694,Paracetamol gotas 15 ml Valma,Medicamentos,/products/medicamentos/paracetamol-valma-gotas-15ml.jpg,http://farmacia-andes.abc/products/medicamentos/paracetamol-valma-gotas-15ml.jpg,override_json
prod-31685,Paracetamol Inf 80 mg 20 comprimidos Mintlab,Medicamentos,/products/medicamentos/paracetamol-mintlab-80mg-20comp.jpg,http://farmacia-andes.abc/products/medicamentos/paracetamol-mintlab-80mg-20comp.jpg,override_json
prod-49574,Paroxetina 20 mg 30 comprimidos,Medicamentos,/products/medicamentos/prod-49574-paroxetina-20-mg-30-comprimidos.jpg,http://farmacia-andes.abc/products/medicamentos/prod-49574-paroxetina-20-mg-30-comprimidos.jpg,archivo_local_por_sku
prod-8439,"Pasta Lassar 30 g Valma (Lanolina 1/1, Ox Zinc 1/1, Vaselina 1/1)",Medicamentos,/products/importadas/prod-8439-pasta-lassar-30-g-valma-lanolina-1-1-ox-zinc-1-1-vaselina-1-1-dr-simi.jpg,http://farmacia-andes.abc/products/importadas/prod-8439-pasta-lassar-30-g-valma-lanolina-1-1-ox-zinc-1-1-vaselina-1-1-dr-simi.jpg,archivo_local_por_sku
prod-49559,Paz Pet 60 ml,Veterinaria,/products/receta.svg,,placeholder_o_no_importable
prod-111,"Pedialyte Manzana 500 Cc (Citrato De Potasio, Citrato De Sodio, Cloruro De Sodio, Dextrosa)",Medicamentos,/products/receta.svg,,placeholder_o_no_importable
prod-25591,Pediasure Compl 850 g Chocolate,Cuidado familiar,/products/showcase/pediasure-chocolate-850g.jpg,http://farmacia-andes.abc/products/showcase/pediasure-chocolate-850g.jpg,override_comun
prod-25607,"Pediasure Compl 850 g Vainilla (Ácido Grasos, Minerales, Proteinas, Vitaminas)",Cuidado familiar,/products/showcase/pediasure-vainilla-850g.jpg,http://farmacia-andes.abc/products/showcase/pediasure-vainilla-850g.jpg,override_comun
prod-49469,Peineta Beauty 100,Dermocosmética,/products/crema.svg,,placeholder_o_no_importable
prod-49234,"Penicil Ben Amp 1200000u* (Penicilina Benzatina 0,991 g)",Medicamentos,/products/importadas/prod-49234-penicil-ben-amp-1200000u-penicilina-benzatina-0-991-g-dr-simi.jpg,http://farmacia-andes.abc/products/importadas/prod-49234-penicil-ben-amp-1200000u-penicilina-benzatina-0-991-g-dr-simi.jpg,archivo_local_por_sku
prod-49284,Pepsodent Int 18 Dientes Sensibles 75 g,Dermocosmética,/products/crema.svg,,placeholder_o_no_importable
prod-49282,Pepsodent Int Pas Limp Prof 96 g,Dermocosmética,/products/crema.svg,,placeholder_o_no_importable
prod-49581,Perenteryl 250 mg 10 Sob (Saccharomyces Boulardii 250 mg),Medicamentos,/products/medicamentos/prod-49581-perenteryl-250-mg-10-sob-saccharomyces-boulardii-250-mg.jpg,http://farmacia-andes.abc/products/medicamentos/prod-49581-perenteryl-250-mg-10-sob-saccharomyces-boulardii-250-mg.jpg,archivo_local_por_sku
prod-29700,Perenteryl Ad 250 mg 10 cápsulas (Saccharomyces 250 mg),Medicamentos,/products/medicamentos/prod-29700-perenteryl-ad-250-mg-10-capsulas-saccharomyces-250-mg.jpg,http://farmacia-andes.abc/products/medicamentos/prod-29700-perenteryl-ad-250-mg-10-capsulas-saccharomyces-250-mg.jpg,archivo_local_por_sku
prod-49391,Perfilador De Cejas,Dermocosmética,/products/crema.svg,,placeholder_o_no_importable
prod-49909,Petalos Desmaquillantes 80 Un,Dermocosmética,/products/crema.svg,,placeholder_o_no_importable
prod-47155,Petri Toa Des Agu Mice 25,Medicamentos,/products/receta.svg,,placeholder_o_no_importable
prod-47154,Petri Toa Des Hidra Sho 25,Medicamentos,/products/medicamentos/prod-47154-petri-toa-des-hidra-sho-25.jpg,http://farmacia-andes.abc/products/medicamentos/prod-47154-petri-toa-des-hidra-sho-25.jpg,archivo_local_por_sku
prod-49222,Petrizzio Agua Micelar Hyaluronic Boost x 400,Dermocosmética,/products/crema.svg,,placeholder_o_no_importable
prod-49431,Petrizzio Body Break Hidra 200 ml,Dermocosmética,/products/importadas/prod-49431-petrizzio-body-break-hidra-200-ml-dr-simi.jpg,http://farmacia-andes.abc/products/importadas/prod-49431-petrizzio-body-break-hidra-200-ml-dr-simi.jpg,archivo_local_por_sku
prod-49429,Petrizzio Body Caramel Hidr 200 ml,Dermocosmética,/products/importadas/prod-49429-petrizzio-body-caramel-hidr-200-ml-dr-simi.jpg,http://farmacia-andes.abc/products/importadas/prod-49429-petrizzio-body-caramel-hidr-200-ml-dr-simi.jpg,archivo_local_por_sku
prod-49430,Petrizzio Body Carnival Hidra 200 ml,Dermocosmética,/products/importadas/prod-49430-petrizzio-body-carnival-hidra-200-ml-dr-simi.jpg,http://farmacia-andes.abc/products/importadas/prod-49430-petrizzio-body-carnival-hidra-200-ml-dr-simi.jpg,archivo_local_por_sku
prod-49433,Petrizzio Body Mode One Hidra 200 ml,Dermocosmética,/products/importadas/prod-49433-petrizzio-body-mode-one-hidra-200-ml-dr-simi.jpg,http://farmacia-andes.abc/products/importadas/prod-49433-petrizzio-body-mode-one-hidra-200-ml-dr-simi.jpg,archivo_local_por_sku
prod-49432,Petrizzio Body Party Hidra 200 ml,Dermocosmética,/products/importadas/prod-49432-petrizzio-body-party-hidra-200-ml-dr-simi.jpg,http://farmacia-andes.abc/products/importadas/prod-49432-petrizzio-body-party-hidra-200-ml-dr-simi.jpg,archivo_local_por_sku
prod-49856,Petrizzio Facial Antimancha FPS 50,Protección solar,/products/importadas/prod-49856-petrizzio-facial-antimancha-fps-50-dr-simi.jpg,http://farmacia-andes.abc/products/importadas/prod-49856-petrizzio-facial-antimancha-fps-50-dr-simi.jpg,archivo_local_por_sku
prod-49417,Petrizzio Quita Esmalte 75 ml,Dermocosmética,/products/crema.svg,,placeholder_o_no_importable
prod-2542,Phb Cep Junior,Dermocosmética,/products/crema.svg,,placeholder_o_no_importable
prod-38962,Phb Cep Orthodontic + Pasta 15 ml,Dermocosmética,/products/crema.svg,,placeholder_o_no_importable
prod-2536,Phb Cep Petit Niño,Dermocosmética,/products/crema.svg,,placeholder_o_no_importable
prod-49502,Phb Cep Super 6 Sensib Plus x 2,Dermocosmética,/products/crema.svg,,placeholder_o_no_importable
prod-35385,Phb Cep Super 6 Sensible,Dermocosmética,/products/crema.svg,,placeholder_o_no_importable
prod-34035,Phb Cep Super 7suave 2UD Pack,Dermocosmética,/products/crema.svg,,placeholder_o_no_importable
prod-38963,Phb Cep Super 8 Medio,Dermocosmética,/products/crema.svg,,placeholder_o_no_importable
prod-13017,Phb Cep Super 9 Duro,Dermocosmética,/products/crema.svg,,placeholder_o_no_importable
prod-39898,Phb crema Dental White 75 ml,Dermocosmética,/products/crema.svg,,placeholder_o_no_importable
prod-16448,"Piascledine 300 mg 30 cápsulas (Glycine Max 200 mg, Persea Gratissima 100 mg)",Medicamentos,/products/receta.svg,,placeholder_o_no_importable
prod-28169,Piclokare 75 mg 28 comprimidos (Clopidogrel 75 mg),Medicamentos,/products/medicamentos/prod-28169-piclokare-75-mg-28-comprimidos-clopidogrel-75-mg.jpg,http://farmacia-andes.abc/products/medicamentos/prod-28169-piclokare-75-mg-28-comprimidos-clopidogrel-75-mg.jpg,archivo_local_por_sku
prod-49972,Picolinato De Cromo 30 cápsulas,Medicamentos,/products/importadas/prod-49972-picolinato-de-cromo-30-capsulas-dr-simi.png,http://farmacia-andes.abc/products/importadas/prod-49972-picolinato-de-cromo-30-capsulas-dr-simi.png,archivo_local_por_sku
prod-47016,"Pielarm crema H Int O 9 + 6,350",Medicamentos,/products/receta.svg,,placeholder_o_no_importable
prod-47077,Pielarm crema Liq Carac 160M,Medicamentos,/products/receta.svg,,placeholder_o_no_importable
prod-47068,Pielarm crema Nut Hid Cas 350,Medicamentos,/products/medicamentos/prod-47068-pielarm-crema-nut-hid-cas-350.jpg,http://farmacia-andes.abc/products/medicamentos/prod-47068-pielarm-crema-nut-hid-cas-350.jpg,archivo_local_por_sku
prod-49394,Pielarmina Body Colageno 350 ml Corporal,Dermocosmética,/products/crema.svg,,placeholder_o_no_importable
prod-2630,Pielarmina crema Bolsa,Dermocosmética,/products/crema.svg,,placeholder_o_no_importable
prod-35713,Pielarmina crema Castañ 70 g,Dermocosmética,/products/crema.svg,,placeholder_o_no_importable
prod-15833,Pielarmina crema Liq Limon 160 ml,Dermocosmética,/products/crema.svg,,placeholder_o_no_importable
prod-30431,Pielarmina crema Manos Parfina + Calendula 70 g,Dermocosmética,/products/crema.svg,,placeholder_o_no_importable
prod-49280,Pielarmina crema Maqui 70 g,Dermocosmética,/products/crema.svg,,placeholder_o_no_importable
prod-49279,Pielarmina crema Rosa Mosq 70 g,Dermocosmética,/products/crema.svg,,placeholder_o_no_importable
prod-48769,Pietra Ed comprimidos 2 mg 30 (Dienogest 2 mg),Medicamentos,/products/medicamentos/prod-48769-pietra-ed-comprimidos-2-mg-30-dienogest-2-mg.jpg,http://farmacia-andes.abc/products/medicamentos/prod-48769-pietra-ed-comprimidos-2-mg-30-dienogest-2-mg.jpg,archivo_local_por_sku
prod-33820,Pigeon Asp Nasal Tubo 10560,Dermocosmética,/products/crema.svg,,placeholder_o_no_importable
prod-35113,Pigeon Bol Alm Leche Mat 120 ml 25UD,Dermocosmética,/products/crema.svg,,placeholder_o_no_importable
prod-8814,Pigeon Cep Dent Lesson Etap 123 10892,Dermocosmética,/products/crema.svg,,placeholder_o_no_importable
prod-14401,Pigeon Prot Pezon Silicona 16896,Dermocosmética,/products/crema.svg,,placeholder_o_no_importable
prod-49928,"Pileran gotas (Metoclopramida 0,5 g)",Veterinaria,/products/receta.svg,,placeholder_o_no_importable
prod-7475,Pilocarpina solución oftálmica 2% 10 ml,Medicamentos,/products/medicamentos/prod-7475-pilocarpina-solucion-oftalmica-2-10-ml.jpg,http://farmacia-andes.abc/products/medicamentos/prod-7475-pilocarpina-solucion-oftalmica-2-10-ml.jpg,archivo_local_por_sku
prod-13059,Pilocarpina solución oftálmica 4% 10 ml,Medicamentos,/products/medicamentos/prod-13059-pilocarpina-solucion-oftalmica-4-10-ml.jpg,http://farmacia-andes.abc/products/medicamentos/prod-13059-pilocarpina-solucion-oftalmica-4-10-ml.jpg,archivo_local_por_sku
prod-11957,"Piretanyl 20 comprimidos (Cafeina 25 mg, Clorfenamina 2 mg, Metamizol 322 mg)",Medicamentos,/products/medicamentos/prod-11957-piretanyl-20-comprimidos-cafeina-25-mg-clorfenamina-2-mg-metamizol-322.jpg,http://farmacia-andes.abc/products/medicamentos/prod-11957-piretanyl-20-comprimidos-cafeina-25-mg-clorfenamina-2-mg-metamizol-322.jpg,archivo_local_por_sku
prod-23357,"Pironal Flu Fte jarabe 100 ml (Ibuprofeno 200 mg, Pseudoefedrina 30 mg)",Medicamentos,/products/medicamentos/prod-23357-pironal-flu-fte-jarabe-100-ml-ibuprofeno-200-mg-pseudoefedrina-30-mg.jpg,http://farmacia-andes.abc/products/medicamentos/prod-23357-pironal-flu-fte-jarabe-100-ml-ibuprofeno-200-mg-pseudoefedrina-30-mg.jpg,archivo_local_por_sku
prod-9701,Piroxicam 20 mg 10 comprimidos Lchile,Medicamentos,/products/medicamentos/prod-9701-piroxicam-20-mg-10-comprimidos-lchile.jpg,http://farmacia-andes.abc/products/medicamentos/prod-9701-piroxicam-20-mg-10-comprimidos-lchile.jpg,archivo_local_por_sku
prod-49631,Piroxinc 5 ml (Ciclopiroxolamina 8 g),Medicamentos,/products/receta.svg,,placeholder_o_no_importable
prod-29669,Planiden Odt 10 mg 30 comprimidos (Clotiazepam 10 mg),Medicamentos,/products/medicamentos/prod-29669-planiden-odt-10-mg-30-comprimidos-clotiazepam-10-mg.jpg,http://farmacia-andes.abc/products/medicamentos/prod-29669-planiden-odt-10-mg-30-comprimidos-clotiazepam-10-mg.jpg,archivo_local_por_sku
prod-49602,Pluricef 200 mg 10 comprimidos bioequivalente (Cefpodoxima 200 mg),Medicamentos,/products/receta.svg,,placeholder_o_no_importable
prod-28424,Pluster 50 mcg 120dosis (Mometasona Furoato 50 mcg),Medicamentos,/products/medicamentos/prod-28424-pluster-50-mcg-120dosis-mometasona-furoato-50-mcg.jpg,http://farmacia-andes.abc/products/medicamentos/prod-28424-pluster-50-mcg-120dosis-mometasona-furoato-50-mcg.jpg,archivo_local_por_sku
prod-15574,Polividona Yodada 10% 30 ml,Medicamentos,/products/importadas/prod-15574-polividona-yodada-10-30-ml-dr-simi.jpg,http://farmacia-andes.abc/products/importadas/prod-15574-polividona-yodada-10-30-ml-dr-simi.jpg,archivo_local_por_sku
prod-9003,Pomada Azufrada 6% 50 g Valma (Azufre 6%),Dermocosmética,/products/crema.svg,,placeholder_o_no_importable
prod-8440,Pomada Salicilada 25 g Valma (Salicilato De Metilo 10%),Dermocosmética,/products/importadas/prod-8440-pomada-salicilada-25-g-valma-salicilato-de-metilo-10-dr-simi.jpg,http://farmacia-andes.abc/products/importadas/prod-8440-pomada-salicilada-25-g-valma-salicilato-de-metilo-10-dr-simi.jpg,archivo_local_por_sku
prod-10546,"Potasio Gluconato 31,2% 200 ml Lchile",Medicamentos,/products/medicamentos/prod-10546-potasio-gluconato-31-2-200-ml-lchile.jpg,http://farmacia-andes.abc/products/medicamentos/prod-10546-potasio-gluconato-31-2-200-ml-lchile.jpg,archivo_local_por_sku
prod-48164,Power Shot Piña sin Az 60 ml,Cuidado familiar,/products/suero.svg,,placeholder_o_no_importable
prod-49235,Prednisolo Sus Oft 1%5 ml (Prednisolona Acetato 1%),Medicamentos,/products/importadas/prod-49235-prednisolo-sus-oft-1-5-ml-prednisolona-acetato-1-dr-simi.png,http://farmacia-andes.abc/products/importadas/prod-49235-prednisolo-sus-oft-1-5-ml-prednisolona-acetato-1-dr-simi.png,archivo_local_por_sku
prod-49318,Prednisona 20 mg 20 comprimidos,Medicamentos,/products/medicamentos/prednisona-pasteur-20mg-20comp.webp,http://farmacia-andes.abc/products/medicamentos/prednisona-pasteur-20mg-20comp.webp,override_json
prod-31261,Prednisona 5 mg 20 comprimidos (bioequivalente) Lchile,Medicamentos,/products/medicamentos/prod-31261-prednisona-5-mg-20-comprimidos-bioequivalente-lchile.jpg,http://farmacia-andes.abc/products/medicamentos/prod-31261-prednisona-5-mg-20-comprimidos-bioequivalente-lchile.jpg,archivo_local_por_sku
prod-50188,Prednisona suspensión oral 20 mg/5 ml,Medicamentos,/products/importadas/prod-50188-prednisona-suspension-oral-20-mg-5-ml-dr-simi.jpg,http://farmacia-andes.abc/products/importadas/prod-50188-prednisona-suspension-oral-20-mg-5-ml-dr-simi.jpg,archivo_local_por_sku
prod-49347,"Predual 10 comprimidos (Mepiramina 15 mg, Pamabrom 25 mg, Paracetamol 500 mg)",Medicamentos,/products/importadas/prod-49347-predual-10-comprimidos-mepiramina-15-mg-pamabrom-25-mg-paracetamol-500-mg-dr-simi.jpg,http://farmacia-andes.abc/products/importadas/prod-49347-predual-10-comprimidos-mepiramina-15-mg-pamabrom-25-mg-paracetamol-500-mg-dr-simi.jpg,archivo_local_por_sku
prod-49299,Pregabalina 150 mg 30 cápsulas (bioequivalente) Curaesp,Medicamentos,/products/importadas/prod-49299-pregabalina-150-mg-30-capsulas-bioequivalente-curaesp-dr-simi.jpg,http://farmacia-andes.abc/products/importadas/prod-49299-pregabalina-150-mg-30-capsulas-bioequivalente-curaesp-dr-simi.jpg,archivo_local_por_sku
prod-49361,Pregabalina 75 mg 30 cápsulas,Medicamentos,/products/importadas/prod-49361-pregabalina-75-mg-30-capsulas-dr-simi.jpg,http://farmacia-andes.abc/products/importadas/prod-49361-pregabalina-75-mg-30-capsulas-dr-simi.jpg,archivo_local_por_sku
prod-49714,Pregalex 150 mg (Pregab) 30 comprimidos (Pregabalina 150 mg),Medicamentos,/products/medicamentos/prod-49714-pregalex-150-mg-pregab-30-comprimidos-pregabalina-150-mg.jpg,http://farmacia-andes.abc/products/medicamentos/prod-49714-pregalex-150-mg-pregab-30-comprimidos-pregabalina-150-mg.jpg,archivo_local_por_sku
prod-38179,Prestat 50 mg 40 comprimidos (Pregabalina 50 mg),Medicamentos,/products/medicamentos/prod-38179-prestat-50-mg-40-comprimidos-pregabalina-50-mg.jpg,http://farmacia-andes.abc/products/medicamentos/prod-38179-prestat-50-mg-40-comprimidos-pregabalina-50-mg.jpg,archivo_local_por_sku
prod-10547,Primidona 250 mg 50 comprimidos,Medicamentos,/products/medicamentos/prod-10547-primidona-250-mg-50-comprimidos.jpg,http://farmacia-andes.abc/products/medicamentos/prod-10547-primidona-250-mg-50-comprimidos.jpg,archivo_local_por_sku
prod-4854,"Proctogel crema 30 g (Lidocaina 2 g, Tribenosido 5 g)",Medicamentos,/products/medicamentos/prod-4854-proctogel-crema-30-g-lidocaina-2-g-tribenosido-5-g.jpg,http://farmacia-andes.abc/products/medicamentos/prod-4854-proctogel-crema-30-g-lidocaina-2-g-tribenosido-5-g.jpg,archivo_local_por_sku
prod-49181,Prodasone comprimidos 5 mg x 20 (Medroxiprogesterona 5 mg),Medicamentos,/products/medicamentos/prod-49181-prodasone-comprimidos-5-mg-x-20-medroxiprogesterona-5-mg.jpg,http://farmacia-andes.abc/products/medicamentos/prod-49181-prodasone-comprimidos-5-mg-x-20-medroxiprogesterona-5-mg.jpg,archivo_local_por_sku
prod-5843,Prodel jarabe 120 ml (Clorfenamina 2 mg/5 ml),Medicamentos,/products/medicamentos/prod-5843-prodel-jarabe-120-ml-clorfenamina-2-mg-5-ml.jpg,http://farmacia-andes.abc/products/medicamentos/prod-5843-prodel-jarabe-120-ml-clorfenamina-2-mg-5-ml.jpg,archivo_local_por_sku
prod-13462,"Prodel-b 10 comprimidos (Betametasona 0,25 mg, Clorfenamina 2 mg)",Medicamentos,/products/receta.svg,,placeholder_o_no_importable
prod-5845,"Prodel-b 30 comprimidos (Betametasona 0,25 mg, Clorfenamina 2 mg)",Medicamentos,/products/medicamentos/prod-5845-prodel-b-30-comprimidos-betametasona-0-25-mg-clorfenamina-2-mg.jpg,http://farmacia-andes.abc/products/medicamentos/prod-5845-prodel-b-30-comprimidos-betametasona-0-25-mg-clorfenamina-2-mg.jpg,archivo_local_por_sku
prod-11475,"Prolong 1000 Sp 10 g (Lidocaina 11,5%)",Medicamentos,/products/medicamentos/prod-11475-prolong-1000-sp-10-g-lidocaina-11-5.jpg,http://farmacia-andes.abc/products/medicamentos/prod-11475-prolong-1000-sp-10-g-lidocaina-11-5.jpg,archivo_local_por_sku
prod-27495,Promerpal 140 mg 10 cápsulas (Diclofenaco Colestiramina 140 mg),Medicamentos,/products/medicamentos/prod-27495-promerpal-140-mg-10-capsulas-diclofenaco-colestiramina-140-mg.jpg,http://farmacia-andes.abc/products/medicamentos/prod-27495-promerpal-140-mg-10-capsulas-diclofenaco-colestiramina-140-mg.jpg,archivo_local_por_sku
prod-38917,Propoleo C jarabe x 180 ml,Medicamentos,/products/receta.svg,,placeholder_o_no_importable
prod-38918,Propoleo Spray sin Miel x 30 ml,Medicamentos,/products/medicamentos/prod-38918-propoleo-spray-sin-miel-x-30-ml.jpg,http://farmacia-andes.abc/products/medicamentos/prod-38918-propoleo-spray-sin-miel-x-30-ml.jpg,archivo_local_por_sku
prod-50090,Propoleo Tutti Frutti Spray Kids 30 ml (Springlife),Medicamentos,/products/medicamentos/prod-50090-propoleo-tutti-frutti-spray-kids-30-ml-springlife.jpg,http://farmacia-andes.abc/products/medicamentos/prod-50090-propoleo-tutti-frutti-spray-kids-30-ml-springlife.jpg,archivo_local_por_sku
prod-31054,Propranolol 10 mg 20 comprimidos Mintlab,Medicamentos,/products/medicamentos/prod-31054-propranolol-10-mg-20-comprimidos-mintlab.jpg,http://farmacia-andes.abc/products/medicamentos/prod-31054-propranolol-10-mg-20-comprimidos-mintlab.jpg,archivo_local_por_sku
prod-10549,Propranolol 40 mg 20 comprimidos Mintlab,Medicamentos,/products/medicamentos/prod-10549-propranolol-40-mg-20-comprimidos-mintlab.jpg,http://farmacia-andes.abc/products/medicamentos/prod-10549-propranolol-40-mg-20-comprimidos-mintlab.jpg,archivo_local_por_sku
prod-50134,"Proteliv (Colina 10 mg, Metionina 200 mg, N-acetilcisteina 30 mg)",Veterinaria,/products/receta.svg,,placeholder_o_no_importable
prod-49842,Protex Jab Liq Vit E 500 ml,Dermocosmética,/products/crema.svg,,placeholder_o_no_importable
prod-49258,Protex Jab Barra Aloe 125 g,Dermocosmética,/products/crema.svg,,placeholder_o_no_importable
prod-49654,Prudence Corrugado Preservativo 3U,Medicamentos,/products/receta.svg,,placeholder_o_no_importable
prod-49243,Pylobiotic cápsulas Env Vta x 30 (Bifidobacterium Longum Es 1 x 10_9 1UFC),Medicamentos,/products/receta.svg,,placeholder_o_no_importable
prod-50023,Pyriped Ibuprofeno 400 mg 10 cápsulas,Medicamentos,/products/medicamentos/prod-50023-pyriped-ibuprofeno-400-mg-10-capsulas.jpg,http://farmacia-andes.abc/products/medicamentos/prod-50023-pyriped-ibuprofeno-400-mg-10-capsulas.jpg,archivo_local_por_sku
prod-27507,Pyriped-cb 400 mg 20 cápsulas (Ibuprofeno 400 mg),Medicamentos,/products/receta.svg,,placeholder_o_no_importable
prod-49740,Qg 5 Caja 30 comprimidos,Medicamentos,/products/medicamentos/prod-49740-qg-5-caja-30-comprimidos.jpg,http://farmacia-andes.abc/products/medicamentos/prod-49740-qg-5-caja-30-comprimidos.jpg,archivo_local_por_sku
prod-33807,Quetiapina 100 mg 30 comprimidos Re (bioequivalente) Ascend,Medicamentos,/products/importadas/prod-33807-quetiapina-100-mg-30-comprimidos-re-bioequivalente-ascend-dr-simi.jpg,http://farmacia-andes.abc/products/importadas/prod-33807-quetiapina-100-mg-30-comprimidos-re-bioequivalente-ascend-dr-simi.jpg,archivo_local_por_sku
prod-50162,Quetiapina 25 mg ( bioequivalente ) 30 comprimidos,Medicamentos,/products/importadas/prod-50162-quetiapina-25-mg-bioequivalente-30-comprimidos-dr-simi.jpg,http://farmacia-andes.abc/products/importadas/prod-50162-quetiapina-25-mg-bioequivalente-30-comprimidos-dr-simi.jpg,archivo_local_por_sku
prod-15019,Quinobiot 750 mg 7 comprimidos recubiertos (Levofloxacino 750 mg),Medicamentos,/products/medicamentos/prod-15019-quinobiot-750-mg-7-comprimidos-recubiertos-levofloxacino-750-mg.jpg,http://farmacia-andes.abc/products/medicamentos/prod-15019-quinobiot-750-mg-7-comprimidos-recubiertos-levofloxacino-750-mg.jpg,archivo_local_por_sku
prod-2908,Quitacallos crema 5 g (Ácido Salicilico 30 g),Medicamentos,/products/medicamentos/prod-2908-quitacallos-crema-5-g-acido-salicilico-30-g.jpg,http://farmacia-andes.abc/products/medicamentos/prod-2908-quitacallos-crema-5-g-acido-salicilico-30-g.jpg,archivo_local_por_sku
prod-49666,Radigen (Risperidona 1 mg),Medicamentos,/products/medicamentos/prod-49666-radigen-risperidona-1-mg.jpg,http://farmacia-andes.abc/products/medicamentos/prod-49666-radigen-risperidona-1-mg.jpg,archivo_local_por_sku
prod-13431,Rayito De solución FPS 50 Kids 90 g,Protección solar,/products/solar-kids.svg,,placeholder_o_no_importable
prod-8374,Recolector Orina Adulto 2LT,Medicamentos,/products/receta.svg,,placeholder_o_no_importable
prod-38364,Recovery K Tape Negro,Medicamentos,/products/medicamentos/prod-38364-recovery-k-tape-negro.jpg,http://farmacia-andes.abc/products/medicamentos/prod-38364-recovery-k-tape-negro.jpg,archivo_local_por_sku
prod-13362,Red Bull Beb Energi 250 ml (Vitaminas),Cuidado familiar,/products/suero.svg,,placeholder_o_no_importable
prod-38954,"Red Off solución oftálmica 15 ml (Nafazolina 0,125 mg)",Medicamentos,/products/medicamentos/prod-38954-red-off-solucion-oftalmica-15-ml-nafazolina-0-125-mg.jpg,http://farmacia-andes.abc/products/medicamentos/prod-38954-red-off-solucion-oftalmica-15-ml-nafazolina-0-125-mg.jpg,archivo_local_por_sku
prod-28017,Refellin Kit Trat Piojos (Dimeticona 1/1),Medicamentos,/products/receta.svg,,placeholder_o_no_importable
prod-14811,Reflexan 5 mg 20 comprimidos (Ciclobenzaprina 5 mg),Medicamentos,/products/medicamentos/prod-14811-reflexan-5-mg-20-comprimidos-ciclobenzaprina-5-mg.jpg,http://farmacia-andes.abc/products/medicamentos/prod-14811-reflexan-5-mg-20-comprimidos-ciclobenzaprina-5-mg.jpg,archivo_local_por_sku
prod-40583,"Regenesis Max 30 cápsulas (Ácido Docosahexanoico 0,1%, Minerales 0,1%, Omega 3 300 mg)",Medicamentos,/products/medicamentos/prod-40583-regenesis-max-30-capsulas-acido-docosahexanoico-0-1-minerales-0-1-omeg.jpg,http://farmacia-andes.abc/products/medicamentos/prod-40583-regenesis-max-30-capsulas-acido-docosahexanoico-0-1-minerales-0-1-omeg.jpg,archivo_local_por_sku
prod-49423,"Regenesis Ultra (Hierro 25 mg, Omega 3 359 mg, Vitamina D 800 UI)",Medicamentos,/products/importadas/prod-49423-regenesis-ultra-hierro-25-mg-omega-3-359-mg-vitamina-d-800-ui-dr-simi.jpg,http://farmacia-andes.abc/products/importadas/prod-49423-regenesis-ultra-hierro-25-mg-omega-3-359-mg-vitamina-d-800-ui-dr-simi.jpg,archivo_local_por_sku
prod-40359,"Regenesis Up 30 cápsulas (Ácido Ascorbico 1 mg, Minerales 1 mg, Omega 3 1 mg, Vitamina E 0,5%/1, Vitaminas 1 mg, Vitaminas B 1 mg)",Medicamentos,/products/importadas/prod-40359-regenesis-up-30-capsulas-acido-ascorbico-1-mg-minerales-1-mg-omega-3-1-mg-vi-dr-simi.jpg,http://farmacia-andes.abc/products/importadas/prod-40359-regenesis-up-30-capsulas-acido-ascorbico-1-mg-minerales-1-mg-omega-3-1-mg-vi-dr-simi.jpg,archivo_local_por_sku
prod-14979,Relatene 100 mg 20 comprimidos Mintlab (Ketoprofeno 100 mg),Medicamentos,/products/medicamentos/prod-14979-relatene-100-mg-20-comprimidos-mintlab-ketoprofeno-100-mg.jpg,http://farmacia-andes.abc/products/medicamentos/prod-14979-relatene-100-mg-20-comprimidos-mintlab-ketoprofeno-100-mg.jpg,archivo_local_por_sku
prod-864,Remitex 10 mg gotas 15 ml (Cetirizina 10 mg/1 ml),Medicamentos,/products/receta.svg,,placeholder_o_no_importable
prod-16990,Renu Plus solución 355 ml,Accesorios,/products/suero.svg,,placeholder_o_no_importable
prod-36930,Repelex Forte Sp 165 ml (Dietiltoluamida 30%),Medicamentos,/products/importadas/prod-36930-repelex-forte-sp-165-ml-dietiltoluamida-30-dr-simi.jpg,http://farmacia-andes.abc/products/importadas/prod-36930-repelex-forte-sp-165-ml-dietiltoluamida-30-dr-simi.jpg,archivo_local_por_sku
prod-17148,Repelex NF Sp 165 ml (Dietiltoluamida 15%),Medicamentos,/products/importadas/prod-17148-repelex-nf-sp-165-ml-dietiltoluamida-15-dr-simi.jpg,http://farmacia-andes.abc/products/importadas/prod-17148-repelex-nf-sp-165-ml-dietiltoluamida-15-dr-simi.jpg,archivo_local_por_sku
prod-31221,Revitalif FPS 30 50 ml,Protección solar,/products/solar-kids.svg,,placeholder_o_no_importable
prod-50171,Revolution (Selamectina 6 % ),Veterinaria,/products/receta.svg,,placeholder_o_no_importable
prod-47368,Rexanel comprimidos 10 mg 30 comprimidos (Rupatadina 10 mg),Medicamentos,/products/medicamentos/prod-47368-rexanel-comprimidos-10-mg-30-comprimidos-rupatadina-10-mg.jpg,http://farmacia-andes.abc/products/medicamentos/prod-47368-rexanel-comprimidos-10-mg-30-comprimidos-rupatadina-10-mg.jpg,archivo_local_por_sku
prod-41925,Rexona Cotton Des Stk 72H 150 ml,Dermocosmética,/products/crema.svg,,placeholder_o_no_importable
prod-49266,Rexona Des Spray Invisible 150 ml,Dermocosmética,/products/crema.svg,,placeholder_o_no_importable
prod-49296,Rexona Des Spray Power Dry 150 ml,Dermocosmética,/products/crema.svg,,placeholder_o_no_importable
prod-49297,Rexona Desp Sf Futbol Fan 150 ml,Dermocosmética,/products/crema.svg,,placeholder_o_no_importable
prod-49343,"Rexona Desp V 8,150 ml",Dermocosmética,/products/crema.svg,,placeholder_o_no_importable
prod-49340,Rexona Desp Xtra Cool 72 H 150 ml,Dermocosmética,/products/crema.svg,,placeholder_o_no_importable
prod-32967,Rexona Men Des Stick V 8 50 g,Dermocosmética,/products/crema.svg,,placeholder_o_no_importable
prod-50166,Rexona Men Dessp Invisible 150 ml,Dermocosmética,/products/crema.svg,,placeholder_o_no_importable
prod-37995,Rexona Men Des Stk A P E Cool 50 g,Dermocosmética,/products/crema.svg,,placeholder_o_no_importable
prod-15708,Rexona Men Des Stk Inv 50 g,Dermocosmética,/products/crema.svg,,placeholder_o_no_importable
prod-23533,Rexona Wom Des Stk A Emotion 50 g,Dermocosmética,/products/crema.svg,,placeholder_o_no_importable
prod-4333,Rexona Wom Des Stk Bambo 50 g,Dermocosmética,/products/crema.svg,,placeholder_o_no_importable
prod-4337,Rexona Wom Des Stk Powder 50 g,Dermocosmética,/products/crema.svg,,placeholder_o_no_importable
prod-25721,"Rigotax-d 10 cápsulas (Cetirizina 5 mg, Pseudoefedrina 120 mg)",Medicamentos,/products/medicamentos/prod-25721-rigotax-d-10-capsulas-cetirizina-5-mg-pseudoefedrina-120-mg.jpg,http://farmacia-andes.abc/products/medicamentos/prod-25721-rigotax-d-10-capsulas-cetirizina-5-mg-pseudoefedrina-120-mg.jpg,archivo_local_por_sku
prod-49246,Rilex comprimidos recubiertos 10 mg (Rivaroxabán),Medicamentos,/products/receta.svg,,placeholder_o_no_importable
prod-868,"Rinobanedif ungüento 10 g (Antazolina 5 mg/1 g, Bacitracina 500 UI/1 g, Neomicina 3,5 mg/1 g, Xilometazolina 0,5 mg/1 g)",Dermocosmética,/products/crema.svg,,placeholder_o_no_importable
prod-49345,Rismia 1M 30 comprimidos Indopharma (Risperidona 1 mg),Medicamentos,/products/receta.svg,,placeholder_o_no_importable
prod-49188,Rispyl comprimidos 1 mg x 20 (Risperidona 1 mg),Medicamentos,/products/receta.svg,,placeholder_o_no_importable
prod-49191,Rispyl comprimidos 3 mg x 20 (Risperidona 3 mg),Medicamentos,/products/receta.svg,,placeholder_o_no_importable
prod-49512,Rivaxored 10 mg (Rivaroxaban) 10 comprimidos,Medicamentos,/products/medicamentos/prod-49512-rivaxored-10-mg-rivaroxaban-10-comprimidos.jpg,http://farmacia-andes.abc/products/medicamentos/prod-49512-rivaxored-10-mg-rivaroxaban-10-comprimidos.jpg,archivo_local_por_sku
prod-49381,Rivaxored 15 mg (Rivroxaban) 28 comprimidos (Rivaroxaban 15 mg),Medicamentos,/products/medicamentos/prod-49381-rivaxored-15-mg-rivroxaban-28-comprimidos-rivaroxaban-15-mg.jpg,http://farmacia-andes.abc/products/medicamentos/prod-49381-rivaxored-15-mg-rivroxaban-28-comprimidos-rivaroxaban-15-mg.jpg,archivo_local_por_sku
prod-49377,Rivaxored 20 mg (Rivroxaban) 28 comprimidos (Rivaroxaban 20 mg),Medicamentos,/products/medicamentos/prod-49377-rivaxored-20-mg-rivroxaban-28-comprimidos-rivaroxaban-20-mg.jpg,http://farmacia-andes.abc/products/medicamentos/prod-49377-rivaxored-20-mg-rivroxaban-28-comprimidos-rivaroxaban-20-mg.jpg,archivo_local_por_sku
prod-39741,"Rosina Cd 28 comprimidos recubiertos (bioequivalente) (Drospirenona 3 mg, Etinilestradiol 0,03 mg)",Medicamentos,/products/medicamentos/prod-39741-rosina-cd-28-comprimidos-recubiertos-bioequivalente-drospirenona-3-mg-.jpg,http://farmacia-andes.abc/products/medicamentos/prod-39741-rosina-cd-28-comprimidos-recubiertos-bioequivalente-drospirenona-3-mg-.jpg,archivo_local_por_sku
prod-24413,Rostrum 50 mg 10 comprimidos (Enrofloxacino 50 mg),Veterinaria,/products/receta.svg,,placeholder_o_no_importable
prod-50109,Rosuvastatina 10 mg x 30 comprimidos,Medicamentos,/products/medicamentos/prod-50109-rosuvastatina-10-mg-x-30-comprimidos.jpg,http://farmacia-andes.abc/products/medicamentos/prod-50109-rosuvastatina-10-mg-x-30-comprimidos.jpg,archivo_local_por_sku
prod-50148,Rosuvastatina 20 mg 30 comprimidos (Seven),Medicamentos,/products/medicamentos/prod-50148-rosuvastatina-20-mg-30-comprimidos-seven.jpg,http://farmacia-andes.abc/products/medicamentos/prod-50148-rosuvastatina-20-mg-30-comprimidos-seven.jpg,archivo_local_por_sku
prod-40370,Rosuvastatina 20 mg 30 comprimidos recubiertos (Bioequivalente)ascend,Medicamentos,/products/medicamentos/prod-40370-rosuvastatina-20-mg-30-comprimidos-recubiertos-bioequivalente-ascend.jpg,http://farmacia-andes.abc/products/medicamentos/prod-40370-rosuvastatina-20-mg-30-comprimidos-recubiertos-bioequivalente-ascend.jpg,archivo_local_por_sku
prod-30152,Rupafin comprimidos 10 mg 30 (Rupatadina 10 mg),Medicamentos,/products/medicamentos/prod-30152-rupafin-comprimidos-10-mg-30-rupatadina-10-mg.jpg,http://farmacia-andes.abc/products/medicamentos/prod-30152-rupafin-comprimidos-10-mg-30-rupatadina-10-mg.jpg,archivo_local_por_sku
prod-40554,Rupafin solución 1 mg/ml 120 ml (Rupatadina 1 mg/1 ml),Medicamentos,/products/medicamentos/prod-40554-rupafin-solucion-1-mg-ml-120-ml-rupatadina-1-mg-1-ml.jpg,http://farmacia-andes.abc/products/medicamentos/prod-40554-rupafin-solucion-1-mg-ml-120-ml-rupatadina-1-mg-1-ml.jpg,archivo_local_por_sku
prod-41112,S Life Vitamina C 1000 mg 60 comprimidos (Ácido Ascorbico 1000 mg),Cuidado familiar,/products/suero.svg,,placeholder_o_no_importable
prod-49773,Sabanilla Higliecin 10 Un,Dermocosmética,/products/crema.svg,,placeholder_o_no_importable
prod-25405,Sagras 120 mg 42 cápsulas (Orlistat 120 mg),Medicamentos,/products/receta.svg,,placeholder_o_no_importable
prod-31357,Salbutamol 100 mcg/Ds 200 Ds Mintlab,Medicamentos,/products/medicamentos/salbutamol-mintlab-100mcg-200dosis.jpg,http://farmacia-andes.abc/products/medicamentos/salbutamol-mintlab-100mcg-200dosis.jpg,override_json
prod-19484,Salbutamol jarabe 100 ml,Medicamentos,/products/medicamentos/prod-19484-salbutamol-jarabe-100-ml.jpg,http://farmacia-andes.abc/products/medicamentos/prod-19484-salbutamol-jarabe-100-ml.jpg,archivo_local_por_sku
prod-31910,Salbutamol solución Nebulizar 5 mg/ml 20 ml Lefedar,Medicamentos,/products/medicamentos/prod-31910-salbutamol-solucion-nebulizar-5-mg-ml-20-ml-lefedar.jpg,http://farmacia-andes.abc/products/medicamentos/prod-31910-salbutamol-solucion-nebulizar-5-mg-ml-20-ml-lefedar.jpg,archivo_local_por_sku
prod-13069,Salbutamol + Beclom Inh 100/50 mcg 200 Ds Chemopharma,Medicamentos,/products/medicamentos/prod-13069-salbutamol-beclom-inh-100-50-mcg-200-ds-chemopharma.jpg,http://farmacia-andes.abc/products/medicamentos/prod-13069-salbutamol-beclom-inh-100-50-mcg-200-ds-chemopharma.jpg,archivo_local_por_sku
prod-25699,Salbutamol-lf Inh 250 Ds Chemopharma,Medicamentos,/products/importadas/prod-25699-salbutamol-lf-inh-250-ds-chemopharma-dr-simi.jpg,http://farmacia-andes.abc/products/importadas/prod-25699-salbutamol-lf-inh-250-ds-chemopharma-dr-simi.jpg,archivo_local_por_sku
prod-33223,Salbutral Ácido Sf Inh 250 Ds,Medicamentos,/products/medicamentos/prod-33223-salbutral-acido-sf-inh-250-ds.jpg,http://farmacia-andes.abc/products/medicamentos/prod-33223-salbutral-acido-sf-inh-250-ds.jpg,archivo_local_por_sku
prod-34550,"Sales Rehidra 60,8 Sachets Fresas Opko",Medicamentos,/products/receta.svg,,placeholder_o_no_importable
prod-29994,Sales Rehidratante 90meq 1 Sachet Valma,Medicamentos,/products/receta.svg,,placeholder_o_no_importable
prod-7826,"Salonpas 1sobre 10parches (Alcanfor 7,1 mg, Mentol 32,7 mg, Salicilato De Metilo 36,1 mg, Tocoferol 11,5 mg)",Medicamentos,/products/receta.svg,,placeholder_o_no_importable
prod-49498,Scanmed Test De Olvulacion 1 Un,Medicamentos,/products/receta.svg,,placeholder_o_no_importable
prod-44578,Schic Hydro 5 Sens Maq x 2,Medicamentos,/products/medicamentos/prod-44578-schic-hydro-5-sens-maq-x-2.jpg,http://farmacia-andes.abc/products/medicamentos/prod-44578-schic-hydro-5-sens-maq-x-2.jpg,archivo_local_por_sku
prod-40266,Schick Quat Wom Maq Des x 2,Dermocosmética,/products/crema.svg,,placeholder_o_no_importable
prod-33153,Schick Quatro Maq Titanx 2,Dermocosmética,/products/crema.svg,,placeholder_o_no_importable
prod-21503,Sebolic Jabon 100 g,Higiene,/products/alcohol-gel.svg,,placeholder_o_no_importable
prod-49253,Secret Des Barra A/P Inv Fresh Vainilla 45 g,Dermocosmética,/products/crema.svg,,placeholder_o_no_importable
prod-49254,Secret Des Barra A/P Inv Power Protect 45 g,Dermocosmética,/products/crema.svg,,placeholder_o_no_importable
prod-49263,Sedal Ácido Bomba Coco 340 ml,Dermocosmética,/products/crema.svg,,placeholder_o_no_importable
prod-49332,Sedal Ácido Rest Instan 340,Dermocosmética,/products/crema.svg,,placeholder_o_no_importable
prod-49278,Sedal crema Pei Glycol + Vit 300 ml,Dermocosmética,/products/crema.svg,,placeholder_o_no_importable
prod-49252,Sedal crema Pei Celula 300M,Dermocosmética,/products/crema.svg,,placeholder_o_no_importable
prod-34670,Sedal crema Peinar Rest 300 ml,Dermocosmética,/products/crema.svg,,placeholder_o_no_importable
prod-13202,Sedal crema Peinar Rizos Obe 300 ml,Dermocosmética,/products/crema.svg,,placeholder_o_no_importable
prod-49800,Sedal Masc Glycol + Vit C 300 g,Dermocosmética,/products/crema.svg,,placeholder_o_no_importable
prod-45356,Sedal Sh Bomba Coco 340 ml,Medicamentos,/products/medicamentos/prod-45356-sedal-sh-bomba-coco-340-ml.jpg,http://farmacia-andes.abc/products/medicamentos/prod-45356-sedal-sh-bomba-coco-340-ml.jpg,archivo_local_por_sku
prod-49262,Sedal Sh Glycol 340M,Dermocosmética,/products/crema.svg,,placeholder_o_no_importable
prod-49264,Sedal Sh Rest Instan 340,Dermocosmética,/products/crema.svg,,placeholder_o_no_importable
prod-49335,Sedal Ácido Rizos Def 340 ml,Dermocosmética,/products/crema.svg,,placeholder_o_no_importable
prod-49276,Sedal Aco Prebiot + Biot 340 ml,Dermocosmética,/products/crema.svg,,placeholder_o_no_importable
prod-49277,Sedal Aco Glycol + Vit 340 ml,Dermocosmética,/products/crema.svg,,placeholder_o_no_importable
prod-49265,Sedal Sh Rizos Def 340 ml,Dermocosmética,/products/crema.svg,,placeholder_o_no_importable
prod-50067,Selenio 200 mcg x 60 Cápsulas (Scl Cnp),Medicamentos,/products/receta.svg,,placeholder_o_no_importable
prod-50202,"Senilpet Cerebral 20 x 30 comprimidos (Ginkgo Biloba 1/1, Piridoxina (Vitamina B 6) 1/1, Vitamina E 1/1)",Veterinaria,/products/receta.svg,,placeholder_o_no_importable
prod-44544,Sensod Past Sen/En Ori 100,Medicamentos,/products/medicamentos/prod-44544-sensod-past-sen-en-ori-100.jpg,http://farmacia-andes.abc/products/medicamentos/prod-44544-sensod-past-sen-en-ori-100.jpg,archivo_local_por_sku
prod-45432,Sensodyne Cep Sen Care 2X 1,Medicamentos,/products/receta.svg,,placeholder_o_no_importable
prod-28614,"Sentis 37,5 mg 30 cápsulas (Fentermina 37,5 mg)",Medicamentos,/products/receta.svg,,placeholder_o_no_importable
prod-27089,Sertac 100 mg 30 comprimidos (Sertralina 100 mg),Medicamentos,/products/medicamentos/prod-27089-sertac-100-mg-30-comprimidos-sertralina-100-mg.jpg,http://farmacia-andes.abc/products/medicamentos/prod-27089-sertac-100-mg-30-comprimidos-sertralina-100-mg.jpg,archivo_local_por_sku
prod-14831,Sertac 50 mg 30 comprimidos (Sertralina 50 mg),Medicamentos,/products/medicamentos/prod-14831-sertac-50-mg-30-comprimidos-sertralina-50-mg.jpg,http://farmacia-andes.abc/products/medicamentos/prod-14831-sertac-50-mg-30-comprimidos-sertralina-50-mg.jpg,archivo_local_por_sku
prod-30933,Sertralina 50 mg 30 comprimidos Lchile,Medicamentos,/products/medicamentos/prod-30933-sertralina-50-mg-30-comprimidos-lchile.jpg,http://farmacia-andes.abc/products/medicamentos/prod-30933-sertralina-50-mg-30-comprimidos-lchile.jpg,archivo_local_por_sku
prod-49390,Set De Manicure Familiar,Dermocosmética,/products/crema.svg,,placeholder_o_no_importable
prod-36749,"Sibilla 21 comprimidos recubiertos (Dienogest 2 mg, Etinilestradiol 0,03 mg)",Medicamentos,/products/medicamentos/prod-36749-sibilla-21-comprimidos-recubiertos-dienogest-2-mg-etinilestradiol-0-03.jpg,http://farmacia-andes.abc/products/medicamentos/prod-36749-sibilla-21-comprimidos-recubiertos-dienogest-2-mg-etinilestradiol-0-03.jpg,archivo_local_por_sku
prod-41066,"Sibilla Cd 28 comprimidos recubiertos (bioequivalente) (Dienogest 2 mg, Etinilestradiol 0,03 mg)",Medicamentos,/products/medicamentos/prod-41066-sibilla-cd-28-comprimidos-recubiertos-bioequivalente-dienogest-2-mg-et.jpg,http://farmacia-andes.abc/products/medicamentos/prod-41066-sibilla-cd-28-comprimidos-recubiertos-bioequivalente-dienogest-2-mg-et.jpg,archivo_local_por_sku
prod-47534,Simon B Wash Sh&jab 500M,Medicamentos,/products/receta.svg,,placeholder_o_no_importable
prod-49259,Simon Baby Sh&ácido Care 400M,Dermocosmética,/products/crema.svg,,placeholder_o_no_importable
prod-47536,Simon Baby Sh Sua&bri 400M,Medicamentos,/products/receta.svg,,placeholder_o_no_importable
prod-47535,Simon Sh S Kids Coconut 400 ml,Medicamentos,/products/receta.svg,,placeholder_o_no_importable
prod-7993,Simonds Aceite Emul 270 ml,Dermocosmética,/products/crema.svg,,placeholder_o_no_importable
prod-7994,Simonds Aceite Emul 360 ml,Dermocosmética,/products/crema.svg,,placeholder_o_no_importable
prod-7995,Simonds Aceite Emul 650 ml,Dermocosmética,/products/crema.svg,,placeholder_o_no_importable
prod-40389,Simonds Aceite Niños 125 ml,Dermocosmética,/products/crema.svg,,placeholder_o_no_importable
prod-28554,Simonds Alcohol Gelsp 70% 130 ml,Higiene,/products/alcohol-gel.svg,,placeholder_o_no_importable
prod-49783,Simonds Aqua 60 Toall,Dermocosmética,/products/crema.svg,,placeholder_o_no_importable
prod-12933,Simonds Cepillo Y Peineta A-88,Higiene,/products/alcohol-gel.svg,,placeholder_o_no_importable
prod-37973,Simonds Estuche Rn,Dermocosmética,/products/crema.svg,,placeholder_o_no_importable
prod-8027,Simonds Loc Green 260 ml,Dermocosmética,/products/crema.svg,,placeholder_o_no_importable
prod-8029,Simonds Loc Lila 260 ml,Dermocosmética,/products/crema.svg,,placeholder_o_no_importable
prod-8031,Simonds Loc Marina 260 ml,Dermocosmética,/products/crema.svg,,placeholder_o_no_importable
prod-8033,Simonds Loc Pink 260 ml,Dermocosmética,/products/crema.svg,,placeholder_o_no_importable
prod-17605,Simonds Mam B/Ancha 260 ml,Dermocosmética,/products/crema.svg,,placeholder_o_no_importable
prod-8035,Simonds Mam Fansy 240 ml,Dermocosmética,/products/crema.svg,,placeholder_o_no_importable
prod-49814,Simonds Mi Primer Baño Espuma 170 ml,Dermocosmética,/products/crema.svg,,placeholder_o_no_importable
prod-41118,Simonds Mi Primer Jb Micelar 340 ml,Dermocosmética,/products/crema.svg,,placeholder_o_no_importable
prod-49796,Simonds Oleo Complex 130 ml,Dermocosmética,/products/crema.svg,,placeholder_o_no_importable
prod-14095,Simonds polvo Fecula 100 g,Dermocosmética,/products/crema.svg,,placeholder_o_no_importable
prod-12931,Simonds Set con Uñas/Tij/Lima A-93,Dermocosmética,/products/crema.svg,,placeholder_o_no_importable
prod-33426,Simonds Sh Baby 400 ml E/Lag sin Sal,Dermocosmética,/products/crema.svg,,placeholder_o_no_importable
prod-36033,Simonds Sh Smile Kids Manz 400 ml,Dermocosmética,/products/crema.svg,,placeholder_o_no_importable
prod-36035,Simonds Sh Smile Kids Pineap 400 ml,Dermocosmética,/products/crema.svg,,placeholder_o_no_importable
prod-49789,Simonds Vit E Toall Hum 60 x 2,Dermocosmética,/products/crema.svg,,placeholder_o_no_importable
prod-50127,Simparica 120 mg (Sarolaner)comprimidos Masticables x 3,Veterinaria,/products/receta.svg,,placeholder_o_no_importable
prod-50029,Simparica 40 mg (Sarolaner)comprimidos Masticables x 1,Veterinaria,/products/receta.svg,,placeholder_o_no_importable
prod-50128,Simparica 80 mg (Sarolaner)comprimidos Masticables x 3,Veterinaria,/products/receta.svg,,placeholder_o_no_importable
prod-50091,Simparica 80 Mg(sarolaner)comprimidos Masticables x 1,Veterinaria,/products/receta.svg,,placeholder_o_no_importable
prod-49476,Skala Masc Capilar Grape Brillo 1000 g,Dermocosmética,/products/crema.svg,,placeholder_o_no_importable
prod-49523,Skala Masc Capilar Mais Crespos 1000 g,Dermocosmética,/products/crema.svg,,placeholder_o_no_importable
prod-48221,Sl Omega 3-6-9 cápsulas 30,Cuidado familiar,/products/suero.svg,,placeholder_o_no_importable
prod-49238,Sl Vit C Comast 100 mg 100 (Vitaminas 100 mg),Cuidado familiar,/products/suero.svg,,placeholder_o_no_importable
prod-48458,Sl Vitc Efv Nar 1000 mg (Vitaminas 1000 mg),Cuidado familiar,/products/suero.svg,,placeholder_o_no_importable
prod-49985,Sleep Well L-triptofano Gomitas Masticables,Medicamentos,/products/receta.svg,,placeholder_o_no_importable
prod-50065,"Slimbody x 60 Cápsulas (Scl Cnp) (Chitosan 1/1, Te Verde 1/1)",Medicamentos,/products/receta.svg,,placeholder_o_no_importable
prod-35463,Snickers Barra 52 g,Cuidado familiar,/products/suero.svg,,placeholder_o_no_importable
prod-39949,"Snickers Barra Almendra 43,4 g",Cuidado familiar,/products/suero.svg,,placeholder_o_no_importable
prod-49369,Solbiot (Prob) 30 cápsulas (Lactobacilos 1/1),Medicamentos,/products/medicamentos/prod-49369-solbiot-prob-30-capsulas-lactobacilos-1-1.jpg,http://farmacia-andes.abc/products/medicamentos/prod-49369-solbiot-prob-30-capsulas-lactobacilos-1-1.jpg,archivo_local_por_sku
prod-49903,Somnipron Zolpidem 10 mg 30 comprimidos (Sanitas),Medicamentos,/products/medicamentos/prod-49903-somnipron-zolpidem-10-mg-30-comprimidos-sanitas.jpg,http://farmacia-andes.abc/products/medicamentos/prod-49903-somnipron-zolpidem-10-mg-30-comprimidos-sanitas.jpg,archivo_local_por_sku
prod-49239,Spart Whey Prot Choc 907 g,Cuidado familiar,/products/showcase/whey-chocolate-907g.jpg,http://farmacia-andes.abc/products/showcase/whey-chocolate-907g.jpg,override_comun
prod-30605,Spasmodox 40 mg 30 comprimidos (Otilonio Bromuro 40 mg),Medicamentos,/products/medicamentos/prod-30605-spasmodox-40-mg-30-comprimidos-otilonio-bromuro-40-mg.jpg,http://farmacia-andes.abc/products/medicamentos/prod-30605-spasmodox-40-mg-30-comprimidos-otilonio-bromuro-40-mg.jpg,archivo_local_por_sku
prod-24650,Speed Stick A/P 24/7 Ext 50 g,Dermocosmética,/products/crema.svg,,placeholder_o_no_importable
prod-5060,Speed Stick Ap Classic Plus 50 g,Dermocosmética,/products/crema.svg,,placeholder_o_no_importable
prod-50064,Spirulina 500 mg x 90 cápsulas (Scl Cnp),Medicamentos,/products/importadas/prod-50064-spirulina-500-mg-x-90-capsulas-scl-cnp-dr-simi.jpg,http://farmacia-andes.abc/products/importadas/prod-50064-spirulina-500-mg-x-90-capsulas-scl-cnp-dr-simi.jpg,archivo_local_por_sku
prod-49415,Spirulina 700 mg (60 Tab),Medicamentos,/products/receta.svg,,placeholder_o_no_importable
prod-44551,Sterimar Hypert solución Sp 100,Medicamentos,/products/medicamentos/prod-44551-sterimar-hypert-solucion-sp-100.jpg,http://farmacia-andes.abc/products/medicamentos/prod-44551-sterimar-hypert-solucion-sp-100.jpg,archivo_local_por_sku
prod-44201,"Strepfen Past Dis 8,75 mg 8 (Flurbiprofeno 8,75 mg)",Medicamentos,/products/receta.svg,,placeholder_o_no_importable
prod-50201,"Struvitvet x 10 comprimidos (Cranberry 1/1, Metionina 1/1)",Veterinaria,/products/receta.svg,,placeholder_o_no_importable
prod-49931,Sucravet Suspencion (Sucralfato 10 g),Veterinaria,/products/receta.svg,,placeholder_o_no_importable
prod-21677,"Suero Fisiologico 0,9%10 ml 1U Caja (Cloruro De Sodio 0,9%)",Cuidado familiar,/products/suero.svg,,placeholder_o_no_importable
prod-49809,Suerox Arandano Pomelo 630 ml,Cuidado familiar,/products/suero.svg,,placeholder_o_no_importable
prod-49808,Suerox Frutos Rojos 630 ml,Cuidado familiar,/products/suero.svg,,placeholder_o_no_importable
prod-49810,Suerox Manzana 630 ml,Cuidado familiar,/products/suero.svg,,placeholder_o_no_importable
prod-46217,Sulfato Ferroso 125 mg/ml 30,Medicamentos,/products/importadas/prod-46217-sulfato-ferroso-125-mg-ml-30-dr-simi.jpg,http://farmacia-andes.abc/products/importadas/prod-46217-sulfato-ferroso-125-mg-ml-30-dr-simi.jpg,archivo_local_por_sku
prod-10552,Sulfato Ferroso 200 mg 20 comprimidos Valma,Medicamentos,/products/medicamentos/prod-10552-sulfato-ferroso-200-mg-20-comprimidos-valma.jpg,http://farmacia-andes.abc/products/medicamentos/prod-10552-sulfato-ferroso-200-mg-20-comprimidos-valma.jpg,archivo_local_por_sku
prod-15373,"Sulix 0,4 mg 30 cápsulas",Medicamentos,/products/medicamentos/prod-15373-sulix-0-4-mg-30-capsulas.jpg,http://farmacia-andes.abc/products/medicamentos/prod-15373-sulix-0-4-mg-30-capsulas.jpg,archivo_local_por_sku
prod-9712,Sup Glicerina Ad 3 g 10 Un Valma,Medicamentos,/products/receta.svg,,placeholder_o_no_importable
prod-50177,"Synulox x 10 comprimidos 200 mg/50 mg (Ácido Clavulanico 50 mg, Amoxicilina 200 mg)",Veterinaria,/products/receta.svg,,placeholder_o_no_importable
prod-49547,Systane Complete Sp 10 ml,Medicamentos,/products/medicamentos/prod-49547-systane-complete-sp-10-ml.jpg,http://farmacia-andes.abc/products/medicamentos/prod-49547-systane-complete-sp-10-ml.jpg,archivo_local_por_sku
prod-49049,Systane Toallitas 30,Medicamentos,/products/medicamentos/prod-49049-systane-toallitas-30.jpg,http://farmacia-andes.abc/products/medicamentos/prod-49049-systane-toallitas-30.jpg,archivo_local_por_sku
prod-18143,"Systane Ultra solución oftálmica 10 ml (Polietilenglicol 400 4 mg, Propilenglicol 3 mg)",Medicamentos,/products/medicamentos/prod-18143-systane-ultra-solucion-oftalmica-10-ml-polietilenglicol-400-4-mg-propi.jpg,http://farmacia-andes.abc/products/medicamentos/prod-18143-systane-ultra-solucion-oftalmica-10-ml-polietilenglicol-400-4-mg-propi.jpg,archivo_local_por_sku
prod-50149,"Systane Ultra Sp 10 ml (Ácido Borico 1/1, Cloruro De Potasio 1/1, Cloruro De Sodio 1/1, Polietilenglicol 400 1/1, Sorbitol 1/1)",Medicamentos,/products/medicamentos/prod-50149-systane-ultra-sp-10-ml-acido-borico-1-1-cloruro-de-potasio-1-1-cloruro.jpg,http://farmacia-andes.abc/products/medicamentos/prod-50149-systane-ultra-sp-10-ml-acido-borico-1-1-cloruro-de-potasio-1-1-cloruro.jpg,archivo_local_por_sku
prod-13566,T 4-bago 100 mcg 50 comprimidos (Levotiroxina 100 mcg),Medicamentos,/products/medicamentos/prod-13566-t-4-bago-100-mcg-50-comprimidos-levotiroxina-100-mcg.jpg,http://farmacia-andes.abc/products/medicamentos/prod-13566-t-4-bago-100-mcg-50-comprimidos-levotiroxina-100-mcg.jpg,archivo_local_por_sku
prod-14872,T 4-bago 150 mcg 50 comprimidos (bioequivalente) (Levotiroxina 150 mcg),Medicamentos,/products/medicamentos/prod-14872-t-4-bago-150-mcg-50-comprimidos-bioequivalente-levotiroxina-150-mcg.jpg,http://farmacia-andes.abc/products/medicamentos/prod-14872-t-4-bago-150-mcg-50-comprimidos-bioequivalente-levotiroxina-150-mcg.jpg,archivo_local_por_sku
prod-50133,"Tabletas Phillips (Carbonato De Calcio 805 mg, Magnesio Hidroxido 100 mg)",Medicamentos,/products/receta.svg,,placeholder_o_no_importable
prod-49608,Tadafilo 20 mg 1 comprimido bioequivalente (Tadalafilo 20 mg),Medicamentos,/products/receta.svg,,placeholder_o_no_importable
prod-49921,Tadalafilo 5 mg,Medicamentos,/products/medicamentos/prod-49921-tadalafilo-5-mg.jpg,http://farmacia-andes.abc/products/medicamentos/prod-49921-tadalafilo-5-mg.jpg,archivo_local_por_sku
prod-49386,Tadavitae 5 mg (Tadalafilo) 14 comprimidos,Cuidado familiar,/products/importadas/prod-49386-tadavitae-5-mg-tadalafilo-14-comprimidos-dr-simi.jpg,http://farmacia-andes.abc/products/importadas/prod-49386-tadavitae-5-mg-tadalafilo-14-comprimidos-dr-simi.jpg,archivo_local_por_sku
prod-49899,Tamsulosina,Medicamentos,/products/importadas/prod-49899-tamsulosina-dr-simi.jpg,http://farmacia-andes.abc/products/importadas/prod-49899-tamsulosina-dr-simi.jpg,archivo_local_por_sku
prod-49536,Tapa Obturacion Roja Mac-hem 1 Un,Accesorios,/products/suero.svg,,placeholder_o_no_importable
prod-10721,Tapsin Analgesico Nocturno 6 comprimidos,Medicamentos,/products/receta.svg,,placeholder_o_no_importable
prod-34038,Tapsin Caliente Dia Sobre 5GRS,Medicamentos,/products/receta.svg,,placeholder_o_no_importable
prod-4864,"Tapsin Caliente Noche Sobre 5GRS (Ácido Ascorbico 50 mg, Cafeina 33 mg, Clorfenamina 4 mg, Noscapina 10 mg, Paracetamol 400 mg)",Medicamentos,/products/receta.svg,,placeholder_o_no_importable
prod-39222,"Tapsin Dn + Plus 18 comprimidos (Ácido Ascorbico 50 mg, Cafeina 40 mg, Clorfenamina 4 mg, Noscapina 10 mg, Paracetamol 650 mg)",Medicamentos,/products/medicamentos/prod-39222-tapsin-dn-plus-18-comprimidos-acido-ascorbico-50-mg-cafeina-40-mg-clor.jpg,http://farmacia-andes.abc/products/medicamentos/prod-39222-tapsin-dn-plus-18-comprimidos-acido-ascorbico-50-mg-cafeina-40-mg-clor.jpg,archivo_local_por_sku
prod-49348,"Tapsin Forte 6 comprimidos (Cafeina 40 mg, Paracetamol 650 mg)",Medicamentos,/products/importadas/prod-49348-tapsin-forte-6-comprimidos-cafeina-40-mg-paracetamol-650-mg-dr-simi.jpg,http://farmacia-andes.abc/products/importadas/prod-49348-tapsin-forte-6-comprimidos-cafeina-40-mg-paracetamol-650-mg-dr-simi.jpg,archivo_local_por_sku
prod-49194,Tapsin Inf gotas x 15 ml (Paracetamol 100 mg/1 ml),Medicamentos,/products/receta.svg,,placeholder_o_no_importable
prod-49576,Tapsin Infantil Paracet 160 mg 16 comprimidos (Paracetamol 160 mg),Medicamentos,/products/medicamentos/tapsin-infantil-160mg-16comp.jpg,http://farmacia-andes.abc/products/medicamentos/tapsin-infantil-160mg-16comp.jpg,override_json
prod-37591,"Tapsin Migraña 10 comprimidos (Ácido Acetilsalicilico 250 mg, Cafeina 65 mg, Paracetamol 250 mg)",Medicamentos,/products/medicamentos/prod-37591-tapsin-migrana-10-comprimidos-acido-acetilsalicilico-250-mg-cafeina-65.jpg,http://farmacia-andes.abc/products/medicamentos/prod-37591-tapsin-migrana-10-comprimidos-acido-acetilsalicilico-250-mg-cafeina-65.jpg,archivo_local_por_sku
prod-4866,Tapsin sin C 500 mg 16 comprimidos (bioequivalente) (Paracetamol 500 mg),Medicamentos,/products/receta.svg,,placeholder_o_no_importable
prod-15030,Tapsin sin C 500 mg 24 comprimidos (bioequivalente) (Paracetamol 500 mg),Medicamentos,/products/importadas/prod-15030-tapsin-sin-c-500-mg-24-comprimidos-bioequivalente-paracetamol-500-mg-dr-simi.jpg,http://farmacia-andes.abc/products/importadas/prod-15030-tapsin-sin-c-500-mg-24-comprimidos-bioequivalente-paracetamol-500-mg-dr-simi.jpg,archivo_local_por_sku
prod-49333,Tapsin Sc polvo para solución oral Efervescente 1 g (Paracetamol),Medicamentos,/products/importadas/prod-49333-tapsin-sc-polvo-para-solucion-oral-efervescente-1-g-paracetamol-dr-simi.jpg,http://farmacia-andes.abc/products/importadas/prod-49333-tapsin-sc-polvo-para-solucion-oral-efervescente-1-g-paracetamol-dr-simi.jpg,archivo_local_por_sku
prod-49341,Tapsin 1000sc 1 g 20 comprimidos Maver (Paracetamol 1 g),Medicamentos,/products/receta.svg,,placeholder_o_no_importable
prod-45603,Tapsininstaflu Dn comprimidos 12 + 6,Medicamentos,/products/receta.svg,,placeholder_o_no_importable
prod-8351,Taxus 20 mg 30 comprimidos (Tamoxifeno 20 mg),Medicamentos,/products/medicamentos/prod-8351-taxus-20-mg-30-comprimidos-tamoxifeno-20-mg.jpg,http://farmacia-andes.abc/products/medicamentos/prod-8351-taxus-20-mg-30-comprimidos-tamoxifeno-20-mg.jpg,archivo_local_por_sku
prod-39744,"Tejania 0,075 mg 28 comprimidos recubiertos (Desogestrel 0,075 mg)",Medicamentos,/products/receta.svg,,placeholder_o_no_importable
prod-38406,Tena For Men 12unidades,Dermocosmética,/products/crema.svg,,placeholder_o_no_importable
prod-49774,Tena Pants Confort Ch/M 10 Un,Dermocosmética,/products/crema.svg,,placeholder_o_no_importable
prod-49471,Tensiometro Muñeca Aut Love Life,Medicamentos,/products/receta.svg,,placeholder_o_no_importable
prod-14848,Tensodox 5 mg 20 comprimidos (Ciclobenzaprina 5 mg),Medicamentos,/products/medicamentos/prod-14848-tensodox-5-mg-20-comprimidos-ciclobenzaprina-5-mg.jpg,http://farmacia-andes.abc/products/medicamentos/prod-14848-tensodox-5-mg-20-comprimidos-ciclobenzaprina-5-mg.jpg,archivo_local_por_sku
prod-1829,"Tensoliv 30 comprimidos Re (Bromuro Clidinio 2,5 mg, Clordiazepoxido 5 mg)",Medicamentos,/products/medicamentos/prod-1829-tensoliv-30-comprimidos-re-bromuro-clidinio-2-5-mg-clordiazepoxido-5-m.jpg,http://farmacia-andes.abc/products/medicamentos/prod-1829-tensoliv-30-comprimidos-re-bromuro-clidinio-2-5-mg-clordiazepoxido-5-m.jpg,archivo_local_por_sku
prod-49600,"Tensuren Am 40/5 30 comprimidos bioequivalente (Amlodipino 5 mg, Telmisartan 40 mg)",Medicamentos,/products/medicamentos/prod-49600-tensuren-am-40-5-30-comprimidos-bioequivalente-amlodipino-5-mg-telmisa.jpg,http://farmacia-andes.abc/products/medicamentos/prod-49600-tensuren-am-40-5-30-comprimidos-bioequivalente-amlodipino-5-mg-telmisa.jpg,archivo_local_por_sku
prod-50004,Terbinafina 250mga x 30comprimidos,Medicamentos,/products/receta.svg,,placeholder_o_no_importable
prod-40953,Terbinafina crema 1% 20 g l Chile,Medicamentos,/products/medicamentos/prod-40953-terbinafina-crema-1-20-g-l-chile.jpg,http://farmacia-andes.abc/products/medicamentos/prod-40953-terbinafina-crema-1-20-g-l-chile.jpg,archivo_local_por_sku
prod-50172,Termometro Digital,Accesorios,/products/suero.svg,,placeholder_o_no_importable
prod-50152,Test De Embarazo Cassette,Medicamentos,/products/medicamentos/prod-50152-test-de-embarazo-cassette.jpg,http://farmacia-andes.abc/products/medicamentos/prod-50152-test-de-embarazo-cassette.jpg,archivo_local_por_sku
prod-50150,Test De Embarazo Onetest,Medicamentos,/products/medicamentos/prod-50150-test-de-embarazo-onetest.jpg,http://farmacia-andes.abc/products/medicamentos/prod-50150-test-de-embarazo-onetest.jpg,archivo_local_por_sku
prod-40905,Texinal 40 mg 30 comprimidos (bioequivalente) (Telmisartan 40 mg),Medicamentos,/products/medicamentos/prod-40905-texinal-40-mg-30-comprimidos-bioequivalente-telmisartan-40-mg.jpg,http://farmacia-andes.abc/products/medicamentos/prod-40905-texinal-40-mg-30-comprimidos-bioequivalente-telmisartan-40-mg.jpg,archivo_local_por_sku
prod-46517,Texinal 80 comprimidos 80 mg 30 (Telmisartan 80 mg),Medicamentos,/products/medicamentos/prod-46517-texinal-80-comprimidos-80-mg-30-telmisartan-80-mg.jpg,http://farmacia-andes.abc/products/medicamentos/prod-46517-texinal-80-comprimidos-80-mg-30-telmisartan-80-mg.jpg,archivo_local_por_sku
prod-50181,"Thrive gotas Oftalmica 15 ml (Nafazolina 0,01%)",Medicamentos,/products/medicamentos/prod-50181-thrive-gotas-oftalmica-15-ml-nafazolina-0-01.jpg,http://farmacia-andes.abc/products/medicamentos/prod-50181-thrive-gotas-oftalmica-15-ml-nafazolina-0-01.jpg,archivo_local_por_sku
prod-21175,Thyrozol 10 mg 50 comprimidos (Tiamazol 10 mg),Medicamentos,/products/medicamentos/prod-21175-thyrozol-10-mg-50-comprimidos-tiamazol-10-mg.jpg,http://farmacia-andes.abc/products/medicamentos/prod-21175-thyrozol-10-mg-50-comprimidos-tiamazol-10-mg.jpg,archivo_local_por_sku
prod-30825,Thyrozol 5 mg 50 comprimidos (Tiamazol 5 mg),Medicamentos,/products/medicamentos/prod-30825-thyrozol-5-mg-50-comprimidos-tiamazol-5-mg.jpg,http://farmacia-andes.abc/products/medicamentos/prod-30825-thyrozol-5-mg-50-comprimidos-tiamazol-5-mg.jpg,archivo_local_por_sku
prod-10623,Tiamina 10 mg 40 comprimidos l Chile,Medicamentos,/products/medicamentos/prod-10623-tiamina-10-mg-40-comprimidos-l-chile.jpg,http://farmacia-andes.abc/products/medicamentos/prod-10623-tiamina-10-mg-40-comprimidos-l-chile.jpg,archivo_local_por_sku
prod-39675,"Timolol solución oftálmica 0,5% 10 ml Ascend",Medicamentos,/products/medicamentos/prod-39675-timolol-solucion-oftalmica-0-5-10-ml-ascend.jpg,http://farmacia-andes.abc/products/medicamentos/prod-39675-timolol-solucion-oftalmica-0-5-10-ml-ascend.jpg,archivo_local_por_sku
prod-49704,Timuskit Plus 120 ml,Medicamentos,/products/medicamentos/prod-49704-timuskit-plus-120-ml.jpg,http://farmacia-andes.abc/products/medicamentos/prod-49704-timuskit-plus-120-ml.jpg,archivo_local_por_sku
prod-49995,Tiras Nasales 10 Un,Accesorios,/products/suero.svg,,placeholder_o_no_importable
prod-35638,"Tobramicina solución oftálmica 0,3% 5 ml Hospifarma",Medicamentos,/products/receta.svg,,placeholder_o_no_importable
prod-6177,Tocalm jarabe Inf 15 mg/5 ml 100 ml (Ambroxol 15 mg/5 ml),Medicamentos,/products/importadas/prod-6177-tocalm-jarabe-inf-15-mg-5-ml-100-ml-ambroxol-15-mg-5-ml-dr-simi.jpg,http://farmacia-andes.abc/products/importadas/prod-6177-tocalm-jarabe-inf-15-mg-5-ml-100-ml-ambroxol-15-mg-5-ml-dr-simi.jpg,archivo_local_por_sku
prod-7496,"Tol 12 Fte 10,000 3 Amp (Cianocobalamina 10 mg, Piridoxina 100 mg, Tiamina 200 mg)",Medicamentos,/products/receta.svg,,placeholder_o_no_importable
prod-49673,Tomiseptin jarabe 750 mg/5 ml 100 ml,Medicamentos,/products/medicamentos/prod-49673-tomiseptin-jarabe-750-mg-5-ml-100-ml.jpg,http://farmacia-andes.abc/products/medicamentos/prod-49673-tomiseptin-jarabe-750-mg-5-ml-100-ml.jpg,archivo_local_por_sku
prod-37237,Topivitae 25 mg 28 comprimidos recubiertos (bioequivalente) (Topiramato 25 mg),Cuidado familiar,/products/importadas/prod-37237-topivitae-25-mg-28-comprimidos-recubiertos-bioequivalente-topiramato-25-mg-dr-simi.jpg,http://farmacia-andes.abc/products/importadas/prod-37237-topivitae-25-mg-28-comprimidos-recubiertos-bioequivalente-topiramato-25-mg-dr-simi.jpg,archivo_local_por_sku
prod-37238,Topivitae 50 mg 28 comprimidos recubiertos (bioequivalente) (Topiramato 50 mg),Cuidado familiar,/products/importadas/prod-37238-topivitae-50-mg-28-comprimidos-recubiertos-bioequivalente-topiramato-50-mg-dr-simi.jpg,http://farmacia-andes.abc/products/importadas/prod-37238-topivitae-50-mg-28-comprimidos-recubiertos-bioequivalente-topiramato-50-mg-dr-simi.jpg,archivo_local_por_sku
prod-49636,"Toptear Hialuronato De Sodio 0,4% 10 ml",Medicamentos,/products/receta.svg,,placeholder_o_no_importable
prod-49597,"Toptear solución oftálmica 10 ml (Hialuronato De Sodio 0,4%)",Medicamentos,/products/medicamentos/prod-49597-toptear-solucion-oftalmica-10-ml-hialuronato-de-sodio-0-4.jpg,http://farmacia-andes.abc/products/medicamentos/prod-49597-toptear-solucion-oftalmica-10-ml-hialuronato-de-sodio-0-4.jpg,archivo_local_por_sku
prod-49414,Tramadol 50 mg 10 cápsulas,Medicamentos,/products/medicamentos/prod-49414-tramadol-50-mg-10-capsulas.jpg,http://farmacia-andes.abc/products/medicamentos/prod-49414-tramadol-50-mg-10-capsulas.jpg,archivo_local_por_sku
prod-49330,Tramadol Clorhidrato gotas 100 mg/ml 20 ml Opko,Medicamentos,/products/medicamentos/prod-49330-tramadol-clorhidrato-gotas-100-mg-ml-20-ml-opko.jpg,http://farmacia-andes.abc/products/medicamentos/prod-49330-tramadol-clorhidrato-gotas-100-mg-ml-20-ml-opko.jpg,archivo_local_por_sku
prod-26796,Tramadol gotas 10 ml Lchile,Medicamentos,/products/medicamentos/prod-26796-tramadol-gotas-10-ml-lchile.jpg,http://farmacia-andes.abc/products/medicamentos/prod-26796-tramadol-gotas-10-ml-lchile.jpg,archivo_local_por_sku
prod-52,"Transpore Micropore 2,5cm x 9,1M Transparente",Accesorios,/products/suero.svg,,placeholder_o_no_importable
prod-26162,Trazidex Ofteno solución oftálmica 5 ml Tobramicina + Dexametasona,Medicamentos,/products/receta.svg,,placeholder_o_no_importable
prod-49986,"Trazidex Unguento 3,5 g (Dexametasona 0,1 g, Tobramicina 0,3 g)",Dermocosmética,/products/crema.svg,,placeholder_o_no_importable
prod-8746,"Trelibec Forte x 10 comprimidos (Sulfametoxazol 800 mg, Trimetoprim 160 mg)",Medicamentos,/products/medicamentos/prod-8746-trelibec-forte-x-10-comprimidos-sulfametoxazol-800-mg-trimetoprim-160-.jpg,http://farmacia-andes.abc/products/medicamentos/prod-8746-trelibec-forte-x-10-comprimidos-sulfametoxazol-800-mg-trimetoprim-160-.jpg,archivo_local_por_sku
prod-27152,Trex Forte 400 mg 5 ml 30 ml (Azitromicina 400 mg),Medicamentos,/products/medicamentos/prod-27152-trex-forte-400-mg-5-ml-30-ml-azitromicina-400-mg.jpg,http://farmacia-andes.abc/products/medicamentos/prod-27152-trex-forte-400-mg-5-ml-30-ml-azitromicina-400-mg.jpg,archivo_local_por_sku
prod-45686,Trexxia comprimidos recubiertos 120 mg 7 (Etoricoxib 120 mg),Medicamentos,/products/medicamentos/prod-45686-trexxia-comprimidos-recubiertos-120-mg-7-etoricoxib-120-mg.jpg,http://farmacia-andes.abc/products/medicamentos/prod-45686-trexxia-comprimidos-recubiertos-120-mg-7-etoricoxib-120-mg.jpg,archivo_local_por_sku
prod-50164,Trexxia Etoricoxib 60 mg 14 comprimidos,Medicamentos,/products/importadas/prod-50164-trexxia-etoricoxib-60-mg-14-comprimidos-dr-simi.jpg,http://farmacia-andes.abc/products/importadas/prod-50164-trexxia-etoricoxib-60-mg-14-comprimidos-dr-simi.jpg,archivo_local_por_sku
prod-50027,Tricolon Simple 15 ml (Pargeverina Clorhidrato 5 mg/1 ml),Medicamentos,/products/receta.svg,,placeholder_o_no_importable
prod-38185,Trigilab 200 mg 30 comprimidos (Lamotrigina 200 mg),Medicamentos,/products/medicamentos/prod-38185-trigilab-200-mg-30-comprimidos-lamotrigina-200-mg.jpg,http://farmacia-andes.abc/products/medicamentos/prod-38185-trigilab-200-mg-30-comprimidos-lamotrigina-200-mg.jpg,archivo_local_por_sku
prod-39906,Trim Alicate + Cortauñas,Accesorios,/products/suero.svg,,placeholder_o_no_importable
prod-673,Trim C Uñas Chico Manos,Dermocosmética,/products/crema.svg,,placeholder_o_no_importable
prod-28414,Trim Cep Uñas,Dermocosmética,/products/importadas/prod-28414-trim-cep-unas-dr-simi.jpg,http://farmacia-andes.abc/products/importadas/prod-28414-trim-cep-unas-dr-simi.jpg,archivo_local_por_sku
prod-39897,Trim Cortauñas Prec Infantil,Accesorios,/products/importadas/prod-39897-trim-cortaunas-prec-infantil-dr-simi.jpg,http://farmacia-andes.abc/products/importadas/prod-39897-trim-cortaunas-prec-infantil-dr-simi.jpg,archivo_local_por_sku
prod-22352,Trim Lima Esmeril 12-25b x 10,Dermocosmética,/products/crema.svg,,placeholder_o_no_importable
prod-36743,Trim Set Manicure Mini 5pzas,Dermocosmética,/products/crema.svg,,placeholder_o_no_importable
prod-31064,Trimebutino 100 mg 20 comprimidos Mintlab,Medicamentos,/products/medicamentos/prod-31064-trimebutino-100-mg-20-comprimidos-mintlab.jpg,http://farmacia-andes.abc/products/medicamentos/prod-31064-trimebutino-100-mg-20-comprimidos-mintlab.jpg,archivo_local_por_sku
prod-7511,"Trio Val Dn 20 comprimidos (Clorfenamina 4 mg, Paracetamol 500 mg, Pseudoefedrina 60 mg)",Medicamentos,/products/importadas/prod-7511-trio-val-dn-20-comprimidos-clorfenamina-4-mg-paracetamol-500-mg-pseudoefedri-dr-simi.jpg,http://farmacia-andes.abc/products/importadas/prod-7511-trio-val-dn-20-comprimidos-clorfenamina-4-mg-paracetamol-500-mg-pseudoefedri-dr-simi.jpg,archivo_local_por_sku
prod-7513,"Trio Val jarabe 100 ml (Clorfenamina 40 mg, Paracetamol 2500 mg, Pseudoefedrina 600 mg)",Medicamentos,/products/medicamentos/prod-7513-trio-val-jarabe-100-ml-clorfenamina-40-mg-paracetamol-2500-mg-pseudoef.jpg,http://farmacia-andes.abc/products/medicamentos/prod-7513-trio-val-jarabe-100-ml-clorfenamina-40-mg-paracetamol-2500-mg-pseudoef.jpg,archivo_local_por_sku
prod-50063,Triple Magnesio Quelado x 90 cápsulas (Scl Cnp),Cuidado familiar,/products/suero.svg,,placeholder_o_no_importable
prod-50080,"Triple Omega 3,6 Y 9 x 60 cápsulas (Scl Cnp)",Cuidado familiar,/products/suero.svg,,placeholder_o_no_importable
prod-49851,Triptofano + mg + B 2 B 6 B 12 60 cápsulas,Medicamentos,/products/receta.svg,,placeholder_o_no_importable
prod-1850,Trittico 100 mg 20 comprimidos (Trazodona 100 mg),Medicamentos,/products/medicamentos/prod-1850-trittico-100-mg-20-comprimidos-trazodona-100-mg.jpg,http://farmacia-andes.abc/products/medicamentos/prod-1850-trittico-100-mg-20-comprimidos-trazodona-100-mg.jpg,archivo_local_por_sku
prod-16668,Trittico 25 mg 20 cápsulas (Trazodona 25 mg),Medicamentos,/products/medicamentos/prod-16668-trittico-25-mg-20-capsulas-trazodona-25-mg.jpg,http://farmacia-andes.abc/products/medicamentos/prod-16668-trittico-25-mg-20-capsulas-trazodona-25-mg.jpg,archivo_local_por_sku
prod-18097,Tronsalan 100 mg 30 comprimidos (Trazodona 100 mg),Medicamentos,/products/medicamentos/prod-18097-tronsalan-100-mg-30-comprimidos-trazodona-100-mg.jpg,http://farmacia-andes.abc/products/medicamentos/prod-18097-tronsalan-100-mg-30-comprimidos-trazodona-100-mg.jpg,archivo_local_por_sku
prod-8749,Tulox jarabe Adulto (Oxolamina 50 mg/5 ml),Medicamentos,/products/medicamentos/prod-8749-tulox-jarabe-adulto-oxolamina-50-mg-5-ml.jpg,http://farmacia-andes.abc/products/medicamentos/prod-8749-tulox-jarabe-adulto-oxolamina-50-mg-5-ml.jpg,archivo_local_por_sku
prod-8750,Tulox jarabe Infantil (Oxolamina 28 mg/5 ml),Medicamentos,/products/medicamentos/prod-8750-tulox-jarabe-infantil-oxolamina-28-mg-5-ml.jpg,http://farmacia-andes.abc/products/medicamentos/prod-8750-tulox-jarabe-infantil-oxolamina-28-mg-5-ml.jpg,archivo_local_por_sku
prod-44303,U Care Esp Afei P/Nor 340 g,Medicamentos,/products/receta.svg,,placeholder_o_no_importable
prod-49275,U Care Talco Clasico Fam 500 g,Dermocosmética,/products/crema.svg,,placeholder_o_no_importable
prod-49273,U Care Talco Manzanilla Fam 500 g,Dermocosmética,/products/crema.svg,,placeholder_o_no_importable
prod-50050,"Ulceless 500 ml (Scl Cnp) (Llanten 1/1, Matico 1/1)",Medicamentos,/products/receta.svg,,placeholder_o_no_importable
prod-50137,"Ultrapure Up Nutrigel (Omega 3 1/1, Vitamina A 1/1, Vitamina D 1/1, Vitamina E 1/1, Vitaminas 1/1, Yodo 1/1)",Medicamentos,/products/receta.svg,,placeholder_o_no_importable
prod-50057,"Urelle x 60 Cápsulas (Scl Cnp) (Ácido Ascorbico 1/1, Cranberry 1/1)",Medicamentos,/products/receta.svg,,placeholder_o_no_importable
prod-13543,Uricont 5 mg 40 comprimidos (Oxibutinina Clorhidrato 5 mg),Medicamentos,/products/medicamentos/prod-13543-uricont-5-mg-40-comprimidos-oxibutinina-clorhidrato-5-mg.jpg,http://farmacia-andes.abc/products/medicamentos/prod-13543-uricont-5-mg-40-comprimidos-oxibutinina-clorhidrato-5-mg.jpg,archivo_local_por_sku
prod-34705,Urodial 200 mg 10 comprimidos (Flavoxato Clorhidrato 200 mg),Medicamentos,/products/receta.svg,,placeholder_o_no_importable
prod-49519,Uroplus solución oral 1 Sob (Fosfomicina 3 g),Medicamentos,/products/receta.svg,,placeholder_o_no_importable
prod-35006,Urostop 2 mg 30 comprimidos (Tolterodina 2 mg),Medicamentos,/products/medicamentos/prod-35006-urostop-2-mg-30-comprimidos-tolterodina-2-mg.jpg,http://farmacia-andes.abc/products/medicamentos/prod-35006-urostop-2-mg-30-comprimidos-tolterodina-2-mg.jpg,archivo_local_por_sku
prod-49930,Ursovet Sus oral 60 ml (Ácido Ursodesoxicolico 50 mg),Veterinaria,/products/receta.svg,,placeholder_o_no_importable
prod-14165,Valaplex 160 mg 30 comprimidos (Valsartan 160 mg),Medicamentos,/products/medicamentos/prod-14165-valaplex-160-mg-30-comprimidos-valsartan-160-mg.jpg,http://farmacia-andes.abc/products/medicamentos/prod-14165-valaplex-160-mg-30-comprimidos-valsartan-160-mg.jpg,archivo_local_por_sku
prod-26585,Valaplex 320 mg 30 comprimidos (Valsartan 320 mg),Medicamentos,/products/medicamentos/prod-26585-valaplex-320-mg-30-comprimidos-valsartan-320-mg.jpg,http://farmacia-andes.abc/products/medicamentos/prod-26585-valaplex-320-mg-30-comprimidos-valsartan-320-mg.jpg,archivo_local_por_sku
prod-13861,"Valaplex D 160/12,5 mg 30 comprimidos (Hidroclorotiazida 12,5 mg, Valsartan 160 mg)",Medicamentos,/products/medicamentos/prod-13861-valaplex-d-160-12-5-mg-30-comprimidos-hidroclorotiazida-12-5-mg-valsar.jpg,http://farmacia-andes.abc/products/medicamentos/prod-13861-valaplex-d-160-12-5-mg-30-comprimidos-hidroclorotiazida-12-5-mg-valsar.jpg,archivo_local_por_sku
prod-13383,"Valaplex D 80/12,5 mg 30 comprimidos (Hidroclorotiazida 12,5 mg, Valsartan 80 mg)",Medicamentos,/products/medicamentos/prod-13383-valaplex-d-80-12-5-mg-30-comprimidos-hidroclorotiazida-12-5-mg-valsart.jpg,http://farmacia-andes.abc/products/medicamentos/prod-13383-valaplex-d-80-12-5-mg-30-comprimidos-hidroclorotiazida-12-5-mg-valsart.jpg,archivo_local_por_sku
prod-49520,"Valkem D 160/25 (Hidroclorotiazida 25 mg, Valsartan 160 mg)",Medicamentos,/products/medicamentos/prod-49520-valkem-d-160-25-hidroclorotiazida-25-mg-valsartan-160-mg.jpg,http://farmacia-andes.abc/products/medicamentos/prod-49520-valkem-d-160-25-hidroclorotiazida-25-mg-valsartan-160-mg.jpg,archivo_local_por_sku
prod-49722,"Valkem D 80/12,5 mg 30 comprimidos (Hidroclorotiazida 12,5 mg, Valsartan 80 mg)",Medicamentos,/products/receta.svg,,placeholder_o_no_importable
prod-49599,Valkem Valsartan 80 mg 30 comprimidos Ascend,Medicamentos,/products/receta.svg,,placeholder_o_no_importable
prod-49729,"Valmira 10/160 mg 28 comprimidos (Amlodipino 10 mg, Valsartan 160 mg)",Medicamentos,/products/medicamentos/prod-49729-valmira-10-160-mg-28-comprimidos-amlodipino-10-mg-valsartan-160-mg.jpg,http://farmacia-andes.abc/products/medicamentos/prod-49729-valmira-10-160-mg-28-comprimidos-amlodipino-10-mg-valsartan-160-mg.jpg,archivo_local_por_sku
prod-49497,Valsartan 160 mg 30 comprimidos,Medicamentos,/products/importadas/prod-49497-valsartan-160-mg-30-comprimidos-dr-simi.jpg,http://farmacia-andes.abc/products/importadas/prod-49497-valsartan-160-mg-30-comprimidos-dr-simi.jpg,archivo_local_por_sku
prod-14806,"Valupass 24 cápsulas (Humulus Lupulus 70 mg, Pasiflora 70 mg, Valeriana 70 mg)",Homeopatía,/products/suero.svg,,placeholder_o_no_importable
prod-29786,"Vantux Sh Ener A Caid 100 (Biotina, Vitaminas)",Medicamentos,/products/receta.svg,,placeholder_o_no_importable
prod-29972,Vaporub ungüento Pote 12 g,Dermocosmética,/products/crema.svg,,placeholder_o_no_importable
prod-49694,Vaselina 70 g,Medicamentos,/products/receta.svg,,placeholder_o_no_importable
prod-49778,Vaseline Lip Ther Original Frasco 7 g,Dermocosmética,/products/crema.svg,,placeholder_o_no_importable
prod-49489,Vaseline Rose Lips Balm 7 g,Dermocosmética,/products/crema.svg,,placeholder_o_no_importable
prod-49779,"Vaseline Rose Lips Tubo 4,8 g",Dermocosmética,/products/crema.svg,,placeholder_o_no_importable
prod-49760,Vaseline Solida 250 ml,Dermocosmética,/products/crema.svg,,placeholder_o_no_importable
prod-2910,"Vatanal 10sup (Ácido Higado De Bacalao 0,22 g, Clorocarvacrol)",Medicamentos,/products/importadas/prod-2910-vatanal-10sup-acido-higado-de-bacalao-0-22-g-clorocarvacrol-dr-simi.jpg,http://farmacia-andes.abc/products/importadas/prod-2910-vatanal-10sup-acido-higado-de-bacalao-0-22-g-clorocarvacrol-dr-simi.jpg,archivo_local_por_sku
prod-2911,"Vatanal ungüento 20 g (Ácido Higado De Bacalao 11 g, Clorocarvacrol 0,1 g, Lanolina)",Dermocosmética,/products/crema.svg,,placeholder_o_no_importable
prod-50060,Vcal D Forte x 60 cápsulas 500 mg Calcio Y 800 UI Vit D,Cuidado familiar,/products/suero.svg,,placeholder_o_no_importable
prod-50156,Venlafaxina 150 mg 30 comprimidos Ascend,Medicamentos,/products/medicamentos/prod-50156-venlafaxina-150-mg-30-comprimidos-ascend.jpg,http://farmacia-andes.abc/products/medicamentos/prod-50156-venlafaxina-150-mg-30-comprimidos-ascend.jpg,archivo_local_por_sku
prod-49337,Venlafaxina 75 mg 30 cápsulas LP Alembic,Medicamentos,/products/receta.svg,,placeholder_o_no_importable
prod-37235,Venlavitae XR 75 mg 30 cápsulas (bioequivalente) (Venlafaxina 75 mg),Cuidado familiar,/products/suero.svg,,placeholder_o_no_importable
prod-2912,Vermoil 200 mg 2 comprimidos (Albendazol 200 mg),Medicamentos,/products/medicamentos/prod-2912-vermoil-200-mg-2-comprimidos-albendazol-200-mg.jpg,http://farmacia-andes.abc/products/medicamentos/prod-2912-vermoil-200-mg-2-comprimidos-albendazol-200-mg.jpg,archivo_local_por_sku
prod-2913,Vermoil suspensión 40 mg/ml 10 ml (Albendazol 40 mg/1 ml),Medicamentos,/products/importadas/prod-2913-vermoil-suspension-40-mg-ml-10-ml-albendazol-40-mg-1-ml-dr-simi.jpg,http://farmacia-andes.abc/products/importadas/prod-2913-vermoil-suspension-40-mg-ml-10-ml-albendazol-40-mg-1-ml-dr-simi.jpg,archivo_local_por_sku
prod-40415,Vertium 25 mg 10 comprimidos (Difenidol Clorhidrato 1 mg),Medicamentos,/products/receta.svg,,placeholder_o_no_importable
prod-28002,Vertium 25 mg 40 comprimidos (Difenidol Clorhidrato 25 mg),Medicamentos,/products/medicamentos/prod-28002-vertium-25-mg-40-comprimidos-difenidol-clorhidrato-25-mg.jpg,http://farmacia-andes.abc/products/medicamentos/prod-28002-vertium-25-mg-40-comprimidos-difenidol-clorhidrato-25-mg.jpg,archivo_local_por_sku
prod-49996,"Vesnidan 60 comprimidos (Diosmina 450 mg, Hesperidina 50 mg)",Medicamentos,/products/medicamentos/prod-49996-vesnidan-60-comprimidos-diosmina-450-mg-hesperidina-50-mg.jpg,http://farmacia-andes.abc/products/medicamentos/prod-49996-vesnidan-60-comprimidos-diosmina-450-mg-hesperidina-50-mg.jpg,archivo_local_por_sku
prod-16902,"Vexa-20 28 comprimidos (Drospirenona 3 mg, Etinilestradiol 0,02 mg)",Medicamentos,/products/medicamentos/prod-16902-vexa-20-28-comprimidos-drospirenona-3-mg-etinilestradiol-0-02-mg.jpg,http://farmacia-andes.abc/products/medicamentos/prod-16902-vexa-20-28-comprimidos-drospirenona-3-mg-etinilestradiol-0-02-mg.jpg,archivo_local_por_sku
prod-5999,Viadil Amp 5 mg/ml 2UD (Pargeverina Clorhidrato 5 mg/5 ml),Medicamentos,/products/medicamentos/prod-5999-viadil-amp-5-mg-ml-2ud-pargeverina-clorhidrato-5-mg-5-ml.jpg,http://farmacia-andes.abc/products/medicamentos/prod-5999-viadil-amp-5-mg-ml-2ud-pargeverina-clorhidrato-5-mg-5-ml.jpg,archivo_local_por_sku
prod-49572,"Viadil comprimidos 15 ml (Metamizol 300 mg, Pargeverina Clorhidrato 6 mg)",Medicamentos,/products/receta.svg,,placeholder_o_no_importable
prod-6003,Viadil gotas 15 ml (Pargeverina Clorhidrato 5 mg/1 ml),Medicamentos,/products/receta.svg,,placeholder_o_no_importable
prod-12311,Viadil gotas Forte 15 ml (Pargeverina Clorhidrato 10 mg/1 ml),Medicamentos,/products/receta.svg,,placeholder_o_no_importable
prod-34691,"Vibien solución oftálmica 0,012% 15 ml (Nafazolina 0,012%)",Medicamentos,/products/receta.svg,,placeholder_o_no_importable
prod-50089,Vidyn 50000 U I x 4 cápsulas Colecalciferol (Sanitas),Medicamentos,/products/medicamentos/prod-50089-vidyn-50000-u-i-x-4-capsulas-colecalciferol-sanitas.jpg,http://farmacia-andes.abc/products/medicamentos/prod-50089-vidyn-50000-u-i-x-4-capsulas-colecalciferol-sanitas.jpg,archivo_local_por_sku
prod-49711,Vildalvitae 50 mg 60 comprimidos (Vildagliptina 50 mg),Cuidado familiar,/products/suero.svg,,placeholder_o_no_importable
prod-15838,Vimax 50 mg 6 comprimidos Mas (Sildenafil 50 mg),Medicamentos,/products/receta.svg,,placeholder_o_no_importable
prod-49858,Vinagre De Manzana 60 cápsulas Green Medical,Medicamentos,/products/receta.svg,,placeholder_o_no_importable
prod-46599,"Viora 20 comprimidos recubiertos 28 (Clormadinona Acetato 2 mg, Etinilestradiol 0,02 mg)",Medicamentos,/products/medicamentos/prod-46599-viora-20-comprimidos-recubiertos-28-clormadinona-acetato-2-mg-etiniles.jpg,http://farmacia-andes.abc/products/medicamentos/prod-46599-viora-20-comprimidos-recubiertos-28-clormadinona-acetato-2-mg-etiniles.jpg,archivo_local_por_sku
prod-40340,"Viora Cd 28 comprimidos (Clormadinona Acetato 2 mg, Etinilestradiol 0,03 mg)",Medicamentos,/products/medicamentos/prod-40340-viora-cd-28-comprimidos-clormadinona-acetato-2-mg-etinilestradiol-0-03.jpg,http://farmacia-andes.abc/products/medicamentos/prod-40340-viora-cd-28-comprimidos-clormadinona-acetato-2-mg-etinilestradiol-0-03.jpg,archivo_local_por_sku
prod-50058,"Vita Sleep x 60 Cápsulas (Scl Vitalab) (L-triptofano 1/1, Manteca De Cacao 1/1, Oxido De Magnesio 1/1, Piridoxina (Vitamina B 6) 1/1)",Cuidado familiar,/products/suero.svg,,placeholder_o_no_importable
prod-50061,"Vita-d + K 2 gotas De 30 ml (Vitamina D 1/1, Vitamina K 1 1/1)",Cuidado familiar,/products/suero.svg,,placeholder_o_no_importable
prod-50044,Vitabion Men x 60 Cápsulas Vitalab (Fosforo 1/1),Cuidado familiar,/products/suero.svg,,placeholder_o_no_importable
prod-40966,"Vitakron Hombre 30 comprimidos recubiertos (Calcio, Fosforo, Hierro, Magnesio)",Cuidado familiar,/products/suero.svg,,placeholder_o_no_importable
prod-40969,"Vitakron Mujer 30 comprimidos recubiertos (Calcio, Fosforo, Hierro)",Cuidado familiar,/products/suero.svg,,placeholder_o_no_importable
prod-49245,"Vitakron Silver 30 comprimidos recubiertos (Vitamina A 600 mcg, Vitamina D 5 mcg, Vitamina E 15 mcg)",Cuidado familiar,/products/suero.svg,,placeholder_o_no_importable
prod-50038,"Vitamax x 60 Cápsulas (Aminoácidos 150 mg, Biotina 30 mg, Zinc 4 mg)",Cuidado familiar,/products/suero.svg,,placeholder_o_no_importable
prod-50193,Vitamin C Gummies (Vitaminas 325 mg),Cuidado familiar,/products/suero.svg,,placeholder_o_no_importable
prod-49703,Vitamina A 60 cápsulas,Homeopatía,/products/suero.svg,,placeholder_o_no_importable
prod-49237,Vitamina Acd gotas 30 ml * (Vitaminas 1/1),Cuidado familiar,/products/importadas/prod-49237-vitamina-acd-gotas-30-ml-vitaminas-1-1-dr-simi.jpg,http://farmacia-andes.abc/products/importadas/prod-49237-vitamina-acd-gotas-30-ml-vitaminas-1-1-dr-simi.jpg,archivo_local_por_sku
prod-50041,Vitamina B 12 x 60 Cápsulas (Vitaminas B 300 mg),Cuidado familiar,/products/suero.svg,,placeholder_o_no_importable
prod-37019,Vitamina B 1-B 6-B 12 3 Amp Biosano (Vitaminas B 10000 UI/3 ml),Cuidado familiar,/products/suero.svg,,placeholder_o_no_importable
prod-49590,Vitamina B 12 60 cápsulas (Vitaminas B 12 mcg),Cuidado familiar,/products/importadas/prod-49590-vitamina-b-12-60-capsulas-vitaminas-b-12-mcg-dr-simi.jpg,http://farmacia-andes.abc/products/importadas/prod-49590-vitamina-b-12-60-capsulas-vitaminas-b-12-mcg-dr-simi.jpg,archivo_local_por_sku
prod-49540,"Vitamina C + Zinc 1000 mg Efev 20 Tab (Ácido Ascorbico 1000 mg, Zinc 10 mg)",Cuidado familiar,/products/suero.svg,,placeholder_o_no_importable
prod-49693,Vitamina C + Zinc 60 cápsulas (Vitaminas 1/1),Cuidado familiar,/products/suero.svg,,placeholder_o_no_importable
prod-49553,Vitamina C 1000 mg Efev Sabor Limon 20 Tab (Ácido Ascorbico 1000 mg),Cuidado familiar,/products/importadas/prod-49553-vitamina-c-1000-mg-efev-sabor-limon-20-tab-acido-ascorbico-1000-mg-dr-simi.jpg,http://farmacia-andes.abc/products/importadas/prod-49553-vitamina-c-1000-mg-efev-sabor-limon-20-tab-acido-ascorbico-1000-mg-dr-simi.jpg,archivo_local_por_sku
prod-18017,Vitamina C 100 mg 100 comprimidos Valma (Ácido Ascorbico 100 mg),Cuidado familiar,/products/suero.svg,,placeholder_o_no_importable
prod-50001,Vitamina C 500 mg 60 cápsulas (Ácido Ascorbico 500 mg),Cuidado familiar,/products/suero.svg,,placeholder_o_no_importable
prod-49196,Vitamina C Frutos Rojos comprimidos 500 mg x 32 Valma (Ácido Ascorbico 500 mg),Cuidado familiar,/products/suero.svg,,placeholder_o_no_importable
prod-50175,Vitamina C Naranja comprimidos Eferv 1000 mg x 20 Springlif (Ácido Ascorbico 1000 mg),Cuidado familiar,/products/suero.svg,,placeholder_o_no_importable
prod-49490,Vitamina C Valma 100 mg 1 Un (Ácido Ascorbico 100 mg),Cuidado familiar,/products/suero.svg,,placeholder_o_no_importable
prod-49595,Vitamina D 3 800 UI 60 cápsulas,Cuidado familiar,/products/suero.svg,,placeholder_o_no_importable
prod-49894,Vitamina D 3 800 UI gotas,Cuidado familiar,/products/suero.svg,,placeholder_o_no_importable
prod-49584,Vitamina K 2 75 mcg 60 cápsulas,Cuidado familiar,/products/suero.svg,,placeholder_o_no_importable
prod-32802,Vitango 30 comprimidos recubiertos (Extracto Rhodiola Rosea 200 mg),Cuidado familiar,/products/suero.svg,,placeholder_o_no_importable
prod-49314,"Vitapovin Lata 10 g (Benzalconio Cloruro 1/1, Ox Zinc 1/1, Vitamina A 1/1)",Cuidado familiar,/products/importadas/prod-49314-vitapovin-lata-10-g-benzalconio-cloruro-1-1-ox-zinc-1-1-vitamina-a-1-1-dr-simi.jpg,http://farmacia-andes.abc/products/importadas/prod-49314-vitapovin-lata-10-g-benzalconio-cloruro-1-1-ox-zinc-1-1-vitamina-a-1-1-dr-simi.jpg,archivo_local_por_sku
prod-13359,"Viternum Vitaminado 125 ml (Ácido Ascorbico, Dihexazin, Nicotinamida, Vitaminas B)",Cuidado familiar,/products/suero.svg,,placeholder_o_no_importable
prod-27187,Vitis Cera Prot Ortod 2X 1,Dermocosmética,/products/crema.svg,,placeholder_o_no_importable
prod-17612,Vitis Encias Colutorio 500 ml,Dermocosmética,/products/crema.svg,,placeholder_o_no_importable
prod-17613,"Vitis Orthodontic Colutorio 500 ml (Cetilpiridinio, Fluoruro De Sodio, Provit B 5, Vitamina E)",Dermocosmética,/products/crema.svg,,placeholder_o_no_importable
prod-49518,"Vitomit 30 comprimidos recubiertos (Doxilamina 10 mg, Piridoxina 10 mg)",Cuidado familiar,/products/suero.svg,,placeholder_o_no_importable
prod-33422,"Vivera (Probioticos) 8 Sob (Lactobacillus Rhamnosus, Lactobacilos)",Medicamentos,/products/medicamentos/prod-33422-vivera-probioticos-8-sob-lactobacillus-rhamnosus-lactobacilos.jpg,http://farmacia-andes.abc/products/medicamentos/prod-33422-vivera-probioticos-8-sob-lactobacillus-rhamnosus-lactobacilos.jpg,archivo_local_por_sku
prod-40243,Vo 5 Gel Fijador 500 g,Dermocosmética,/products/crema.svg,,placeholder_o_no_importable
prod-46601,"Vonille Cd comprimidos recubiertos 28 (Etinilestradiol 0,03 mg, Levonorgestrel 0,15 mg)",Medicamentos,/products/medicamentos/prod-46601-vonille-cd-comprimidos-recubiertos-28-etinilestradiol-0-03-mg-levonorg.jpg,http://farmacia-andes.abc/products/medicamentos/prod-46601-vonille-cd-comprimidos-recubiertos-28-etinilestradiol-0-03-mg-levonorg.jpg,archivo_local_por_sku
prod-49565,Water Emubaby Toallas Humedas 80 Un,Higiene,/products/alcohol-gel.svg,,placeholder_o_no_importable
prod-50100,Wild Protein Chocolate Bitter 45 g 1 Un,Cuidado familiar,/products/showcase/wild-protein-chocolate-bitter-45g.jpg,http://farmacia-andes.abc/products/showcase/wild-protein-chocolate-bitter-45g.jpg,override_comun
prod-49462,Wild Soul Bar Maqui Y Chia 35 g,Cuidado familiar,/products/suero.svg,,placeholder_o_no_importable
prod-11808,Williams crema Af Lanolina 100 g,Dermocosmética,/products/crema.svg,,placeholder_o_no_importable
prod-2301,Williams crema Af Mentol 100 g,Dermocosmética,/products/crema.svg,,placeholder_o_no_importable
prod-14008,Winasorb jarabe 60 ml (Paracetamol 150 mg/5 ml),Medicamentos,/products/medicamentos/prod-14008-winasorb-jarabe-60-ml-paracetamol-150-mg-5-ml.jpg,http://farmacia-andes.abc/products/medicamentos/prod-14008-winasorb-jarabe-60-ml-paracetamol-150-mg-5-ml.jpg,archivo_local_por_sku
prod-49801,Woman Patch (Maver) 3 Un,Medicamentos,/products/medicamentos/prod-49801-woman-patch-maver-3-un.jpg,http://farmacia-andes.abc/products/medicamentos/prod-49801-woman-patch-maver-3-un.jpg,archivo_local_por_sku
prod-13875,"Xolof solución oftálmica 5 ml (Tobramicina 0,3%)",Medicamentos,/products/medicamentos/prod-13875-xolof-solucion-oftalmica-5-ml-tobramicina-0-3.jpg,http://farmacia-andes.abc/products/medicamentos/prod-13875-xolof-solucion-oftalmica-5-ml-tobramicina-0-3.jpg,archivo_local_por_sku
prod-21155,"Xolof ungüento Oft 0,3% 3,5 g (Tobramicina 0,3%)",Dermocosmética,/products/crema.svg,,placeholder_o_no_importable
prod-50144,"Xtreme Boost Hydration Limon 20 Tab Efervescentes (Glucosa 1/1, Minerales 1/1, Vitaminas 1/1)",Medicamentos,/products/receta.svg,,placeholder_o_no_importable
prod-49541,"Xtreme Boost Hydration, Mora 20 Tab",Medicamentos,/products/receta.svg,,placeholder_o_no_importable
prod-28186,Xumadol 1 g 20 comprimidos (Paracetamol 1000 mg),Medicamentos,/products/medicamentos/xumadol-1g-20comp.jpg,http://farmacia-andes.abc/products/medicamentos/xumadol-1g-20comp.jpg,override_json
prod-11701,Xumadol 1 g 20sobres (Paracetamol 1000 mg),Medicamentos,/products/receta.svg,,placeholder_o_no_importable
prod-39530,"Yes Gel Lubric Ice Int 55 ml (L-arginina 1 mg, Maca 1 mg, Yohimbina 1 mg)",Medicamentos,/products/receta.svg,,placeholder_o_no_importable
prod-28913,Yes Gel Lubric Sexual 30 ml,Medicamentos,/products/importadas/prod-28913-yes-gel-lubric-sexual-30-ml-dr-simi.jpg,http://farmacia-andes.abc/products/importadas/prod-28913-yes-gel-lubric-sexual-30-ml-dr-simi.jpg,archivo_local_por_sku
prod-43991,"Zabak solución oftálmica 0,025% 5 ml (Ketotifeno 0,025%)",Medicamentos,/products/receta.svg,,placeholder_o_no_importable
prod-11258,Zilfic 50 mg 2 comprimidos (Sildenafil 50 mg),Medicamentos,/products/receta.svg,,placeholder_o_no_importable
prod-17274,"Zincovit Plus jarabe 120 ml (Ácido Ascorbico 50 mg/5 ml, Colecalciferol 400 UI/1 ml, Vitamina A 3000 UI/5 ml, Vitamina E 10 UI/5 ml, Zinc 5 mg/5 ml)",Cuidado familiar,/products/suero.svg,,placeholder_o_no_importable
prod-48619,Zincovit solución 5 mg/ml 30 ml (Zinc 5 mg/1 ml),Cuidado familiar,/products/importadas/prod-48619-zincovit-solucion-5-mg-ml-30-ml-zinc-5-mg-1-ml-dr-simi.png,http://farmacia-andes.abc/products/importadas/prod-48619-zincovit-solucion-5-mg-ml-30-ml-zinc-5-mg-1-ml-dr-simi.png,archivo_local_por_sku
prod-37543,"Zopiclona 7,5 mg 30 comprimidos Mintlab",Medicamentos,/products/medicamentos/prod-37543-zopiclona-7-5-mg-30-comprimidos-mintlab.jpg,http://farmacia-andes.abc/products/medicamentos/prod-37543-zopiclona-7-5-mg-30-comprimidos-mintlab.jpg,archivo_local_por_sku
prod-27325,Zopinom 3 mg 30 comprimidos (Eszopiclona 3 mg),Medicamentos,/products/receta.svg,,placeholder_o_no_importable
prod-29790,"Zypred suspensión Oft 3 ml (Gatifloxacino 0,3%, Prednisolona Acetato 1%)",Medicamentos,/products/medicamentos/prod-29790-zypred-suspension-oft-3-ml-gatifloxacino-0-3-prednisolona-acetato-1.jpg,http://farmacia-andes.abc/products/medicamentos/prod-29790-zypred-suspension-oft-3-ml-gatifloxacino-0-3-prednisolona-acetato-1.jpg,archivo_local_por_sku
